filename,prediction
females\0.wav,1
females\1.wav,1
females\10.wav,1
females\100.wav,1
females\101.wav,1
females\102.wav,1
females\103.wav,1
females\104.wav,1
females\105.wav,1
females\106.wav,1
females\107.wav,1
females\108.wav,1
females\109.wav,1
females\11.wav,1
females\110.wav,1
females\111.wav,1
females\112.wav,1
females\113.wav,1
females\114.wav,1
females\115.wav,1
females\116.wav,1
females\117.wav,1
females\118.wav,1
females\119.wav,1
females\12.wav,1
females\120.wav,1
females\121.wav,1
females\122.wav,1
females\123.wav,1
females\124.wav,1
females\125.wav,1
females\126.wav,1
females\127.wav,1
females\128.wav,1
females\129.wav,1
females\13.wav,1
females\130.wav,1
females\131.wav,1
females\132.wav,1
females\133.wav,1
females\134.wav,1
females\135.wav,1
females\136.wav,1
females\137.wav,1
females\138.wav,1
females\139.wav,1
females\14.wav,1
females\140.wav,1
females\141.wav,1
females\142.wav,1
females\143.wav,1
females\144.wav,1
females\145.wav,1
females\146.wav,1
females\147.wav,1
females\148.wav,1
females\149.wav,1
females\15.wav,1
females\150.wav,1
females\151.wav,1
females\152.wav,1
females\153.wav,1
females\154.wav,1
females\155.wav,1
females\156.wav,1
females\157.wav,1
females\158.wav,1
females\159.wav,1
females\16.wav,1
females\160.wav,1
females\161.wav,1
females\162.wav,1
females\164.wav,1
females\165.wav,1
females\166.wav,1
females\167.wav,1
females\168.wav,1
females\169.wav,1
females\17.wav,1
females\170.wav,1
females\171.wav,1
females\172.wav,1
females\173.wav,1
females\174.wav,1
females\175.wav,1
females\176.wav,1
females\177.wav,1
females\178.wav,1
females\179.wav,1
females\18.wav,1
females\180.wav,1
females\181.wav,1
females\182.wav,1
females\183.wav,1
females\184.wav,1
females\185.wav,1
females\186.wav,1
females\187.wav,1
females\188.wav,1
females\189.wav,1
females\19.wav,1
females\190.wav,1
females\191.wav,1
females\192.wav,1
females\193.wav,1
females\194.wav,1
females\195.wav,1
females\196.wav,1
females\197.wav,1
females\198.wav,1
females\199.wav,1
females\2.wav,1
females\20.wav,1
females\200.wav,1
females\201.wav,1
females\202.wav,1
females\203.wav,1
females\204.wav,1
females\205.wav,1
females\206.wav,1
females\207.wav,1
females\208.wav,1
females\209.wav,1
females\21.wav,1
females\210.wav,1
females\211.wav,1
females\212.wav,1
females\213.wav,1
females\214.wav,1
females\215.wav,1
females\216.wav,1
females\217.wav,1
females\218.wav,1
females\219.wav,1
females\22.wav,1
females\220.wav,1
females\221.wav,1
females\222.wav,1
females\223.wav,1
females\224.wav,1
females\225.wav,1
females\226.wav,1
females\227.wav,1
females\228.wav,1
females\229.wav,1
females\23.wav,1
females\230.wav,1
females\231.wav,1
females\232.wav,1
females\233.wav,1
females\234.wav,1
females\235.wav,1
females\236.wav,1
females\237.wav,1
females\238.wav,1
females\239.wav,1
females\24.wav,1
females\240.wav,1
females\241.wav,1
females\242.wav,1
females\243.wav,1
females\244.wav,1
females\245.wav,1
females\246.wav,1
females\247.wav,1
females\248.wav,1
females\249.wav,1
females\25.wav,1
females\250.wav,1
females\251.wav,1
females\252.wav,1
females\253.wav,1
females\254.wav,1
females\255.wav,1
females\256.wav,1
females\257.wav,1
females\258.wav,1
females\259.wav,1
females\26.wav,1
females\260.wav,1
females\261.wav,1
females\262.wav,1
females\263.wav,1
females\264.wav,1
females\265.wav,1
females\266.wav,1
females\267.wav,1
females\268.wav,1
females\269.wav,1
females\27.wav,1
females\270.wav,1
females\271.wav,1
females\272.wav,1
females\273.wav,1
females\274.wav,1
females\275.wav,1
females\276.wav,1
females\277.wav,1
females\278.wav,1
females\279.wav,1
females\28.wav,1
females\280.wav,1
females\281.wav,1
females\282.wav,1
females\283.wav,1
females\284.wav,1
females\285.wav,1
females\286.wav,1
females\287.wav,1
females\288.wav,1
females\289.wav,1
females\29.wav,1
females\290.wav,1
females\291.wav,1
females\292.wav,1
females\293.wav,1
females\294.wav,1
females\295.wav,1
females\296.wav,1
females\297.wav,1
females\298.wav,1
females\299.wav,1
females\3.wav,1
females\30.wav,1
females\300.wav,1
females\301.wav,1
females\302.wav,1
females\303.wav,1
females\304.wav,1
females\305.wav,1
females\306.wav,1
females\307.wav,1
females\308.wav,1
females\309.wav,1
females\31.wav,1
females\310.wav,1
females\311.wav,1
females\312.wav,1
females\313.wav,1
females\314.wav,1
females\315.wav,1
females\316.wav,1
females\317.wav,1
females\318.wav,1
females\319.wav,1
females\32.wav,1
females\320.wav,1
females\321.wav,1
females\322.wav,1
females\323.wav,1
females\324.wav,1
females\325.wav,1
females\326.wav,1
females\327.wav,1
females\328.wav,1
females\329.wav,1
females\33.wav,1
females\330.wav,1
females\331.wav,1
females\332.wav,1
females\333.wav,1
females\334.wav,1
females\335.wav,1
females\336.wav,1
females\337.wav,1
females\338.wav,1
females\339.wav,1
females\34.wav,1
females\340.wav,1
females\341.wav,1
females\342.wav,1
females\343.wav,1
females\344.wav,1
females\345.wav,1
females\346.wav,1
females\347.wav,1
females\348.wav,1
females\349.wav,1
females\35.wav,1
females\350.wav,1
females\351.wav,1
females\352.wav,1
females\353.wav,1
females\354.wav,1
females\355.wav,1
females\356.wav,1
females\357.wav,1
females\358.wav,1
females\359.wav,1
females\36.wav,1
females\360.wav,1
females\361.wav,1
females\362.wav,1
females\363.wav,1
females\364.wav,1
females\365.wav,1
females\366.wav,1
females\367.wav,1
females\368.wav,1
females\369.wav,1
females\37.wav,1
females\370.wav,1
females\371.wav,1
females\372.wav,1
females\373.wav,1
females\374.wav,1
females\375.wav,1
females\376.wav,1
females\377.wav,1
females\378.wav,1
females\379.wav,1
females\38.wav,1
females\380.wav,1
females\381.wav,1
females\382.wav,1
females\383.wav,1
females\384.wav,1
females\385.wav,1
females\386.wav,1
females\387.wav,1
females\388.wav,1
females\389.wav,1
females\39.wav,1
females\390.wav,1
females\391.wav,1
females\392.wav,1
females\393.wav,1
females\394.wav,1
females\395.wav,1
females\396.wav,1
females\397.wav,1
females\398.wav,1
females\399.wav,1
females\4.wav,1
females\40.wav,1
females\400.wav,1
females\401.wav,1
females\402.wav,1
females\403.wav,1
females\404.wav,1
females\405.wav,1
females\406.wav,1
females\407.wav,1
females\408.wav,1
females\409.wav,1
females\41.wav,1
females\410.wav,1
females\411.wav,1
females\412.wav,1
females\413.wav,1
females\414.wav,1
females\415.wav,1
females\416.wav,1
females\417.wav,1
females\418.wav,1
females\419.wav,1
females\42.wav,1
females\420.wav,1
females\421.wav,1
females\422.wav,1
females\423.wav,1
females\424.wav,1
females\425.wav,1
females\426.wav,1
females\427.wav,1
females\428.wav,1
females\429.wav,1
females\43.wav,1
females\430.wav,1
females\431.wav,1
females\432.wav,1
females\433.wav,1
females\434.wav,1
females\435.wav,1
females\436.wav,1
females\437.wav,1
females\438.wav,1
females\439.wav,1
females\44.wav,1
females\440.wav,1
females\441.wav,1
females\442.wav,1
females\443.wav,1
females\444.wav,1
females\445.wav,1
females\446.wav,1
females\447.wav,1
females\448.wav,1
females\449.wav,1
females\45.wav,1
females\450.wav,1
females\451.wav,1
females\452.wav,1
females\453.wav,1
females\454.wav,1
females\455.wav,1
females\456.wav,1
females\457.wav,1
females\458.wav,1
females\459.wav,1
females\46.wav,1
females\460.wav,1
females\461.wav,1
females\462.wav,1
females\463.wav,1
females\464.wav,1
females\465.wav,1
females\466.wav,1
females\467.wav,1
females\468.wav,1
females\469.wav,1
females\47.wav,1
females\470.wav,1
females\471.wav,1
females\472.wav,1
females\473.wav,1
females\474.wav,1
females\475.wav,1
females\476.wav,1
females\477.wav,1
females\478.wav,1
females\479.wav,1
females\48.wav,1
females\480.wav,1
females\481.wav,1
females\482.wav,1
females\483.wav,1
females\484.wav,1
females\485.wav,1
females\486.wav,1
females\487.wav,1
females\488.wav,1
females\489.wav,1
females\49.wav,1
females\490.wav,1
females\491.wav,1
females\492.wav,1
females\493.wav,1
females\494.wav,1
females\495.wav,1
females\496.wav,1
females\497.wav,1
females\498.wav,1
females\499.wav,1
females\5.wav,1
females\50.wav,1
females\500.wav,1
females\501.wav,1
females\502.wav,1
females\503.wav,1
females\504.wav,1
females\505.wav,1
females\506.wav,1
females\507.wav,1
females\508.wav,1
females\509.wav,1
females\51.wav,1
females\510.wav,1
females\511.wav,1
females\512.wav,1
females\513.wav,1
females\514.wav,1
females\515.wav,1
females\516.wav,1
females\517.wav,1
females\518.wav,1
females\519.wav,1
females\52.wav,1
females\520.wav,1
females\521.wav,1
females\522.wav,1
females\523.wav,1
females\524.wav,1
females\525.wav,1
females\526.wav,1
females\527.wav,1
females\528.wav,1
females\529.wav,1
females\53.wav,1
females\530.wav,1
females\531.wav,1
females\532.wav,1
females\533.wav,1
females\534.wav,1
females\535.wav,1
females\536.wav,1
females\537.wav,1
females\538.wav,1
females\539.wav,1
females\54.wav,1
females\540.wav,1
females\541.wav,1
females\542.wav,1
females\543.wav,1
females\544.wav,1
females\545.wav,1
females\546.wav,1
females\547.wav,1
females\548.wav,1
females\549.wav,1
females\55.wav,1
females\550.wav,1
females\551.wav,1
females\552.wav,1
females\553.wav,1
females\554.wav,1
females\555.wav,1
females\556.wav,1
females\557.wav,1
females\558.wav,1
females\559.wav,1
females\56.wav,1
females\560.wav,1
females\561.wav,1
females\562.wav,1
females\563.wav,1
females\564.wav,1
females\565.wav,1
females\566.wav,1
females\567.wav,1
females\568.wav,1
females\569.wav,1
females\57.wav,1
females\570.wav,1
females\571.wav,1
females\572.wav,1
females\573.wav,1
females\574.wav,1
females\575.wav,1
females\576.wav,1
females\577.wav,1
females\578.wav,1
females\579.wav,1
females\58.wav,1
females\580.wav,1
females\581.wav,1
females\582.wav,1
females\583.wav,1
females\584.wav,1
females\585.wav,1
females\586.wav,1
females\587.wav,1
females\588.wav,1
females\589.wav,1
females\59.wav,1
females\590.wav,1
females\591.wav,1
females\592.wav,1
females\593.wav,1
females\594.wav,1
females\595.wav,1
females\596.wav,1
females\597.wav,1
females\598.wav,1
females\599.wav,1
females\6.wav,1
females\60.wav,1
females\600.wav,1
females\601.wav,1
females\602.wav,1
females\603.wav,1
females\604.wav,1
females\605.wav,1
females\606.wav,1
females\607.wav,1
females\608.wav,1
females\609.wav,1
females\61.wav,1
females\610.wav,1
females\611.wav,1
females\612.wav,1
females\613.wav,1
females\614.wav,1
females\615.wav,1
females\616.wav,1
females\617.wav,1
females\618.wav,1
females\619.wav,1
females\62.wav,1
females\620.wav,1
females\621.wav,1
females\622.wav,1
females\623.wav,1
females\624.wav,1
females\625.wav,1
females\626.wav,1
females\627.wav,1
females\628.wav,1
females\629.wav,1
females\63.wav,1
females\630.wav,1
females\631.wav,1
females\632.wav,1
females\633.wav,1
females\634.wav,1
females\635.wav,1
females\636.wav,1
females\637.wav,1
females\638.wav,1
females\639.wav,1
females\64.wav,1
females\640.wav,1
females\641.wav,1
females\642.wav,1
females\643.wav,1
females\644.wav,1
females\645.wav,1
females\646.wav,1
females\647.wav,1
females\648.wav,1
females\649.wav,1
females\65.wav,1
females\650.wav,1
females\651.wav,1
females\652.wav,1
females\653.wav,1
females\654.wav,1
females\655.wav,1
females\656.wav,1
females\657.wav,1
females\658.wav,1
females\659.wav,1
females\66.wav,1
females\660.wav,1
females\661.wav,1
females\662.wav,1
females\663.wav,1
females\664.wav,1
females\665.wav,1
females\666.wav,1
females\667.wav,1
females\668.wav,1
females\669.wav,1
females\67.wav,1
females\670.wav,1
females\671.wav,1
females\672.wav,1
females\673.wav,1
females\674.wav,1
females\675.wav,1
females\676.wav,1
females\677.wav,1
females\678.wav,1
females\679.wav,1
females\68.wav,1
females\680.wav,1
females\681.wav,1
females\682.wav,1
females\683.wav,1
females\684.wav,1
females\685.wav,1
females\686.wav,1
females\687.wav,1
females\688.wav,1
females\689.wav,1
females\69.wav,1
females\690.wav,1
females\691.wav,1
females\692.wav,1
females\693.wav,1
females\694.wav,1
females\695.wav,1
females\696.wav,1
females\697.wav,1
females\698.wav,1
females\699.wav,1
females\7.wav,1
females\70.wav,1
females\700.wav,1
females\701.wav,1
females\702.wav,1
females\703.wav,1
females\704.wav,1
females\705.wav,1
females\706.wav,1
females\707.wav,1
females\708.wav,1
females\709.wav,1
females\71.wav,1
females\710.wav,1
females\711.wav,1
females\712.wav,1
females\713.wav,1
females\714.wav,1
females\715.wav,1
females\716.wav,1
females\717.wav,1
females\718.wav,1
females\719.wav,1
females\72.wav,1
females\720.wav,1
females\721.wav,1
females\722.wav,1
females\723.wav,1
females\724.wav,1
females\725.wav,1
females\726.wav,1
females\727.wav,1
females\728.wav,1
females\729.wav,1
females\73.wav,1
females\730.wav,1
females\731.wav,1
females\732.wav,1
females\733.wav,1
females\734.wav,1
females\735.wav,1
females\736.wav,1
females\737.wav,1
females\738.wav,1
females\739.wav,1
females\74.wav,1
females\740.wav,1
females\741.wav,1
females\742.wav,1
females\743.wav,1
females\744.wav,1
females\745.wav,1
females\746.wav,1
females\747.wav,1
females\748.wav,1
females\749.wav,1
females\75.wav,1
females\750.wav,1
females\751.wav,1
females\752.wav,1
females\753.wav,1
females\754.wav,1
females\755.wav,1
females\756.wav,1
females\757.wav,1
females\758.wav,1
females\759.wav,1
females\76.wav,1
females\760.wav,1
females\761.wav,1
females\762.wav,1
females\763.wav,1
females\764.wav,1
females\765.wav,1
females\766.wav,1
females\767.wav,1
females\768.wav,1
females\769.wav,1
females\77.wav,1
females\770.wav,1
females\771.wav,1
females\772.wav,1
females\773.wav,1
females\774.wav,1
females\775.wav,1
females\776.wav,1
females\777.wav,1
females\778.wav,1
females\779.wav,1
females\78.wav,1
females\780.wav,1
females\781.wav,1
females\782.wav,1
females\783.wav,1
females\784.wav,1
females\785.wav,1
females\786.wav,1
females\787.wav,1
females\788.wav,1
females\789.wav,1
females\79.wav,1
females\790.wav,1
females\791.wav,1
females\792.wav,1
females\793.wav,1
females\794.wav,1
females\795.wav,1
females\796.wav,1
females\797.wav,1
females\798.wav,1
females\799.wav,1
females\8.wav,1
females\80.wav,1
females\800.wav,1
females\801.wav,1
females\802.wav,1
females\803.wav,1
females\804.wav,1
females\805.wav,1
females\806.wav,1
females\807.wav,1
females\808.wav,1
females\809.wav,1
females\81.wav,1
females\810.wav,1
females\811.wav,1
females\812.wav,1
females\813.wav,1
females\814.wav,1
females\815.wav,1
females\816.wav,1
females\817.wav,1
females\818.wav,1
females\819.wav,1
females\82.wav,1
females\820.wav,1
females\821.wav,1
females\822.wav,1
females\823.wav,1
females\824.wav,1
females\825.wav,1
females\826.wav,1
females\827.wav,1
females\828.wav,1
females\829.wav,1
females\83.wav,1
females\830.wav,1
females\831.wav,1
females\832.wav,1
females\833.wav,1
females\834.wav,1
females\835.wav,1
females\836.wav,1
females\837.wav,1
females\838.wav,1
females\839.wav,1
females\84.wav,1
females\840.wav,1
females\841.wav,1
females\842.wav,1
females\843.wav,1
females\844.wav,1
females\845.wav,1
females\846.wav,1
females\847.wav,1
females\848.wav,1
females\849.wav,1
females\85.wav,1
females\86.wav,1
females\87.wav,1
females\88.wav,1
females\89.wav,1
females\9.wav,1
females\90.wav,1
females\91.wav,1
females\92.wav,1
females\93.wav,1
females\94.wav,1
females\95.wav,1
females\96.wav,1
females\97.wav,1
females\98.wav,1
females\99.wav,1
males\0.wav,1
males\1.wav,1
males\10.wav,1
males\100.wav,1
males\101.wav,1
males\102.wav,1
males\103.wav,1
males\104.wav,1
males\105.wav,1
males\106.wav,1
males\107.wav,1
males\108.wav,1
males\109.wav,1
males\11.wav,1
males\110.wav,1
males\111.wav,1
males\112.wav,1
males\113.wav,1
males\114.wav,1
males\115.wav,1
males\116.wav,1
males\117.wav,1
males\118.wav,1
males\119.wav,1
males\12.wav,1
males\120.wav,1
males\121.wav,1
males\122.wav,1
males\123.wav,1
males\124.wav,1
males\125.wav,1
males\126.wav,1
males\127.wav,1
males\128.wav,1
males\129.wav,1
males\13.wav,1
males\130.wav,1
males\131.wav,1
males\132.wav,1
males\133.wav,1
males\134.wav,1
males\135.wav,1
males\136.wav,1
males\137.wav,1
males\138.wav,1
males\139.wav,1
males\14.wav,1
males\140.wav,1
males\141.wav,1
males\142.wav,1
males\143.wav,1
males\144.wav,1
males\145.wav,1
males\146.wav,1
males\147.wav,1
males\148.wav,1
males\149.wav,1
males\15.wav,1
males\150.wav,1
males\151.wav,1
males\152.wav,1
males\153.wav,1
males\154.wav,1
males\155.wav,1
males\156.wav,1
males\157.wav,1
males\158.wav,1
males\159.wav,1
males\16.wav,1
males\160.wav,1
males\161.wav,1
males\162.wav,1
males\163.wav,1
males\164.wav,1
males\165.wav,1
males\166.wav,1
males\167.wav,1
males\168.wav,1
males\169.wav,1
males\17.wav,1
males\170.wav,1
males\171.wav,1
males\172.wav,1
males\173.wav,1
males\174.wav,1
males\175.wav,1
males\176.wav,1
males\177.wav,1
males\178.wav,1
males\179.wav,1
males\18.wav,1
males\180.wav,1
males\181.wav,1
males\182.wav,1
males\183.wav,1
males\184.wav,1
males\185.wav,1
males\186.wav,1
males\187.wav,1
males\188.wav,1
males\189.wav,1
males\19.wav,1
males\190.wav,1
males\191.wav,1
males\192.wav,1
males\193.wav,1
males\194.wav,1
males\195.wav,1
males\196.wav,1
males\197.wav,1
males\198.wav,1
males\199.wav,1
males\2.wav,1
males\20.wav,1
males\200.wav,1
males\201.wav,1
males\202.wav,1
males\203.wav,1
males\204.wav,1
males\205.wav,1
males\206.wav,1
males\207.wav,1
males\208.wav,1
males\209.wav,1
males\21.wav,1
males\210.wav,1
males\211.wav,1
males\212.wav,1
males\213.wav,1
males\214.wav,1
males\215.wav,1
males\216.wav,1
males\217.wav,1
males\218.wav,1
males\219.wav,1
males\22.wav,1
males\220.wav,1
males\221.wav,1
males\222.wav,1
males\223.wav,1
males\224.wav,1
males\225.wav,1
males\226.wav,1
males\227.wav,1
males\228.wav,1
males\229.wav,1
males\23.wav,1
males\230.wav,1
males\231.wav,1
males\233.wav,1
males\234.wav,1
males\235.wav,1
males\236.wav,1
males\237.wav,1
males\238.wav,1
males\239.wav,1
males\24.wav,1
males\240.wav,1
males\241.wav,1
males\242.wav,1
males\243.wav,1
males\244.wav,1
males\245.wav,1
males\246.wav,1
males\247.wav,1
males\248.wav,1
males\249.wav,1
males\25.wav,1
males\250.wav,1
males\251.wav,1
males\252.wav,1
males\253.wav,1
males\254.wav,1
males\255.wav,1
males\256.wav,1
males\257.wav,1
males\258.wav,1
males\259.wav,1
males\26.wav,1
males\260.wav,1
males\261.wav,1
males\262.wav,1
males\263.wav,1
males\264.wav,1
males\265.wav,1
males\266.wav,1
males\267.wav,1
males\268.wav,1
males\269.wav,1
males\27.wav,1
males\270.wav,1
males\271.wav,1
males\272.wav,1
males\273.wav,1
males\274.wav,1
males\275.wav,1
males\276.wav,1
males\277.wav,1
males\278.wav,1
males\279.wav,1
males\28.wav,1
males\280.wav,1
males\281.wav,1
males\282.wav,1
males\283.wav,1
males\284.wav,1
males\285.wav,1
males\286.wav,1
males\287.wav,1
males\288.wav,1
males\289.wav,1
males\29.wav,1
males\290.wav,1
males\291.wav,1
males\292.wav,1
males\293.wav,1
males\294.wav,1
males\295.wav,1
males\296.wav,1
males\297.wav,1
males\298.wav,1
males\299.wav,1
males\3.wav,1
males\30.wav,1
males\300.wav,1
males\301.wav,1
males\302.wav,1
males\303.wav,1
males\304.wav,1
males\305.wav,1
males\306.wav,1
males\307.wav,1
males\308.wav,1
males\309.wav,1
males\31.wav,1
males\310.wav,1
males\311.wav,1
males\312.wav,1
males\313.wav,1
males\314.wav,1
males\315.wav,1
males\316.wav,1
males\317.wav,1
males\318.wav,1
males\319.wav,1
males\32.wav,1
males\320.wav,1
males\321.wav,1
males\322.wav,1
males\323.wav,1
males\324.wav,1
males\325.wav,1
males\326.wav,1
males\327.wav,1
males\328.wav,1
males\329.wav,1
males\33.wav,1
males\330.wav,1
males\331.wav,1
males\332.wav,1
males\333.wav,1
males\334.wav,1
males\335.wav,1
males\336.wav,1
males\337.wav,1
males\338.wav,1
males\339.wav,1
males\34.wav,1
males\340.wav,1
males\341.wav,1
males\342.wav,1
males\343.wav,1
males\344.wav,1
males\345.wav,1
males\346.wav,1
males\347.wav,1
males\348.wav,1
males\349.wav,1
males\35.wav,1
males\350.wav,1
males\351.wav,1
males\352.wav,1
males\353.wav,1
males\354.wav,1
males\355.wav,1
males\356.wav,1
males\357.wav,1
males\358.wav,1
males\359.wav,1
males\36.wav,1
males\360.wav,1
males\361.wav,1
males\362.wav,1
males\363.wav,1
males\364.wav,1
males\365.wav,1
males\366.wav,1
males\367.wav,1
males\368.wav,1
males\369.wav,1
males\37.wav,1
males\370.wav,1
males\371.wav,1
males\372.wav,1
males\373.wav,1
males\374.wav,1
males\375.wav,1
males\376.wav,1
males\377.wav,1
males\378.wav,1
males\379.wav,1
males\38.wav,1
males\380.wav,1
males\381.wav,1
males\382.wav,1
males\383.wav,1
males\384.wav,1
males\385.wav,1
males\386.wav,1
males\387.wav,1
males\388.wav,1
males\389.wav,1
males\39.wav,1
males\390.wav,1
males\391.wav,1
males\392.wav,1
males\393.wav,1
males\394.wav,1
males\395.wav,1
males\396.wav,1
males\397.wav,1
males\398.wav,1
males\399.wav,1
males\4.wav,1
males\40.wav,1
males\400.wav,1
males\401.wav,1
males\402.wav,1
males\403.wav,1
males\404.wav,1
males\405.wav,1
males\406.wav,1
males\407.wav,1
males\408.wav,1
males\409.wav,1
males\41.wav,1
males\410.wav,1
males\411.wav,1
males\412.wav,1
males\413.wav,1
males\414.wav,1
males\415.wav,1
males\416.wav,1
males\417.wav,1
males\418.wav,1
males\419.wav,1
males\42.wav,1
males\420.wav,1
males\421.wav,1
males\422.wav,1
males\423.wav,1
males\424.wav,1
males\425.wav,1
males\426.wav,1
males\427.wav,1
males\428.wav,1
males\429.wav,1
males\43.wav,1
males\430.wav,1
males\431.wav,1
males\432.wav,1
males\433.wav,1
males\434.wav,1
males\435.wav,1
males\436.wav,1
males\437.wav,1
males\438.wav,1
males\439.wav,1
males\44.wav,1
males\440.wav,1
males\441.wav,1
males\442.wav,1
males\443.wav,1
males\444.wav,1
males\445.wav,1
males\446.wav,1
males\447.wav,1
males\448.wav,1
males\449.wav,1
males\45.wav,1
males\450.wav,1
males\451.wav,1
males\452.wav,1
males\453.wav,1
males\454.wav,1
males\455.wav,1
males\456.wav,1
males\457.wav,1
males\458.wav,1
males\459.wav,1
males\46.wav,1
males\460.wav,1
males\461.wav,1
males\462.wav,1
males\463.wav,1
males\464.wav,1
males\465.wav,1
males\466.wav,1
males\467.wav,1
males\468.wav,1
males\469.wav,1
males\47.wav,1
males\470.wav,1
males\471.wav,1
males\472.wav,1
males\473.wav,1
males\474.wav,1
males\475.wav,1
males\476.wav,1
males\477.wav,1
males\478.wav,1
males\479.wav,1
males\48.wav,1
males\480.wav,1
males\481.wav,1
males\482.wav,1
males\483.wav,1
males\484.wav,1
males\485.wav,1
males\486.wav,1
males\487.wav,1
males\488.wav,1
males\489.wav,1
males\49.wav,1
males\490.wav,1
males\491.wav,1
males\492.wav,1
males\493.wav,1
males\494.wav,1
males\495.wav,1
males\496.wav,1
males\497.wav,1
males\498.wav,1
males\499.wav,1
males\5.wav,1
males\50.wav,1
males\500.wav,1
males\501.wav,1
males\502.wav,1
males\503.wav,1
males\504.wav,1
males\505.wav,1
males\506.wav,1
males\507.wav,1
males\508.wav,1
males\509.wav,1
males\51.wav,1
males\510.wav,1
males\511.wav,1
males\512.wav,1
males\513.wav,1
males\514.wav,1
males\515.wav,1
males\516.wav,1
males\517.wav,1
males\518.wav,1
males\519.wav,1
males\52.wav,1
males\520.wav,1
males\521.wav,1
males\522.wav,1
males\523.wav,1
males\524.wav,1
males\525.wav,1
males\526.wav,1
males\527.wav,1
males\528.wav,1
males\529.wav,1
males\53.wav,1
males\530.wav,1
males\531.wav,1
males\532.wav,1
males\533.wav,1
males\534.wav,1
males\535.wav,1
males\536.wav,1
males\537.wav,1
males\538.wav,1
males\539.wav,1
males\54.wav,1
males\540.wav,1
males\541.wav,1
males\542.wav,1
males\543.wav,1
males\544.wav,1
males\545.wav,1
males\546.wav,1
males\547.wav,1
males\548.wav,1
males\549.wav,1
males\55.wav,1
males\550.wav,1
males\551.wav,1
males\552.wav,1
males\553.wav,1
males\554.wav,1
males\555.wav,1
males\556.wav,1
males\557.wav,1
males\558.wav,1
males\559.wav,1
males\56.wav,1
males\560.wav,1
males\561.wav,1
males\562.wav,1
males\563.wav,1
males\564.wav,1
males\565.wav,1
males\566.wav,1
males\567.wav,1
males\568.wav,1
males\569.wav,1
males\57.wav,1
males\570.wav,1
males\571.wav,1
males\572.wav,1
males\573.wav,1
males\574.wav,1
males\575.wav,1
males\576.wav,1
males\577.wav,1
males\578.wav,1
males\579.wav,1
males\58.wav,1
males\580.wav,1
males\581.wav,1
males\582.wav,1
males\583.wav,1
males\584.wav,1
males\585.wav,1
males\586.wav,1
males\587.wav,1
males\588.wav,1
males\589.wav,1
males\59.wav,1
males\590.wav,1
males\591.wav,1
males\592.wav,1
males\593.wav,1
males\594.wav,1
males\595.wav,1
males\596.wav,1
males\597.wav,1
males\598.wav,1
males\599.wav,1
males\6.wav,1
males\60.wav,1
males\600.wav,1
males\601.wav,1
males\602.wav,1
males\603.wav,1
males\604.wav,1
males\605.wav,1
males\606.wav,1
males\607.wav,1
males\608.wav,1
males\609.wav,1
males\61.wav,1
males\610.wav,1
males\611.wav,1
males\612.wav,1
males\613.wav,1
males\614.wav,1
males\615.wav,1
males\616.wav,1
males\617.wav,1
males\618.wav,1
males\619.wav,1
males\62.wav,1
males\620.wav,1
males\621.wav,1
males\622.wav,1
males\623.wav,1
males\624.wav,1
males\625.wav,1
males\626.wav,1
males\627.wav,1
males\628.wav,1
males\629.wav,1
males\63.wav,1
males\630.wav,1
males\631.wav,1
males\632.wav,1
males\633.wav,1
males\634.wav,1
males\635.wav,1
males\636.wav,1
males\637.wav,1
males\638.wav,1
males\639.wav,1
males\64.wav,1
males\640.wav,1
males\641.wav,1
males\642.wav,1
males\643.wav,1
males\644.wav,1
males\645.wav,1
males\646.wav,1
males\647.wav,1
males\648.wav,1
males\649.wav,1
males\65.wav,1
males\650.wav,1
males\651.wav,1
males\652.wav,1
males\653.wav,1
males\654.wav,1
males\655.wav,1
males\656.wav,1
males\657.wav,1
males\658.wav,1
males\659.wav,1
males\66.wav,1
males\660.wav,1
males\661.wav,1
males\662.wav,1
males\663.wav,1
males\664.wav,1
males\665.wav,1
males\666.wav,1
males\667.wav,1
males\668.wav,1
males\669.wav,1
males\67.wav,1
males\670.wav,1
males\671.wav,1
males\672.wav,1
males\673.wav,1
males\674.wav,1
males\675.wav,1
males\676.wav,1
males\677.wav,1
males\678.wav,1
males\679.wav,1
males\68.wav,1
males\680.wav,1
males\681.wav,1
males\682.wav,1
males\683.wav,1
males\684.wav,1
males\685.wav,1
males\686.wav,1
males\687.wav,1
males\688.wav,1
males\689.wav,1
males\69.wav,1
males\690.wav,1
males\691.wav,1
males\692.wav,1
males\693.wav,1
males\694.wav,1
males\695.wav,1
males\696.wav,1
males\697.wav,1
males\698.wav,1
males\699.wav,1
males\7.wav,1
males\70.wav,1
males\700.wav,1
males\701.wav,1
males\702.wav,1
males\703.wav,1
males\704.wav,1
males\705.wav,1
males\706.wav,1
males\707.wav,1
males\708.wav,1
males\709.wav,1
males\71.wav,1
males\710.wav,1
males\711.wav,1
males\712.wav,1
males\713.wav,1
males\714.wav,1
males\715.wav,1
males\716.wav,1
males\717.wav,1
males\718.wav,1
males\719.wav,1
males\72.wav,1
males\720.wav,1
males\721.wav,1
males\722.wav,1
males\723.wav,1
males\724.wav,1
males\725.wav,1
males\726.wav,1
males\727.wav,1
males\728.wav,1
males\729.wav,1
males\73.wav,1
males\730.wav,1
males\731.wav,1
males\732.wav,1
males\733.wav,1
males\734.wav,1
males\735.wav,1
males\736.wav,1
males\737.wav,1
males\738.wav,1
males\739.wav,1
males\74.wav,1
males\740.wav,1
males\741.wav,1
males\742.wav,1
males\743.wav,1
males\744.wav,1
males\745.wav,1
males\746.wav,1
males\747.wav,1
males\748.wav,1
males\749.wav,1
males\75.wav,1
males\750.wav,1
males\751.wav,1
males\752.wav,1
males\753.wav,1
males\754.wav,1
males\755.wav,1
males\756.wav,1
males\757.wav,1
males\758.wav,1
males\759.wav,1
males\76.wav,1
males\760.wav,1
males\761.wav,1
males\762.wav,1
males\763.wav,1
males\764.wav,1
males\765.wav,1
males\766.wav,1
males\767.wav,1
males\768.wav,1
males\769.wav,1
males\77.wav,1
males\770.wav,1
males\771.wav,1
males\772.wav,1
males\773.wav,1
males\774.wav,1
males\775.wav,1
males\776.wav,1
males\777.wav,1
males\778.wav,1
males\779.wav,1
males\78.wav,1
males\780.wav,1
males\781.wav,1
males\782.wav,1
males\783.wav,1
males\784.wav,1
males\785.wav,1
males\786.wav,1
males\787.wav,1
males\788.wav,1
males\789.wav,1
males\79.wav,1
males\790.wav,1
males\791.wav,1
males\792.wav,1
males\793.wav,1
males\794.wav,1
males\795.wav,1
males\796.wav,1
males\797.wav,1
males\798.wav,1
males\799.wav,1
males\8.wav,1
males\80.wav,1
males\800.wav,1
males\801.wav,1
males\802.wav,1
males\803.wav,1
males\804.wav,1
males\805.wav,1
males\806.wav,1
males\807.wav,1
males\808.wav,1
males\809.wav,1
males\81.wav,1
males\810.wav,1
males\811.wav,1
males\812.wav,1
males\813.wav,1
males\814.wav,1
males\815.wav,1
males\816.wav,1
males\817.wav,1
males\818.wav,1
males\819.wav,1
males\82.wav,1
males\820.wav,1
males\821.wav,1
males\822.wav,1
males\823.wav,1
males\824.wav,1
males\825.wav,1
males\826.wav,1
males\827.wav,1
males\828.wav,1
males\829.wav,1
males\83.wav,1
males\830.wav,1
males\831.wav,1
males\832.wav,1
males\833.wav,1
males\834.wav,1
males\835.wav,1
males\836.wav,1
males\837.wav,1
males\838.wav,1
males\839.wav,1
males\84.wav,1
males\840.wav,1
males\841.wav,1
males\842.wav,1
males\843.wav,1
males\844.wav,1
males\845.wav,1
males\846.wav,1
males\847.wav,1
males\848.wav,1
males\849.wav,1
males\85.wav,1
males\850.wav,1
males\851.wav,1
males\852.wav,1
males\853.wav,1
males\854.wav,1
males\855.wav,1
males\856.wav,1
males\857.wav,1
males\858.wav,1
males\859.wav,1
males\86.wav,1
males\860.wav,1
males\861.wav,1
males\862.wav,1
males\863.wav,1
males\864.wav,1
males\865.wav,1
males\866.wav,1
males\867.wav,1
males\868.wav,1
males\869.wav,1
males\87.wav,1
males\870.wav,1
males\871.wav,1
males\872.wav,1
males\873.wav,1
males\874.wav,1
males\875.wav,1
males\876.wav,1
males\877.wav,1
males\878.wav,1
males\879.wav,1
males\88.wav,1
males\880.wav,1
males\881.wav,1
males\882.wav,1
males\883.wav,1
males\884.wav,1
males\885.wav,1
males\886.wav,1
males\887.wav,1
males\888.wav,1
males\889.wav,1
males\89.wav,1
males\890.wav,1
males\891.wav,1
males\892.wav,1
males\893.wav,1
males\894.wav,1
males\895.wav,1
males\896.wav,1
males\897.wav,1
males\898.wav,1
males\899.wav,1
males\9.wav,1
males\90.wav,1
males\900.wav,1
males\901.wav,1
males\902.wav,1
males\903.wav,1
males\904.wav,1
males\905.wav,1
males\906.wav,1
males\907.wav,1
males\908.wav,1
males\909.wav,1
males\91.wav,1
males\910.wav,1
males\911.wav,1
males\912.wav,1
males\913.wav,1
males\914.wav,1
males\915.wav,1
males\916.wav,1
males\917.wav,1
males\918.wav,1
males\919.wav,1
males\92.wav,1
males\920.wav,1
males\921.wav,1
males\922.wav,1
males\923.wav,1
males\924.wav,1
males\925.wav,1
males\926.wav,1
males\927.wav,1
males\928.wav,1
males\929.wav,1
males\93.wav,1
males\930.wav,1
males\931.wav,1
males\932.wav,1
males\933.wav,1
males\934.wav,1
males\935.wav,1
males\936.wav,1
males\937.wav,1
males\938.wav,1
males\939.wav,1
males\94.wav,1
males\940.wav,1
males\941.wav,1
males\942.wav,1
males\943.wav,1
males\944.wav,1
males\945.wav,1
males\946.wav,1
males\947.wav,1
males\948.wav,1
males\949.wav,1
males\95.wav,1
males\950.wav,1
males\951.wav,1
males\952.wav,1
males\953.wav,1
males\954.wav,1
males\955.wav,1
males\956.wav,1
males\957.wav,1
males\958.wav,1
males\959.wav,1
males\96.wav,1
males\960.wav,1
males\961.wav,1
males\962.wav,1
males\963.wav,1
males\964.wav,1
males\965.wav,1
males\966.wav,1
males\967.wav,1
males\968.wav,1
males\969.wav,1
males\97.wav,1
males\970.wav,1
males\971.wav,1
males\972.wav,1
males\973.wav,1
males\974.wav,1
males\975.wav,1
males\976.wav,1
males\977.wav,1
males\978.wav,1
males\979.wav,1
males\98.wav,1
males\980.wav,1
males\981.wav,1
males\982.wav,1
males\983.wav,1
males\984.wav,1
males\985.wav,1
males\986.wav,1
males\987.wav,1
males\988.wav,1
males\989.wav,1
males\99.wav,1
males\990.wav,1
males\991.wav,1
males\992.wav,1
males\993.wav,1
males\994.wav,1
males\995.wav,1
males\996.wav,1
males\997.wav,1
males\998.wav,1
males\999.wav,1
females\sample-000007.mp3,1
females\sample-000007_1.mp3,1
females\sample-000009.mp3,1
females\sample-000010.mp3,1
females\sample-000019.mp3,1
females\sample-000022.mp3,1
females\sample-000023.mp3,1
females\sample-000023_1.mp3,1
females\sample-000036.mp3,1
females\sample-000040.mp3,1
females\sample-000041.mp3,1
females\sample-000046.mp3,1
females\sample-000046_1.mp3,1
females\sample-000060.mp3,1
females\sample-000061.mp3,1
females\sample-000069.mp3,1
females\sample-000081.mp3,1
females\sample-000085.mp3,1
females\sample-000092.mp3,1
females\sample-000094.mp3,1
females\sample-000100.mp3,1
females\sample-000102.mp3,1
females\sample-000104.mp3,1
females\sample-000109.mp3,1
females\sample-000109_1.mp3,1
females\sample-000112.mp3,1
females\sample-000115.mp3,1
females\sample-000122.mp3,1
females\sample-000136.mp3,1
females\sample-000137.mp3,1
females\sample-000153.mp3,1
females\sample-000154.mp3,1
females\sample-000163.mp3,1
females\sample-000170.mp3,1
females\sample-000173.mp3,1
females\sample-000174.mp3,1
females\sample-000175.mp3,1
females\sample-000177.mp3,1
females\sample-000180.mp3,1
females\sample-000188.mp3,1
females\sample-000189.mp3,1
females\sample-000189_1.mp3,1
females\sample-000190.mp3,1
females\sample-000192.mp3,1
females\sample-000199.mp3,1
females\sample-000205.mp3,1
females\sample-000206.mp3,1
females\sample-000207.mp3,1
females\sample-000207_1.mp3,1
females\sample-000210.mp3,1
females\sample-000212.mp3,1
females\sample-000219.mp3,1
females\sample-000224.mp3,1
females\sample-000226.mp3,1
females\sample-000228.mp3,1
females\sample-000232.mp3,1
females\sample-000239.mp3,1
females\sample-000240.mp3,1
females\sample-000247.mp3,1
females\sample-000250.mp3,1
females\sample-000253.mp3,1
females\sample-000257.mp3,1
females\sample-000257_1.mp3,1
females\sample-000258.mp3,1
females\sample-000259.mp3,1
females\sample-000261.mp3,1
females\sample-000264.mp3,1
females\sample-000264_1.mp3,1
females\sample-000266.mp3,1
females\sample-000267.mp3,1
females\sample-000268.mp3,1
females\sample-000271.mp3,1
females\sample-000273.mp3,1
females\sample-000275.mp3,1
females\sample-000275_1.mp3,1
females\sample-000276.mp3,1
females\sample-000281.mp3,1
females\sample-000283.mp3,1
females\sample-000285.mp3,1
females\sample-000285_1.mp3,1
females\sample-000291.mp3,1
females\sample-000294.mp3,1
females\sample-000295.mp3,1
females\sample-000296.mp3,1
females\sample-000300.mp3,1
females\sample-000309.mp3,1
females\sample-000311.mp3,1
females\sample-000321.mp3,1
females\sample-000322.mp3,1
females\sample-000326.mp3,1
females\sample-000332.mp3,1
females\sample-000334.mp3,1
females\sample-000344.mp3,1
females\sample-000345.mp3,1
females\sample-000346.mp3,1
females\sample-000351.mp3,1
females\sample-000351_1.mp3,1
females\sample-000357.mp3,1
females\sample-000364.mp3,1
females\sample-000365.mp3,1
females\sample-000367.mp3,1
females\sample-000367_1.mp3,1
females\sample-000371.mp3,1
females\sample-000372.mp3,1
females\sample-000372_1.mp3,1
females\sample-000372_2.mp3,1
females\sample-000373.mp3,1
females\sample-000374.mp3,1
females\sample-000375.mp3,1
females\sample-000380.mp3,1
females\sample-000380_1.mp3,1
females\sample-000380_2.mp3,1
females\sample-000385.mp3,1
females\sample-000387.mp3,1
females\sample-000388.mp3,1
females\sample-000396.mp3,1
females\sample-000399.mp3,1
females\sample-000399_1.mp3,1
females\sample-000403.mp3,1
females\sample-000404.mp3,1
females\sample-000411.mp3,1
females\sample-000417.mp3,1
females\sample-000421.mp3,1
females\sample-000422.mp3,1
females\sample-000426.mp3,1
females\sample-000433.mp3,1
females\sample-000435.mp3,1
females\sample-000440.mp3,1
females\sample-000444.mp3,1
females\sample-000445.mp3,1
females\sample-000446.mp3,1
females\sample-000447.mp3,1
females\sample-000450.mp3,1
females\sample-000450_1.mp3,1
females\sample-000454.mp3,1
females\sample-000461.mp3,1
females\sample-000462.mp3,1
females\sample-000462_1.mp3,1
females\sample-000464.mp3,1
females\sample-000465.mp3,1
females\sample-000467.mp3,1
females\sample-000467_1.mp3,1
females\sample-000469.mp3,1
females\sample-000473.mp3,1
females\sample-000476.mp3,1
females\sample-000480.mp3,1
females\sample-000485.mp3,1
females\sample-000495.mp3,1
females\sample-000496.mp3,1
females\sample-000498.mp3,1
females\sample-000501.mp3,1
females\sample-000503.mp3,1
females\sample-000506.mp3,1
females\sample-000508.mp3,1
females\sample-000519.mp3,1
females\sample-000522.mp3,1
females\sample-000533.mp3,1
females\sample-000535.mp3,1
females\sample-000535_1.mp3,1
females\sample-000538.mp3,1
females\sample-000540.mp3,1
females\sample-000542.mp3,1
females\sample-000552.mp3,1
females\sample-000558.mp3,1
females\sample-000566.mp3,1
females\sample-000569.mp3,1
females\sample-000573.mp3,1
females\sample-000574.mp3,1
females\sample-000575.mp3,1
females\sample-000576.mp3,1
females\sample-000582.mp3,1
females\sample-000590.mp3,1
females\sample-000592.mp3,1
females\sample-000593.mp3,1
females\sample-000612.mp3,1
females\sample-000618.mp3,1
females\sample-000622.mp3,1
females\sample-000626.mp3,1
females\sample-000627.mp3,1
females\sample-000634.mp3,1
females\sample-000635.mp3,1
females\sample-000636.mp3,1
females\sample-000639.mp3,1
females\sample-000644.mp3,1
females\sample-000648.mp3,1
females\sample-000659.mp3,1
females\sample-000660.mp3,1
females\sample-000664.mp3,1
females\sample-000665.mp3,1
females\sample-000669.mp3,1
females\sample-000670.mp3,1
females\sample-000671.mp3,1
females\sample-000677.mp3,1
females\sample-000681.mp3,1
females\sample-000684.mp3,1
females\sample-000685.mp3,1
females\sample-000689.mp3,1
females\sample-000690.mp3,1
females\sample-000691.mp3,1
females\sample-000693.mp3,1
females\sample-000693_1.mp3,1
females\sample-000695.mp3,1
females\sample-000702.mp3,1
females\sample-000703.mp3,1
females\sample-000705.mp3,1
females\sample-000707.mp3,1
females\sample-000709.mp3,1
females\sample-000714.mp3,1
females\sample-000719.mp3,1
females\sample-000722.mp3,1
females\sample-000728.mp3,1
females\sample-000746.mp3,1
females\sample-000749.mp3,1
females\sample-000753.mp3,1
females\sample-000756.mp3,1
females\sample-000760.mp3,1
females\sample-000774.mp3,1
females\sample-000782.mp3,1
females\sample-000785.mp3,1
females\sample-000785_1.mp3,1
females\sample-000791.mp3,1
females\sample-000793.mp3,1
females\sample-000801.mp3,1
females\sample-000806.mp3,1
females\sample-000808.mp3,1
females\sample-000809.mp3,1
females\sample-000810.mp3,1
females\sample-000815.mp3,1
females\sample-000820.mp3,1
females\sample-000821.mp3,1
females\sample-000824.mp3,1
females\sample-000834.mp3,1
females\sample-000837.mp3,1
females\sample-000841.mp3,1
females\sample-000842.mp3,1
females\sample-000847.mp3,1
females\sample-000850.mp3,1
females\sample-000856.mp3,1
females\sample-000860.mp3,1
females\sample-000862.mp3,1
females\sample-000865.mp3,1
females\sample-000872.mp3,1
females\sample-000876.mp3,1
females\sample-000876_1.mp3,1
females\sample-000879.mp3,1
females\sample-000882.mp3,1
females\sample-000883.mp3,1
females\sample-000888.mp3,1
females\sample-000889.mp3,1
females\sample-000890.mp3,1
females\sample-000895.mp3,1
females\sample-000897.mp3,1
females\sample-000900.mp3,1
females\sample-000901.mp3,1
females\sample-000902.mp3,1
females\sample-000907.mp3,1
females\sample-000908.mp3,1
females\sample-000911.mp3,1
females\sample-000911_1.mp3,1
females\sample-000914.mp3,1
females\sample-000916.mp3,1
females\sample-000918.mp3,1
females\sample-000919.mp3,1
females\sample-000932.mp3,1
females\sample-000935.mp3,1
females\sample-000940.mp3,1
females\sample-000941.mp3,1
females\sample-000945.mp3,1
females\sample-000948.mp3,1
females\sample-000953.mp3,1
females\sample-000956.mp3,1
females\sample-000957.mp3,1
females\sample-000963.mp3,1
females\sample-000964.mp3,1
females\sample-000966.mp3,1
females\sample-000969.mp3,1
females\sample-000972.mp3,1
females\sample-000977.mp3,1
females\sample-000978.mp3,1
females\sample-000979.mp3,1
females\sample-000979_1.mp3,1
females\sample-000981.mp3,1
females\sample-000984.mp3,1
females\sample-000987.mp3,1
females\sample-000996.mp3,1
females\sample-000997.mp3,1
females\sample-000998.mp3,1
females\sample-000999.mp3,1
females\sample-001007.mp3,1
females\sample-001024.mp3,1
females\sample-001026.mp3,1
females\sample-001033.mp3,1
females\sample-001046.mp3,1
females\sample-001048.mp3,1
females\sample-001048_1.mp3,1
females\sample-001048_2.mp3,1
females\sample-001049.mp3,1
females\sample-001052.mp3,1
females\sample-001072.mp3,1
females\sample-001075.mp3,1
females\sample-001090.mp3,1
females\sample-001094.mp3,1
females\sample-001099.mp3,1
females\sample-001101.mp3,1
females\sample-001105.mp3,1
females\sample-001110.mp3,1
females\sample-001117.mp3,1
females\sample-001121.mp3,1
females\sample-001124.mp3,1
females\sample-001125.mp3,1
females\sample-001126.mp3,1
females\sample-001130.mp3,1
females\sample-001135.mp3,1
females\sample-001137.mp3,1
females\sample-001139.mp3,1
females\sample-001139_1.mp3,1
females\sample-001142.mp3,1
females\sample-001143.mp3,1
females\sample-001144.mp3,1
females\sample-001154.mp3,1
females\sample-001155.mp3,1
females\sample-001158.mp3,1
females\sample-001161.mp3,1
females\sample-001165.mp3,1
females\sample-001176.mp3,1
females\sample-001176_1.mp3,1
females\sample-001184.mp3,1
females\sample-001185.mp3,1
females\sample-001196.mp3,1
females\sample-001197.mp3,1
females\sample-001198.mp3,1
females\sample-001201.mp3,1
females\sample-001201_1.mp3,1
females\sample-001202.mp3,1
females\sample-001204.mp3,1
females\sample-001205.mp3,1
females\sample-001208.mp3,1
females\sample-001209.mp3,1
females\sample-001210.mp3,1
females\sample-001211.mp3,1
females\sample-001213.mp3,1
females\sample-001223.mp3,1
females\sample-001224.mp3,1
females\sample-001227.mp3,1
females\sample-001228.mp3,1
females\sample-001231.mp3,1
females\sample-001231_1.mp3,1
females\sample-001236.mp3,1
females\sample-001238.mp3,1
females\sample-001239.mp3,1
females\sample-001243.mp3,1
females\sample-001243_1.mp3,1
females\sample-001248.mp3,1
females\sample-001252.mp3,1
females\sample-001254.mp3,1
females\sample-001255.mp3,1
females\sample-001256.mp3,1
females\sample-001260.mp3,1
females\sample-001272.mp3,1
females\sample-001276.mp3,1
females\sample-001278.mp3,1
females\sample-001286.mp3,1
females\sample-001287.mp3,1
females\sample-001289.mp3,1
females\sample-001294.mp3,1
females\sample-001295.mp3,1
females\sample-001302.mp3,1
females\sample-001308.mp3,1
females\sample-001311.mp3,1
females\sample-001314.mp3,1
females\sample-001316.mp3,1
females\sample-001321.mp3,1
females\sample-001323.mp3,1
females\sample-001324.mp3,1
females\sample-001325.mp3,1
females\sample-001327.mp3,1
females\sample-001328.mp3,1
females\sample-001332.mp3,1
females\sample-001337.mp3,1
females\sample-001342.mp3,1
females\sample-001343.mp3,1
females\sample-001343_1.mp3,1
females\sample-001356.mp3,1
females\sample-001358.mp3,1
females\sample-001364.mp3,1
females\sample-001368.mp3,1
females\sample-001370.mp3,1
females\sample-001375.mp3,1
females\sample-001378.mp3,1
females\sample-001380.mp3,1
females\sample-001381.mp3,1
females\sample-001382.mp3,1
females\sample-001387.mp3,1
females\sample-001389.mp3,1
females\sample-001395.mp3,1
females\sample-001396.mp3,1
females\sample-001396_1.mp3,1
females\sample-001404.mp3,1
females\sample-001410.mp3,1
females\sample-001412.mp3,1
females\sample-001420.mp3,1
females\sample-001427.mp3,1
females\sample-001427_1.mp3,1
females\sample-001430.mp3,1
females\sample-001434.mp3,1
females\sample-001444.mp3,1
females\sample-001450.mp3,1
females\sample-001453.mp3,1
females\sample-001468.mp3,1
females\sample-001470.mp3,1
females\sample-001482.mp3,1
females\sample-001485.mp3,1
females\sample-001490.mp3,1
females\sample-001491.mp3,1
females\sample-001503.mp3,1
females\sample-001511.mp3,1
females\sample-001512.mp3,1
females\sample-001517.mp3,1
females\sample-001520.mp3,1
females\sample-001524.mp3,1
females\sample-001550.mp3,1
females\sample-001556.mp3,1
females\sample-001556_1.mp3,1
females\sample-001558.mp3,1
females\sample-001559.mp3,1
females\sample-001569.mp3,1
females\sample-001570.mp3,1
females\sample-001570_1.mp3,1
females\sample-001571.mp3,1
females\sample-001571_1.mp3,1
females\sample-001573.mp3,1
females\sample-001576.mp3,1
females\sample-001579.mp3,1
females\sample-001581.mp3,1
females\sample-001585.mp3,1
females\sample-001592.mp3,1
females\sample-001594.mp3,1
females\sample-001596.mp3,1
females\sample-001609.mp3,1
females\sample-001614.mp3,1
females\sample-001616.mp3,1
females\sample-001619.mp3,1
females\sample-001620.mp3,1
females\sample-001626.mp3,1
females\sample-001627.mp3,1
females\sample-001630.mp3,1
females\sample-001635.mp3,1
females\sample-001640.mp3,1
females\sample-001653.mp3,1
females\sample-001660.mp3,1
females\sample-001661.mp3,1
females\sample-001663.mp3,1
females\sample-001663_1.mp3,1
females\sample-001666.mp3,1
females\sample-001668.mp3,1
females\sample-001669.mp3,1
females\sample-001674.mp3,1
females\sample-001676.mp3,1
females\sample-001680.mp3,1
females\sample-001686.mp3,1
females\sample-001688.mp3,1
females\sample-001694.mp3,1
females\sample-001696.mp3,1
females\sample-001697.mp3,1
females\sample-001699.mp3,1
females\sample-001700.mp3,1
females\sample-001703.mp3,1
females\sample-001705.mp3,1
females\sample-001706.mp3,1
females\sample-001710.mp3,1
females\sample-001713.mp3,1
females\sample-001714.mp3,1
females\sample-001716.mp3,1
females\sample-001717.mp3,1
females\sample-001725.mp3,1
females\sample-001733.mp3,1
females\sample-001737.mp3,1
females\sample-001739.mp3,1
females\sample-001743.mp3,1
females\sample-001747.mp3,1
females\sample-001752.mp3,1
females\sample-001753.mp3,1
females\sample-001760.mp3,1
females\sample-001762.mp3,1
females\sample-001768.mp3,1
females\sample-001770.mp3,1
females\sample-001771.mp3,1
females\sample-001775.mp3,1
females\sample-001778.mp3,1
females\sample-001782.mp3,1
females\sample-001783.mp3,1
females\sample-001785.mp3,1
females\sample-001785_1.mp3,1
females\sample-001792.mp3,1
females\sample-001799.mp3,1
females\sample-001804.mp3,1
females\sample-001806.mp3,1
females\sample-001815.mp3,1
females\sample-001816.mp3,1
females\sample-001816_1.mp3,1
females\sample-001818.mp3,1
females\sample-001823.mp3,1
females\sample-001828.mp3,1
females\sample-001833.mp3,1
females\sample-001836.mp3,1
females\sample-001843.mp3,1
females\sample-001846.mp3,1
females\sample-001846_1.mp3,1
females\sample-001846_2.mp3,1
females\sample-001851.mp3,1
females\sample-001858.mp3,1
females\sample-001868.mp3,1
females\sample-001869.mp3,1
females\sample-001880.mp3,1
females\sample-001882.mp3,1
females\sample-001891.mp3,1
females\sample-001896.mp3,1
females\sample-001899.mp3,1
females\sample-001915.mp3,1
females\sample-001916.mp3,1
females\sample-001917.mp3,1
females\sample-001921.mp3,1
females\sample-001926.mp3,1
females\sample-001938.mp3,1
females\sample-001939.mp3,1
females\sample-001939_1.mp3,1
females\sample-001940.mp3,1
females\sample-001941.mp3,1
females\sample-001942.mp3,1
females\sample-001944.mp3,1
females\sample-001948.mp3,1
females\sample-001957.mp3,1
females\sample-001957_1.mp3,1
females\sample-001960.mp3,1
females\sample-001962.mp3,1
females\sample-001964.mp3,1
females\sample-001966.mp3,1
females\sample-001968.mp3,1
females\sample-001970.mp3,1
females\sample-001972.mp3,1
females\sample-001982.mp3,1
females\sample-001992.mp3,1
females\sample-001997.mp3,1
females\sample-001997_1.mp3,1
females\sample-002000.mp3,1
females\sample-002005.mp3,1
females\sample-002009.mp3,1
females\sample-002020.mp3,1
females\sample-002021.mp3,1
females\sample-002024.mp3,1
females\sample-002029.mp3,1
females\sample-002030.mp3,1
females\sample-002030_1.mp3,1
females\sample-002034.mp3,1
females\sample-002040.mp3,1
females\sample-002044.mp3,1
females\sample-002055.mp3,1
females\sample-002064.mp3,1
females\sample-002065.mp3,1
females\sample-002067.mp3,1
females\sample-002072.mp3,1
females\sample-002074.mp3,1
females\sample-002074_1.mp3,1
females\sample-002092.mp3,1
females\sample-002092_1.mp3,1
females\sample-002099.mp3,1
females\sample-002105.mp3,1
females\sample-002120.mp3,1
females\sample-002121.mp3,1
females\sample-002121_1.mp3,1
females\sample-002127.mp3,1
females\sample-002133.mp3,1
females\sample-002134.mp3,1
females\sample-002135.mp3,1
females\sample-002135_1.mp3,1
females\sample-002138.mp3,1
females\sample-002142.mp3,1
females\sample-002146.mp3,1
females\sample-002155.mp3,1
females\sample-002161.mp3,1
females\sample-002166.mp3,1
females\sample-002167.mp3,1
females\sample-002168.mp3,1
females\sample-002171.mp3,1
females\sample-002179.mp3,1
females\sample-002181.mp3,1
females\sample-002187.mp3,1
females\sample-002198.mp3,1
females\sample-002200.mp3,1
females\sample-002202.mp3,1
females\sample-002202_1.mp3,1
females\sample-002203.mp3,1
females\sample-002209.mp3,1
females\sample-002210.mp3,1
females\sample-002210_1.mp3,1
females\sample-002210_2.mp3,1
females\sample-002218.mp3,1
females\sample-002222.mp3,1
females\sample-002223.mp3,1
females\sample-002224.mp3,1
females\sample-002226.mp3,1
females\sample-002227.mp3,1
females\sample-002231.mp3,1
females\sample-002233.mp3,1
females\sample-002234.mp3,1
females\sample-002239.mp3,1
females\sample-002240.mp3,1
females\sample-002240_1.mp3,1
females\sample-002248.mp3,1
females\sample-002252.mp3,1
females\sample-002254.mp3,1
females\sample-002255.mp3,1
females\sample-002259.mp3,1
females\sample-002261.mp3,1
females\sample-002270.mp3,1
females\sample-002282.mp3,1
females\sample-002284.mp3,1
females\sample-002289.mp3,1
females\sample-002292.mp3,1
females\sample-002296.mp3,1
females\sample-002300.mp3,1
females\sample-002308.mp3,1
females\sample-002309.mp3,1
females\sample-002311.mp3,1
females\sample-002323.mp3,1
females\sample-002324.mp3,1
females\sample-002331.mp3,1
females\sample-002337.mp3,1
females\sample-002343.mp3,1
females\sample-002346.mp3,1
females\sample-002350.mp3,1
females\sample-002355.mp3,1
females\sample-002357.mp3,1
females\sample-002357_1.mp3,1
females\sample-002359.mp3,1
females\sample-002361.mp3,1
females\sample-002370.mp3,1
females\sample-002373.mp3,1
females\sample-002373_1.mp3,1
females\sample-002377.mp3,1
females\sample-002385.mp3,1
females\sample-002386.mp3,1
females\sample-002398.mp3,1
females\sample-002405.mp3,1
females\sample-002405_1.mp3,1
females\sample-002407.mp3,1
females\sample-002408.mp3,1
females\sample-002414.mp3,1
females\sample-002415.mp3,1
females\sample-002422.mp3,1
females\sample-002423.mp3,1
females\sample-002427.mp3,1
females\sample-002429.mp3,1
females\sample-002430.mp3,1
females\sample-002442.mp3,1
females\sample-002450.mp3,1
females\sample-002451.mp3,1
females\sample-002456.mp3,1
females\sample-002463.mp3,1
females\sample-002463_1.mp3,1
females\sample-002471.mp3,1
females\sample-002482.mp3,1
females\sample-002490.mp3,1
females\sample-002491.mp3,1
females\sample-002491_1.mp3,1
females\sample-002493.mp3,1
females\sample-002497.mp3,1
females\sample-002499.mp3,1
females\sample-002500.mp3,1
females\sample-002503.mp3,1
females\sample-002503_1.mp3,1
females\sample-002511.mp3,1
females\sample-002514.mp3,1
females\sample-002516.mp3,1
females\sample-002519.mp3,1
females\sample-002520.mp3,1
females\sample-002530.mp3,1
females\sample-002530_1.mp3,1
females\sample-002532.mp3,1
females\sample-002535.mp3,1
females\sample-002537.mp3,1
females\sample-002541.mp3,1
females\sample-002542.mp3,1
females\sample-002547.mp3,1
females\sample-002554.mp3,1
females\sample-002555.mp3,1
females\sample-002556.mp3,1
females\sample-002562.mp3,1
females\sample-002565.mp3,1
females\sample-002567.mp3,1
females\sample-002571.mp3,1
females\sample-002574.mp3,1
females\sample-002581.mp3,1
females\sample-002581_1.mp3,1
females\sample-002584.mp3,1
females\sample-002586.mp3,1
females\sample-002587.mp3,1
females\sample-002589.mp3,1
females\sample-002590.mp3,1
females\sample-002592.mp3,1
females\sample-002592_1.mp3,1
females\sample-002593.mp3,1
females\sample-002598.mp3,1
females\sample-002604.mp3,1
females\sample-002606.mp3,1
females\sample-002620.mp3,1
females\sample-002625.mp3,1
females\sample-002629.mp3,1
females\sample-002632.mp3,1
females\sample-002634.mp3,1
females\sample-002637.mp3,1
females\sample-002643.mp3,1
females\sample-002654.mp3,1
females\sample-002658.mp3,1
females\sample-002665.mp3,1
females\sample-002672.mp3,1
females\sample-002676.mp3,1
females\sample-002680.mp3,1
females\sample-002686.mp3,1
females\sample-002689.mp3,1
females\sample-002690.mp3,1
females\sample-002693.mp3,1
females\sample-002694.mp3,1
females\sample-002696.mp3,1
females\sample-002699.mp3,1
females\sample-002710.mp3,1
females\sample-002711.mp3,1
females\sample-002713.mp3,1
females\sample-002715.mp3,1
females\sample-002716.mp3,1
females\sample-002725.mp3,1
females\sample-002732.mp3,1
females\sample-002732_1.mp3,1
females\sample-002744.mp3,1
females\sample-002746.mp3,1
females\sample-002747.mp3,1
females\sample-002750.mp3,1
females\sample-002753.mp3,1
females\sample-002754.mp3,1
females\sample-002758.mp3,1
females\sample-002759.mp3,1
females\sample-002759_1.mp3,1
females\sample-002764.mp3,1
females\sample-002766.mp3,1
females\sample-002767.mp3,1
females\sample-002772.mp3,1
females\sample-002774.mp3,1
females\sample-002779.mp3,1
females\sample-002782.mp3,1
females\sample-002785.mp3,1
females\sample-002787.mp3,1
females\sample-002787_1.mp3,1
females\sample-002788.mp3,1
females\sample-002791.mp3,1
females\sample-002791_1.mp3,1
females\sample-002803.mp3,1
females\sample-002803_1.mp3,1
females\sample-002807.mp3,1
females\sample-002809.mp3,1
females\sample-002818.mp3,1
females\sample-002818_1.mp3,1
females\sample-002823.mp3,1
females\sample-002825.mp3,1
females\sample-002830.mp3,1
females\sample-002835.mp3,1
females\sample-002837.mp3,1
females\sample-002838.mp3,1
females\sample-002839.mp3,1
females\sample-002840.mp3,1
females\sample-002842.mp3,1
females\sample-002845.mp3,1
females\sample-002845_1.mp3,1
females\sample-002858.mp3,1
females\sample-002860.mp3,1
females\sample-002862.mp3,1
females\sample-002862_1.mp3,1
females\sample-002871.mp3,1
females\sample-002872.mp3,1
females\sample-002881.mp3,1
females\sample-002885.mp3,1
females\sample-002888.mp3,1
females\sample-002892.mp3,1
females\sample-002894.mp3,1
females\sample-002910.mp3,1
females\sample-002911.mp3,1
females\sample-002912.mp3,1
females\sample-002912_1.mp3,1
females\sample-002914.mp3,1
females\sample-002919.mp3,1
females\sample-002931.mp3,1
females\sample-002933.mp3,1
females\sample-002935.mp3,1
females\sample-002938.mp3,1
females\sample-002950.mp3,1
females\sample-002951.mp3,1
females\sample-002953.mp3,1
females\sample-002960.mp3,1
females\sample-002961.mp3,1
females\sample-002965.mp3,1
females\sample-002968.mp3,1
females\sample-002972.mp3,1
females\sample-002976.mp3,1
females\sample-002977.mp3,1
females\sample-002979.mp3,1
females\sample-002980.mp3,1
females\sample-002981.mp3,1
females\sample-002982.mp3,1
females\sample-002983.mp3,1
females\sample-002985.mp3,1
females\sample-002990.mp3,1
females\sample-002991.mp3,1
females\sample-002998.mp3,1
females\sample-003009.mp3,1
females\sample-003012.mp3,1
females\sample-003019.mp3,1
females\sample-003039.mp3,1
females\sample-003051.mp3,1
females\sample-003061.mp3,1
females\sample-003064.mp3,1
females\sample-003076.mp3,1
females\sample-003081.mp3,1
females\sample-003096.mp3,1
females\sample-003100.mp3,1
females\sample-003102.mp3,1
females\sample-003111.mp3,1
females\sample-003125.mp3,1
females\sample-003158.mp3,1
females\sample-003188.mp3,1
females\sample-003205.mp3,1
females\sample-003232.mp3,1
females\sample-003249.mp3,1
females\sample-003257.mp3,1
females\sample-003268.mp3,1
females\sample-003272.mp3,1
females\sample-003290.mp3,1
females\sample-003319.mp3,1
females\sample-003341.mp3,1
females\sample-003345.mp3,1
females\sample-003351.mp3,1
females\sample-003359.mp3,1
females\sample-003381.mp3,1
females\sample-003387.mp3,1
females\sample-003409.mp3,1
females\sample-003418.mp3,1
females\sample-003445.mp3,1
females\sample-003469.mp3,1
females\sample-003482.mp3,1
females\sample-003496.mp3,1
females\sample-003497.mp3,1
females\sample-003548.mp3,1
females\sample-003549.mp3,1
females\sample-003554.mp3,1
females\sample-003571.mp3,1
females\sample-003575.mp3,1
females\sample-003595.mp3,1
females\sample-003597.mp3,1
females\sample-003598.mp3,1
females\sample-003643.mp3,1
females\sample-003654.mp3,1
females\sample-003665.mp3,1
females\sample-003684.mp3,1
females\sample-003687.mp3,1
females\sample-003714.mp3,1
females\sample-003716.mp3,1
females\sample-003747.mp3,1
females\sample-003751.mp3,1
females\sample-003761.mp3,1
females\sample-003771.mp3,1
females\sample-003782.mp3,1
females\sample-003784.mp3,1
females\sample-003787.mp3,1
females\sample-003791.mp3,1
females\sample-003820.mp3,1
females\sample-003880.mp3,1
females\sample-003883.mp3,1
females\sample-003887.mp3,1
females\sample-003889.mp3,1
females\sample-003893.mp3,1
females\sample-003905.mp3,1
females\sample-003912.mp3,1
females\sample-003921.mp3,1
females\sample-003930.mp3,1
females\sample-003945.mp3,1
females\sample-003962.mp3,1
females\sample-003987.mp3,1
females\sample-004023.mp3,1
females\sample-004028.mp3,1
females\sample-004029.mp3,1
females\sample-004030.mp3,1
females\sample-004032.mp3,1
females\sample-004038.mp3,1
females\sample-004060.mp3,1
females\sample-004073.mp3,1
females\sample-004077.mp3,1
females\sample-004081.mp3,1
females\sample-004088.mp3,1
females\sample-004090.mp3,1
females\sample-004091.mp3,1
females\sample-004116.mp3,1
females\sample-004121.mp3,1
females\sample-004127.mp3,1
females\sample-004143.mp3,1
females\sample-004153.mp3,1
females\sample-004156.mp3,1
females\sample-004166.mp3,1
females\sample-004169.mp3,1
females\sample-004181.mp3,1
females\sample-004186.mp3,1
females\sample-004198.mp3,1
females\sample-004210.mp3,1
females\sample-004213.mp3,1
females\sample-004240.mp3,1
females\sample-004241.mp3,1
females\sample-004243.mp3,1
females\sample-004253.mp3,1
females\sample-004281.mp3,1
females\sample-004291.mp3,1
females\sample-004299.mp3,1
females\sample-004327.mp3,1
females\sample-004329.mp3,1
females\sample-004332.mp3,1
females\sample-004336.mp3,1
females\sample-004345.mp3,1
females\sample-004348.mp3,1
females\sample-004353.mp3,1
females\sample-004402.mp3,1
females\sample-004404.mp3,1
females\sample-004408.mp3,1
females\sample-004430.mp3,1
females\sample-004433.mp3,1
females\sample-004436.mp3,1
females\sample-004437.mp3,1
females\sample-004438.mp3,1
females\sample-004470.mp3,1
females\sample-004503.mp3,1
females\sample-004508.mp3,1
females\sample-004527.mp3,1
females\sample-004538.mp3,1
females\sample-004558.mp3,1
females\sample-004560.mp3,1
females\sample-004566.mp3,1
females\sample-004569.mp3,1
females\sample-004584.mp3,1
females\sample-004599.mp3,1
females\sample-004603.mp3,1
females\sample-004608.mp3,1
females\sample-004641.mp3,1
females\sample-004645.mp3,1
females\sample-004646.mp3,1
females\sample-004647.mp3,1
females\sample-004649.mp3,1
females\sample-004654.mp3,1
females\sample-004708.mp3,1
females\sample-004715.mp3,1
females\sample-004728.mp3,1
females\sample-004796.mp3,1
females\sample-004816.mp3,1
females\sample-004824.mp3,1
females\sample-004825.mp3,1
females\sample-004829.mp3,1
females\sample-004860.mp3,1
females\sample-004872.mp3,1
females\sample-004883.mp3,1
females\sample-004904.mp3,1
females\sample-004909.mp3,1
females\sample-004935.mp3,1
females\sample-004968.mp3,1
females\sample-004998.mp3,1
females\sample-005007.mp3,1
females\sample-005013.mp3,1
females\sample-005022.mp3,1
females\sample-005023.mp3,1
females\sample-005025.mp3,1
females\sample-005056.mp3,1
females\sample-005059.mp3,1
females\sample-005066.mp3,1
females\sample-005087.mp3,1
females\sample-005100.mp3,1
females\sample-005126.mp3,1
females\sample-005129.mp3,1
females\sample-005139.mp3,1
females\sample-005144.mp3,1
females\sample-005160.mp3,1
females\sample-005185.mp3,1
females\sample-005188.mp3,1
females\sample-005196.mp3,1
females\sample-005197.mp3,1
females\sample-005204.mp3,1
females\sample-005212.mp3,1
females\sample-005218.mp3,1
females\sample-005221.mp3,1
females\sample-005225.mp3,1
females\sample-005229.mp3,1
females\sample-005233.mp3,1
females\sample-005248.mp3,1
females\sample-005261.mp3,1
females\sample-005301.mp3,1
females\sample-005311.mp3,1
females\sample-005339.mp3,1
females\sample-005352.mp3,1
females\sample-005357.mp3,1
females\sample-005365.mp3,1
females\sample-005390.mp3,1
females\sample-005395.mp3,1
females\sample-005400.mp3,1
females\sample-005447.mp3,1
females\sample-005457.mp3,1
females\sample-005466.mp3,1
females\sample-005480.mp3,1
females\sample-005483.mp3,1
females\sample-005511.mp3,1
females\sample-005519.mp3,1
females\sample-005535.mp3,1
females\sample-005554.mp3,1
females\sample-005556.mp3,1
females\sample-005557.mp3,1
females\sample-005579.mp3,1
females\sample-005594.mp3,1
females\sample-005599.mp3,1
females\sample-005611.mp3,1
females\sample-005623.mp3,1
females\sample-005625.mp3,1
females\sample-005639.mp3,1
females\sample-005643.mp3,1
females\sample-005661.mp3,1
females\sample-005664.mp3,1
females\sample-005689.mp3,1
females\sample-005695.mp3,1
females\sample-005703.mp3,1
females\sample-005725.mp3,1
females\sample-005735.mp3,1
females\sample-005743.mp3,1
females\sample-005746.mp3,1
females\sample-005749.mp3,1
females\sample-005760.mp3,1
females\sample-005762.mp3,1
females\sample-005777.mp3,1
females\sample-005789.mp3,1
females\sample-005795.mp3,1
females\sample-005799.mp3,1
females\sample-005819.mp3,1
females\sample-005838.mp3,1
females\sample-005869.mp3,1
females\sample-005874.mp3,1
females\sample-005895.mp3,1
females\sample-005931.mp3,1
females\sample-005940.mp3,1
females\sample-005954.mp3,1
females\sample-005964.mp3,1
females\sample-005994.mp3,1
females\sample-006014.mp3,1
females\sample-006015.mp3,1
females\sample-006020.mp3,1
females\sample-006022.mp3,1
females\sample-006024.mp3,1
females\sample-006038.mp3,1
females\sample-006041.mp3,1
females\sample-006076.mp3,1
females\sample-006100.mp3,1
females\sample-006119.mp3,1
females\sample-006120.mp3,1
females\sample-006126.mp3,1
females\sample-006139.mp3,1
females\sample-006168.mp3,1
females\sample-006170.mp3,1
females\sample-006174.mp3,1
females\sample-006189.mp3,1
females\sample-006200.mp3,1
females\sample-006212.mp3,1
females\sample-006233.mp3,1
females\sample-006237.mp3,1
females\sample-006239.mp3,1
females\sample-006263.mp3,1
females\sample-006269.mp3,1
females\sample-006273.mp3,1
females\sample-006284.mp3,1
females\sample-006291.mp3,1
females\sample-006295.mp3,1
females\sample-006318.mp3,1
females\sample-006359.mp3,1
females\sample-006382.mp3,1
females\sample-006403.mp3,1
females\sample-006404.mp3,1
females\sample-006416.mp3,1
females\sample-006438.mp3,1
females\sample-006455.mp3,1
females\sample-006460.mp3,1
females\sample-006474.mp3,1
females\sample-006475.mp3,1
females\sample-006478.mp3,1
females\sample-006490.mp3,1
females\sample-006498.mp3,1
females\sample-006511.mp3,1
females\sample-006521.mp3,1
females\sample-006523.mp3,1
females\sample-006538.mp3,1
females\sample-006545.mp3,1
females\sample-006558.mp3,1
females\sample-006565.mp3,1
females\sample-006566.mp3,1
females\sample-006575.mp3,1
females\sample-006581.mp3,1
females\sample-006586.mp3,1
females\sample-006588.mp3,1
females\sample-006603.mp3,1
females\sample-006614.mp3,1
females\sample-006638.mp3,1
females\sample-006639.mp3,1
females\sample-006656.mp3,1
females\sample-006664.mp3,1
females\sample-006678.mp3,1
females\sample-006704.mp3,1
females\sample-006706.mp3,1
females\sample-006723.mp3,1
females\sample-006726.mp3,1
females\sample-006730.mp3,1
females\sample-006738.mp3,1
females\sample-006748.mp3,1
females\sample-006754.mp3,1
females\sample-006755.mp3,1
females\sample-006763.mp3,1
females\sample-006793.mp3,1
females\sample-006800.mp3,1
females\sample-006815.mp3,1
females\sample-006829.mp3,1
females\sample-006858.mp3,1
females\sample-006865.mp3,1
females\sample-006878.mp3,1
females\sample-006883.mp3,1
females\sample-006904.mp3,1
females\sample-006909.mp3,1
females\sample-006933.mp3,1
females\sample-006945.mp3,1
females\sample-006964.mp3,1
females\sample-006973.mp3,1
females\sample-006979.mp3,1
females\sample-006987.mp3,1
females\sample-007006.mp3,1
females\sample-007017.mp3,1
females\sample-007023.mp3,1
females\sample-007044.mp3,1
females\sample-007050.mp3,1
females\sample-007052.mp3,1
females\sample-007077.mp3,1
females\sample-007079.mp3,1
females\sample-007086.mp3,1
females\sample-007091.mp3,1
females\sample-007093.mp3,1
females\sample-007107.mp3,1
females\sample-007108.mp3,1
females\sample-007111.mp3,1
females\sample-007120.mp3,1
females\sample-007128.mp3,1
females\sample-007141.mp3,1
females\sample-007148.mp3,1
females\sample-007154.mp3,1
females\sample-007158.mp3,1
females\sample-007183.mp3,1
females\sample-007214.mp3,1
females\sample-007228.mp3,1
females\sample-007229.mp3,1
females\sample-007243.mp3,1
females\sample-007261.mp3,1
females\sample-007268.mp3,1
females\sample-007284.mp3,1
females\sample-007302.mp3,1
females\sample-007312.mp3,1
females\sample-007323.mp3,1
females\sample-007326.mp3,1
females\sample-007327.mp3,1
females\sample-007328.mp3,1
females\sample-007334.mp3,1
females\sample-007384.mp3,1
females\sample-007385.mp3,1
females\sample-007400.mp3,1
females\sample-007410.mp3,1
females\sample-007412.mp3,1
females\sample-007416.mp3,1
females\sample-007422.mp3,1
females\sample-007430.mp3,1
females\sample-007434.mp3,1
females\sample-007440.mp3,1
females\sample-007441.mp3,1
females\sample-007444.mp3,1
females\sample-007455.mp3,1
females\sample-007468.mp3,1
females\sample-007496.mp3,1
females\sample-007507.mp3,1
females\sample-007515.mp3,1
females\sample-007529.mp3,1
females\sample-007541.mp3,1
females\sample-007542.mp3,1
females\sample-007555.mp3,1
females\sample-007580.mp3,1
females\sample-007582.mp3,1
females\sample-007583.mp3,1
females\sample-007593.mp3,1
females\sample-007596.mp3,1
females\sample-007599.mp3,1
females\sample-007610.mp3,1
females\sample-007616.mp3,1
females\sample-007626.mp3,1
females\sample-007645.mp3,1
females\sample-007648.mp3,1
females\sample-007656.mp3,1
females\sample-007661.mp3,1
females\sample-007717.mp3,1
females\sample-007729.mp3,1
females\sample-007731.mp3,1
females\sample-007744.mp3,1
females\sample-007760.mp3,1
females\sample-007772.mp3,1
females\sample-007779.mp3,1
females\sample-007800.mp3,1
females\sample-007813.mp3,1
females\sample-007819.mp3,1
females\sample-007824.mp3,1
females\sample-007837.mp3,1
females\sample-007852.mp3,1
females\sample-007878.mp3,1
females\sample-007892.mp3,1
females\sample-007906.mp3,1
females\sample-007919.mp3,1
females\sample-007929.mp3,1
females\sample-007930.mp3,1
females\sample-007948.mp3,1
females\sample-007985.mp3,1
females\sample-007996.mp3,1
females\sample-007999.mp3,1
females\sample-008013.mp3,1
females\sample-008015.mp3,1
females\sample-008028.mp3,1
females\sample-008046.mp3,1
females\sample-008055.mp3,1
females\sample-008061.mp3,1
females\sample-008063.mp3,1
females\sample-008069.mp3,1
females\sample-008070.mp3,1
females\sample-008092.mp3,1
females\sample-008130.mp3,1
females\sample-008132.mp3,1
females\sample-008133.mp3,1
females\sample-008158.mp3,1
females\sample-008161.mp3,1
females\sample-008170.mp3,1
females\sample-008175.mp3,1
females\sample-008177.mp3,1
females\sample-008203.mp3,1
females\sample-008206.mp3,1
females\sample-008242.mp3,1
females\sample-008279.mp3,1
females\sample-008290.mp3,1
females\sample-008313.mp3,1
females\sample-008325.mp3,1
females\sample-008326.mp3,1
females\sample-008349.mp3,1
females\sample-008363.mp3,1
females\sample-008368.mp3,1
females\sample-008374.mp3,1
females\sample-008400.mp3,1
females\sample-008401.mp3,1
females\sample-008408.mp3,1
females\sample-008419.mp3,1
females\sample-008420.mp3,1
females\sample-008421.mp3,1
females\sample-008442.mp3,1
females\sample-008443.mp3,1
females\sample-008450.mp3,1
females\sample-008462.mp3,1
females\sample-008480.mp3,1
females\sample-008487.mp3,1
females\sample-008498.mp3,1
females\sample-008505.mp3,1
females\sample-008510.mp3,1
females\sample-008511.mp3,1
females\sample-008517.mp3,1
females\sample-008520.mp3,1
females\sample-008521.mp3,1
females\sample-008530.mp3,1
females\sample-008550.mp3,1
females\sample-008554.mp3,1
females\sample-008556.mp3,1
females\sample-008557.mp3,1
females\sample-008574.mp3,1
females\sample-008578.mp3,1
females\sample-008584.mp3,1
females\sample-008609.mp3,1
females\sample-008614.mp3,1
females\sample-008615.mp3,1
females\sample-008623.mp3,1
females\sample-008636.mp3,1
females\sample-008637.mp3,1
females\sample-008645.mp3,1
females\sample-008671.mp3,1
females\sample-008673.mp3,1
females\sample-008694.mp3,1
females\sample-008723.mp3,1
females\sample-008748.mp3,1
females\sample-008751.mp3,1
females\sample-008752.mp3,1
females\sample-008753.mp3,1
females\sample-008773.mp3,1
females\sample-008791.mp3,1
females\sample-008798.mp3,1
females\sample-008799.mp3,1
females\sample-008805.mp3,1
females\sample-008809.mp3,1
females\sample-008821.mp3,1
females\sample-008828.mp3,1
females\sample-008831.mp3,1
females\sample-008860.mp3,1
females\sample-008863.mp3,1
females\sample-008870.mp3,1
females\sample-008911.mp3,1
females\sample-008944.mp3,1
females\sample-008983.mp3,1
females\sample-009010.mp3,1
females\sample-009043.mp3,1
females\sample-009047.mp3,1
females\sample-009052.mp3,1
females\sample-009054.mp3,1
females\sample-009055.mp3,1
females\sample-009067.mp3,1
females\sample-009073.mp3,1
females\sample-009089.mp3,1
females\sample-009103.mp3,1
females\sample-009119.mp3,1
females\sample-009126.mp3,1
females\sample-009138.mp3,1
females\sample-009148.mp3,1
females\sample-009169.mp3,1
females\sample-009171.mp3,1
females\sample-009183.mp3,1
females\sample-009189.mp3,1
females\sample-009191.mp3,1
females\sample-009200.mp3,1
females\sample-009201.mp3,1
females\sample-009225.mp3,1
females\sample-009235.mp3,1
females\sample-009241.mp3,1
females\sample-009244.mp3,1
females\sample-009266.mp3,1
females\sample-009274.mp3,1
females\sample-009284.mp3,1
females\sample-009300.mp3,1
females\sample-009302.mp3,1
females\sample-009306.mp3,1
females\sample-009308.mp3,1
females\sample-009312.mp3,1
females\sample-009313.mp3,1
females\sample-009316.mp3,1
females\sample-009330.mp3,1
females\sample-009335.mp3,1
females\sample-009355.mp3,1
females\sample-009360.mp3,1
females\sample-009364.mp3,1
females\sample-009369.mp3,1
females\sample-009371.mp3,1
females\sample-009379.mp3,1
females\sample-009394.mp3,1
females\sample-009437.mp3,1
females\sample-009444.mp3,1
females\sample-009445.mp3,1
females\sample-009464.mp3,1
females\sample-009465.mp3,1
females\sample-009474.mp3,1
females\sample-009489.mp3,1
females\sample-009494.mp3,1
females\sample-009512.mp3,1
females\sample-009538.mp3,1
females\sample-009549.mp3,1
females\sample-009563.mp3,1
females\sample-009565.mp3,1
females\sample-009570.mp3,1
females\sample-009571.mp3,1
females\sample-009576.mp3,1
females\sample-009577.mp3,1
females\sample-009594.mp3,1
females\sample-009603.mp3,1
females\sample-009636.mp3,1
females\sample-009662.mp3,1
females\sample-009672.mp3,1
females\sample-009692.mp3,1
females\sample-009713.mp3,1
females\sample-009726.mp3,1
females\sample-009734.mp3,1
females\sample-009747.mp3,1
females\sample-009753.mp3,1
females\sample-009755.mp3,1
females\sample-009786.mp3,1
females\sample-009787.mp3,1
females\sample-009788.mp3,1
females\sample-009808.mp3,1
females\sample-009809.mp3,1
females\sample-009848.mp3,1
females\sample-009869.mp3,1
females\sample-009870.mp3,1
females\sample-009881.mp3,1
females\sample-009960.mp3,1
females\sample-009979.mp3,1
females\sample-010006.mp3,1
females\sample-010020.mp3,1
females\sample-010025.mp3,1
females\sample-010040.mp3,1
females\sample-010042.mp3,1
females\sample-010050.mp3,1
females\sample-010063.mp3,1
females\sample-010074.mp3,1
females\sample-010093.mp3,1
females\sample-010099.mp3,1
females\sample-010111.mp3,1
females\sample-010144.mp3,1
females\sample-010146.mp3,1
females\sample-010161.mp3,1
females\sample-010175.mp3,1
females\sample-010202.mp3,1
females\sample-010233.mp3,1
females\sample-010238.mp3,1
females\sample-010250.mp3,1
females\sample-010252.mp3,1
females\sample-010267.mp3,1
females\sample-010268.mp3,1
females\sample-010272.mp3,1
females\sample-010277.mp3,1
females\sample-010292.mp3,1
females\sample-010306.mp3,1
females\sample-010311.mp3,1
females\sample-010328.mp3,1
females\sample-010334.mp3,1
females\sample-010339.mp3,1
females\sample-010344.mp3,1
females\sample-010370.mp3,1
females\sample-010393.mp3,1
females\sample-010409.mp3,1
females\sample-010486.mp3,1
females\sample-010493.mp3,1
females\sample-010501.mp3,1
females\sample-010524.mp3,1
females\sample-010541.mp3,1
females\sample-010543.mp3,1
females\sample-010552.mp3,1
females\sample-010555.mp3,1
females\sample-010557.mp3,1
females\sample-010570.mp3,1
females\sample-010583.mp3,1
females\sample-010593.mp3,1
females\sample-010604.mp3,1
females\sample-010605.mp3,1
females\sample-010608.mp3,1
females\sample-010614.mp3,1
females\sample-010621.mp3,1
females\sample-010637.mp3,1
females\sample-010642.mp3,1
females\sample-010644.mp3,1
females\sample-010678.mp3,1
females\sample-010681.mp3,1
females\sample-010685.mp3,1
females\sample-010689.mp3,1
females\sample-010692.mp3,1
females\sample-010709.mp3,1
females\sample-010743.mp3,1
females\sample-010755.mp3,1
females\sample-010778.mp3,1
females\sample-010783.mp3,1
females\sample-010806.mp3,1
females\sample-010815.mp3,1
females\sample-010844.mp3,1
females\sample-010846.mp3,1
females\sample-010848.mp3,1
females\sample-010850.mp3,1
females\sample-010854.mp3,1
females\sample-010858.mp3,1
females\sample-010868.mp3,1
females\sample-010885.mp3,1
females\sample-010887.mp3,1
females\sample-010894.mp3,1
females\sample-010910.mp3,1
females\sample-010916.mp3,1
females\sample-010924.mp3,1
females\sample-010931.mp3,1
females\sample-010936.mp3,1
females\sample-010950.mp3,1
females\sample-010953.mp3,1
females\sample-010955.mp3,1
females\sample-010959.mp3,1
females\sample-010962.mp3,1
females\sample-010979.mp3,1
females\sample-010998.mp3,1
females\sample-011004.mp3,1
females\sample-011021.mp3,1
females\sample-011036.mp3,1
females\sample-011047.mp3,1
females\sample-011052.mp3,1
females\sample-011054.mp3,1
females\sample-011068.mp3,1
females\sample-011075.mp3,1
females\sample-011080.mp3,1
females\sample-011085.mp3,1
females\sample-011108.mp3,1
females\sample-011116.mp3,1
females\sample-011121.mp3,1
females\sample-011156.mp3,1
females\sample-011162.mp3,1
females\sample-011169.mp3,1
females\sample-011185.mp3,1
females\sample-011190.mp3,1
females\sample-011203.mp3,1
females\sample-011219.mp3,1
females\sample-011240.mp3,1
females\sample-011277.mp3,1
females\sample-011282.mp3,1
females\sample-011314.mp3,1
females\sample-011337.mp3,1
females\sample-011343.mp3,1
females\sample-011349.mp3,1
females\sample-011367.mp3,1
females\sample-011376.mp3,1
females\sample-011391.mp3,1
females\sample-011392.mp3,1
females\sample-011400.mp3,1
females\sample-011412.mp3,1
females\sample-011414.mp3,1
females\sample-011426.mp3,1
females\sample-011433.mp3,1
females\sample-011445.mp3,1
females\sample-011446.mp3,1
females\sample-011455.mp3,1
females\sample-011488.mp3,1
females\sample-011496.mp3,1
females\sample-011501.mp3,1
females\sample-011519.mp3,1
females\sample-011526.mp3,1
females\sample-011528.mp3,1
females\sample-011559.mp3,1
females\sample-011568.mp3,1
females\sample-011575.mp3,1
females\sample-011597.mp3,1
females\sample-011614.mp3,1
females\sample-011624.mp3,1
females\sample-011633.mp3,1
females\sample-011638.mp3,1
females\sample-011660.mp3,1
females\sample-011675.mp3,1
females\sample-011698.mp3,1
females\sample-011706.mp3,1
females\sample-011715.mp3,1
females\sample-011733.mp3,1
females\sample-011749.mp3,1
females\sample-011770.mp3,1
females\sample-011771.mp3,1
females\sample-011772.mp3,1
females\sample-011776.mp3,1
females\sample-011780.mp3,1
females\sample-011791.mp3,1
females\sample-011800.mp3,1
females\sample-011802.mp3,1
females\sample-011816.mp3,1
females\sample-011824.mp3,1
females\sample-011844.mp3,1
females\sample-011846.mp3,1
females\sample-011867.mp3,1
females\sample-011869.mp3,1
females\sample-011871.mp3,1
females\sample-011881.mp3,1
females\sample-011888.mp3,1
females\sample-011904.mp3,1
females\sample-011920.mp3,1
females\sample-011922.mp3,1
females\sample-011944.mp3,1
females\sample-011947.mp3,1
females\sample-011956.mp3,1
females\sample-011963.mp3,1
females\sample-011972.mp3,1
females\sample-011977.mp3,1
females\sample-011998.mp3,1
females\sample-012006.mp3,1
females\sample-012031.mp3,1
females\sample-012072.mp3,1
females\sample-012085.mp3,1
females\sample-012087.mp3,1
females\sample-012092.mp3,1
females\sample-012114.mp3,1
females\sample-012145.mp3,1
females\sample-012153.mp3,1
females\sample-012162.mp3,1
females\sample-012172.mp3,1
females\sample-012183.mp3,1
females\sample-012205.mp3,1
females\sample-012224.mp3,1
females\sample-012247.mp3,1
females\sample-012249.mp3,1
females\sample-012256.mp3,1
females\sample-012265.mp3,1
females\sample-012281.mp3,1
females\sample-012292.mp3,1
females\sample-012304.mp3,1
females\sample-012310.mp3,1
females\sample-012349.mp3,1
females\sample-012367.mp3,1
females\sample-012368.mp3,1
females\sample-012381.mp3,1
females\sample-012391.mp3,1
females\sample-012393.mp3,1
females\sample-012394.mp3,1
females\sample-012402.mp3,1
females\sample-012409.mp3,1
females\sample-012415.mp3,1
females\sample-012421.mp3,1
females\sample-012432.mp3,1
females\sample-012436.mp3,1
females\sample-012448.mp3,1
females\sample-012455.mp3,1
females\sample-012456.mp3,1
females\sample-012475.mp3,1
females\sample-012479.mp3,1
females\sample-012522.mp3,1
females\sample-012528.mp3,1
females\sample-012558.mp3,1
females\sample-012566.mp3,1
females\sample-012587.mp3,1
females\sample-012605.mp3,1
females\sample-012624.mp3,1
females\sample-012628.mp3,1
females\sample-012637.mp3,1
females\sample-012643.mp3,1
females\sample-012651.mp3,1
females\sample-012652.mp3,1
females\sample-012678.mp3,1
females\sample-012682.mp3,1
females\sample-012686.mp3,1
females\sample-012688.mp3,1
females\sample-012690.mp3,1
females\sample-012714.mp3,1
females\sample-012729.mp3,1
females\sample-012735.mp3,1
females\sample-012742.mp3,1
females\sample-012759.mp3,1
females\sample-012765.mp3,1
females\sample-012768.mp3,1
females\sample-012775.mp3,1
females\sample-012782.mp3,1
females\sample-012811.mp3,1
females\sample-012818.mp3,1
females\sample-012820.mp3,1
females\sample-012821.mp3,1
females\sample-012828.mp3,1
females\sample-012829.mp3,1
females\sample-012842.mp3,1
females\sample-012851.mp3,1
females\sample-012884.mp3,1
females\sample-012902.mp3,1
females\sample-012904.mp3,1
females\sample-012907.mp3,1
females\sample-012911.mp3,1
females\sample-012918.mp3,1
females\sample-012920.mp3,1
females\sample-012954.mp3,1
females\sample-012960.mp3,1
females\sample-012962.mp3,1
females\sample-012968.mp3,1
females\sample-012972.mp3,1
females\sample-012978.mp3,1
females\sample-012983.mp3,1
females\sample-012990.mp3,1
females\sample-012991.mp3,1
females\sample-012996.mp3,1
females\sample-013017.mp3,1
females\sample-013019.mp3,1
females\sample-013024.mp3,1
females\sample-013040.mp3,1
females\sample-013045.mp3,1
females\sample-013065.mp3,1
females\sample-013068.mp3,1
females\sample-013080.mp3,1
females\sample-013081.mp3,1
females\sample-013088.mp3,1
females\sample-013090.mp3,1
females\sample-013095.mp3,1
females\sample-013096.mp3,1
females\sample-013103.mp3,1
females\sample-013115.mp3,1
females\sample-013122.mp3,1
females\sample-013123.mp3,1
females\sample-013146.mp3,1
females\sample-013174.mp3,1
females\sample-013190.mp3,1
females\sample-013206.mp3,1
females\sample-013225.mp3,1
females\sample-013227.mp3,1
females\sample-013234.mp3,1
females\sample-013253.mp3,1
females\sample-013269.mp3,1
females\sample-013278.mp3,1
females\sample-013284.mp3,1
females\sample-013289.mp3,1
females\sample-013315.mp3,1
females\sample-013345.mp3,1
females\sample-013357.mp3,1
females\sample-013365.mp3,1
females\sample-013402.mp3,1
females\sample-013408.mp3,1
females\sample-013443.mp3,1
females\sample-013460.mp3,1
females\sample-013461.mp3,1
females\sample-013462.mp3,1
females\sample-013472.mp3,1
females\sample-013510.mp3,1
females\sample-013520.mp3,1
females\sample-013534.mp3,1
females\sample-013538.mp3,1
females\sample-013555.mp3,1
females\sample-013560.mp3,1
females\sample-013563.mp3,1
females\sample-013576.mp3,1
females\sample-013587.mp3,1
females\sample-013588.mp3,1
females\sample-013603.mp3,1
females\sample-013620.mp3,1
females\sample-013633.mp3,1
females\sample-013635.mp3,1
females\sample-013638.mp3,1
females\sample-013672.mp3,1
females\sample-013685.mp3,1
females\sample-013688.mp3,1
females\sample-013690.mp3,1
females\sample-013691.mp3,1
females\sample-013704.mp3,1
females\sample-013721.mp3,1
females\sample-013723.mp3,1
females\sample-013728.mp3,1
females\sample-013741.mp3,1
females\sample-013747.mp3,1
females\sample-013749.mp3,1
females\sample-013792.mp3,1
females\sample-013793.mp3,1
females\sample-013798.mp3,1
females\sample-013801.mp3,1
females\sample-013817.mp3,1
females\sample-013821.mp3,1
females\sample-013838.mp3,1
females\sample-013855.mp3,1
females\sample-013857.mp3,1
females\sample-013861.mp3,1
females\sample-013884.mp3,1
females\sample-013889.mp3,1
females\sample-013915.mp3,1
females\sample-013935.mp3,1
females\sample-013945.mp3,1
females\sample-013946.mp3,1
females\sample-013951.mp3,1
females\sample-013955.mp3,1
females\sample-013958.mp3,1
females\sample-013959.mp3,1
females\sample-013970.mp3,1
females\sample-013974.mp3,1
females\sample-013991.mp3,1
females\sample-013998.mp3,1
females\sample-014013.mp3,1
females\sample-014019.mp3,1
females\sample-014023.mp3,1
females\sample-014033.mp3,1
females\sample-014034.mp3,1
females\sample-014051.mp3,1
females\sample-014066.mp3,1
females\sample-014072.mp3,1
females\sample-014073.mp3,1
females\sample-014077.mp3,1
females\sample-014079.mp3,1
females\sample-014085.mp3,1
females\sample-014087.mp3,1
females\sample-014104.mp3,1
females\sample-014108.mp3,1
females\sample-014127.mp3,1
females\sample-014137.mp3,1
females\sample-014148.mp3,1
females\sample-014159.mp3,1
females\sample-014164.mp3,1
females\sample-014165.mp3,1
females\sample-014169.mp3,1
females\sample-014198.mp3,1
females\sample-014214.mp3,1
females\sample-014231.mp3,1
females\sample-014253.mp3,1
females\sample-014292.mp3,1
females\sample-014296.mp3,1
females\sample-014298.mp3,1
females\sample-014301.mp3,1
females\sample-014311.mp3,1
females\sample-014317.mp3,1
females\sample-014319.mp3,1
females\sample-014321.mp3,1
females\sample-014338.mp3,1
females\sample-014355.mp3,1
females\sample-014362.mp3,1
females\sample-014367.mp3,1
females\sample-014378.mp3,1
females\sample-014380.mp3,1
females\sample-014394.mp3,1
females\sample-014399.mp3,1
females\sample-014402.mp3,1
females\sample-014409.mp3,1
females\sample-014412.mp3,1
females\sample-014417.mp3,1
females\sample-014449.mp3,1
females\sample-014473.mp3,1
females\sample-014477.mp3,1
females\sample-014523.mp3,1
females\sample-014535.mp3,1
females\sample-014538.mp3,1
females\sample-014542.mp3,1
females\sample-014543.mp3,1
females\sample-014561.mp3,1
females\sample-014562.mp3,1
females\sample-014564.mp3,1
females\sample-014566.mp3,1
females\sample-014569.mp3,1
females\sample-014577.mp3,1
females\sample-014586.mp3,1
females\sample-014596.mp3,1
females\sample-014597.mp3,1
females\sample-014606.mp3,1
females\sample-014613.mp3,1
females\sample-014614.mp3,1
females\sample-014639.mp3,1
females\sample-014642.mp3,1
females\sample-014661.mp3,1
females\sample-014667.mp3,1
females\sample-014703.mp3,1
females\sample-014726.mp3,1
females\sample-014728.mp3,1
females\sample-014732.mp3,1
females\sample-014747.mp3,1
females\sample-014762.mp3,1
females\sample-014798.mp3,1
females\sample-014799.mp3,1
females\sample-014805.mp3,1
females\sample-014810.mp3,1
females\sample-014818.mp3,1
females\sample-014831.mp3,1
females\sample-014835.mp3,1
females\sample-014838.mp3,1
females\sample-014856.mp3,1
females\sample-014862.mp3,1
females\sample-014886.mp3,1
females\sample-014894.mp3,1
females\sample-014897.mp3,1
females\sample-014901.mp3,1
females\sample-014913.mp3,1
females\sample-014926.mp3,1
females\sample-014933.mp3,1
females\sample-014934.mp3,1
females\sample-014937.mp3,1
females\sample-014961.mp3,1
females\sample-014967.mp3,1
females\sample-014973.mp3,1
females\sample-015026.mp3,1
females\sample-015039.mp3,1
females\sample-015063.mp3,1
females\sample-015086.mp3,1
females\sample-015116.mp3,1
females\sample-015126.mp3,1
females\sample-015133.mp3,1
females\sample-015139.mp3,1
females\sample-015144.mp3,1
females\sample-015181.mp3,1
females\sample-015200.mp3,1
females\sample-015207.mp3,1
females\sample-015230.mp3,1
females\sample-015248.mp3,1
females\sample-015249.mp3,1
females\sample-015251.mp3,1
females\sample-015252.mp3,1
females\sample-015267.mp3,1
females\sample-015311.mp3,1
females\sample-015327.mp3,1
females\sample-015335.mp3,1
females\sample-015349.mp3,1
females\sample-015361.mp3,1
females\sample-015388.mp3,1
females\sample-015391.mp3,1
females\sample-015397.mp3,1
females\sample-015401.mp3,1
females\sample-015412.mp3,1
females\sample-015445.mp3,1
females\sample-015456.mp3,1
females\sample-015461.mp3,1
females\sample-015504.mp3,1
females\sample-015509.mp3,1
females\sample-015513.mp3,1
females\sample-015524.mp3,1
females\sample-015542.mp3,1
females\sample-015584.mp3,1
females\sample-015597.mp3,1
females\sample-015600.mp3,1
females\sample-015604.mp3,1
females\sample-015607.mp3,1
females\sample-015610.mp3,1
females\sample-015612.mp3,1
females\sample-015613.mp3,1
females\sample-015662.mp3,1
females\sample-015670.mp3,1
females\sample-015677.mp3,1
females\sample-015680.mp3,1
females\sample-015683.mp3,1
females\sample-015684.mp3,1
females\sample-015692.mp3,1
females\sample-015705.mp3,1
females\sample-015713.mp3,1
females\sample-015725.mp3,1
females\sample-015742.mp3,1
females\sample-015745.mp3,1
females\sample-015757.mp3,1
females\sample-015776.mp3,1
females\sample-015789.mp3,1
females\sample-015813.mp3,1
females\sample-015821.mp3,1
females\sample-015826.mp3,1
females\sample-015827.mp3,1
females\sample-015832.mp3,1
females\sample-015839.mp3,1
females\sample-015866.mp3,1
females\sample-015869.mp3,1
females\sample-015880.mp3,1
females\sample-015882.mp3,1
females\sample-015887.mp3,1
females\sample-015901.mp3,1
females\sample-015912.mp3,1
females\sample-015930.mp3,1
females\sample-015941.mp3,1
females\sample-015946.mp3,1
females\sample-015951.mp3,1
females\sample-015953.mp3,1
females\sample-015957.mp3,1
females\sample-015980.mp3,1
females\sample-015992.mp3,1
females\sample-016005.mp3,1
females\sample-016013.mp3,1
females\sample-016027.mp3,1
females\sample-016040.mp3,1
females\sample-016046.mp3,1
females\sample-016047.mp3,1
females\sample-016053.mp3,1
females\sample-016055.mp3,1
females\sample-016075.mp3,1
females\sample-016086.mp3,1
females\sample-016088.mp3,1
females\sample-016101.mp3,1
females\sample-016102.mp3,1
females\sample-016114.mp3,1
females\sample-016121.mp3,1
females\sample-016151.mp3,1
females\sample-016163.mp3,1
females\sample-016172.mp3,1
females\sample-016178.mp3,1
females\sample-016180.mp3,1
females\sample-016186.mp3,1
females\sample-016187.mp3,1
females\sample-016216.mp3,1
females\sample-016229.mp3,1
females\sample-016230.mp3,1
females\sample-016238.mp3,1
females\sample-016244.mp3,1
females\sample-016264.mp3,1
females\sample-016287.mp3,1
females\sample-016294.mp3,1
females\sample-016296.mp3,1
females\sample-016307.mp3,1
females\sample-016309.mp3,1
females\sample-016355.mp3,1
females\sample-016395.mp3,1
females\sample-016399.mp3,1
females\sample-016400.mp3,1
females\sample-016418.mp3,1
females\sample-016464.mp3,1
females\sample-016496.mp3,1
females\sample-016532.mp3,1
females\sample-016534.mp3,1
females\sample-016536.mp3,1
females\sample-016540.mp3,1
females\sample-016559.mp3,1
females\sample-016573.mp3,1
females\sample-016580.mp3,1
females\sample-016601.mp3,1
females\sample-016603.mp3,1
females\sample-016604.mp3,1
females\sample-016607.mp3,1
females\sample-016629.mp3,1
females\sample-016638.mp3,1
females\sample-016654.mp3,1
females\sample-016658.mp3,1
females\sample-016660.mp3,1
females\sample-016673.mp3,1
females\sample-016674.mp3,1
females\sample-016675.mp3,1
females\sample-016701.mp3,1
females\sample-016714.mp3,1
females\sample-016717.mp3,1
females\sample-016731.mp3,1
females\sample-016760.mp3,1
females\sample-016773.mp3,1
females\sample-016776.mp3,1
females\sample-016790.mp3,1
females\sample-016815.mp3,1
females\sample-016822.mp3,1
females\sample-016836.mp3,1
females\sample-016839.mp3,1
females\sample-016844.mp3,1
females\sample-016845.mp3,1
females\sample-016850.mp3,1
females\sample-016861.mp3,1
females\sample-016866.mp3,1
females\sample-016877.mp3,1
females\sample-016894.mp3,1
females\sample-016895.mp3,1
females\sample-016901.mp3,1
females\sample-016905.mp3,1
females\sample-016917.mp3,1
females\sample-016921.mp3,1
females\sample-016924.mp3,1
females\sample-016929.mp3,1
females\sample-016947.mp3,1
females\sample-016968.mp3,1
females\sample-016987.mp3,1
females\sample-017020.mp3,1
females\sample-017042.mp3,1
females\sample-017074.mp3,1
females\sample-017076.mp3,1
females\sample-017081.mp3,1
females\sample-017092.mp3,1
females\sample-017095.mp3,1
females\sample-017100.mp3,1
females\sample-017103.mp3,1
females\sample-017105.mp3,1
females\sample-017131.mp3,1
females\sample-017136.mp3,1
females\sample-017145.mp3,1
females\sample-017147.mp3,1
females\sample-017184.mp3,1
females\sample-017194.mp3,1
females\sample-017201.mp3,1
females\sample-017205.mp3,1
females\sample-017206.mp3,1
females\sample-017228.mp3,1
females\sample-017284.mp3,1
females\sample-017288.mp3,1
females\sample-017298.mp3,1
females\sample-017301.mp3,1
females\sample-017310.mp3,1
females\sample-017314.mp3,1
females\sample-017336.mp3,1
females\sample-017349.mp3,1
females\sample-017364.mp3,1
females\sample-017366.mp3,1
females\sample-017368.mp3,1
females\sample-017390.mp3,1
females\sample-017393.mp3,1
females\sample-017410.mp3,1
females\sample-017416.mp3,1
females\sample-017430.mp3,1
females\sample-017437.mp3,1
females\sample-017441.mp3,1
females\sample-017451.mp3,1
females\sample-017452.mp3,1
females\sample-017456.mp3,1
females\sample-017485.mp3,1
females\sample-017504.mp3,1
females\sample-017523.mp3,1
females\sample-017524.mp3,1
females\sample-017526.mp3,1
females\sample-017528.mp3,1
females\sample-017538.mp3,1
females\sample-017541.mp3,1
females\sample-017555.mp3,1
females\sample-017557.mp3,1
females\sample-017567.mp3,1
females\sample-017596.mp3,1
females\sample-017638.mp3,1
females\sample-017647.mp3,1
females\sample-017681.mp3,1
females\sample-017686.mp3,1
females\sample-017706.mp3,1
females\sample-017712.mp3,1
females\sample-017715.mp3,1
females\sample-017734.mp3,1
females\sample-017741.mp3,1
females\sample-017743.mp3,1
females\sample-017754.mp3,1
females\sample-017761.mp3,1
females\sample-017762.mp3,1
females\sample-017810.mp3,1
females\sample-017820.mp3,1
females\sample-017823.mp3,1
females\sample-017841.mp3,1
females\sample-017844.mp3,1
females\sample-017869.mp3,1
females\sample-017877.mp3,1
females\sample-017894.mp3,1
females\sample-017910.mp3,1
females\sample-017919.mp3,1
females\sample-017924.mp3,1
females\sample-017933.mp3,1
females\sample-017941.mp3,1
females\sample-017946.mp3,1
females\sample-017958.mp3,1
females\sample-017961.mp3,1
females\sample-017969.mp3,1
females\sample-017976.mp3,1
females\sample-017981.mp3,1
females\sample-017995.mp3,1
females\sample-017997.mp3,1
females\sample-017999.mp3,1
females\sample-018004.mp3,1
females\sample-018006.mp3,1
females\sample-018011.mp3,1
females\sample-018014.mp3,1
females\sample-018020.mp3,1
females\sample-018026.mp3,1
females\sample-018029.mp3,1
females\sample-018030.mp3,1
females\sample-018033.mp3,1
females\sample-018043.mp3,1
females\sample-018045.mp3,1
females\sample-018052.mp3,1
females\sample-018067.mp3,1
females\sample-018077.mp3,1
females\sample-018087.mp3,1
females\sample-018102.mp3,1
females\sample-018110.mp3,1
females\sample-018139.mp3,1
females\sample-018147.mp3,1
females\sample-018154.mp3,1
females\sample-018166.mp3,1
females\sample-018168.mp3,1
females\sample-018170.mp3,1
females\sample-018188.mp3,1
females\sample-018223.mp3,1
females\sample-018228.mp3,1
females\sample-018236.mp3,1
females\sample-018270.mp3,1
females\sample-018283.mp3,1
females\sample-018319.mp3,1
females\sample-018323.mp3,1
females\sample-018325.mp3,1
females\sample-018340.mp3,1
females\sample-018341.mp3,1
females\sample-018346.mp3,1
females\sample-018369.mp3,1
females\sample-018375.mp3,1
females\sample-018383.mp3,1
females\sample-018395.mp3,1
females\sample-018413.mp3,1
females\sample-018423.mp3,1
females\sample-018427.mp3,1
females\sample-018429.mp3,1
females\sample-018466.mp3,1
females\sample-018472.mp3,1
females\sample-018473.mp3,1
females\sample-018477.mp3,1
females\sample-018506.mp3,1
females\sample-018510.mp3,1
females\sample-018515.mp3,1
females\sample-018534.mp3,1
females\sample-018548.mp3,1
females\sample-018555.mp3,1
females\sample-018569.mp3,1
females\sample-018582.mp3,1
females\sample-018589.mp3,1
females\sample-018592.mp3,1
females\sample-018598.mp3,1
females\sample-018614.mp3,1
females\sample-018617.mp3,1
females\sample-018619.mp3,1
females\sample-018620.mp3,1
females\sample-018644.mp3,1
females\sample-018653.mp3,1
females\sample-018680.mp3,1
females\sample-018715.mp3,1
females\sample-018721.mp3,1
females\sample-018759.mp3,1
females\sample-018771.mp3,1
females\sample-018772.mp3,1
females\sample-018775.mp3,1
females\sample-018788.mp3,1
females\sample-018801.mp3,1
females\sample-018862.mp3,1
females\sample-018879.mp3,1
females\sample-018889.mp3,1
females\sample-018925.mp3,1
females\sample-018930.mp3,1
females\sample-018935.mp3,1
females\sample-018937.mp3,1
females\sample-018940.mp3,1
females\sample-018981.mp3,1
females\sample-018987.mp3,1
females\sample-019013.mp3,1
females\sample-019020.mp3,1
females\sample-019034.mp3,1
females\sample-019037.mp3,1
females\sample-019042.mp3,1
females\sample-019053.mp3,1
females\sample-019087.mp3,1
females\sample-019092.mp3,1
females\sample-019104.mp3,1
females\sample-019116.mp3,1
females\sample-019125.mp3,1
females\sample-019127.mp3,1
females\sample-019153.mp3,1
females\sample-019155.mp3,1
females\sample-019160.mp3,1
females\sample-019171.mp3,1
females\sample-019194.mp3,1
females\sample-019195.mp3,1
females\sample-019204.mp3,1
females\sample-019220.mp3,1
females\sample-019223.mp3,1
females\sample-019227.mp3,1
females\sample-019234.mp3,1
females\sample-019249.mp3,1
females\sample-019267.mp3,1
females\sample-019275.mp3,1
females\sample-019303.mp3,1
females\sample-019313.mp3,1
females\sample-019338.mp3,1
females\sample-019348.mp3,1
females\sample-019363.mp3,1
females\sample-019371.mp3,1
females\sample-019373.mp3,1
females\sample-019392.mp3,1
females\sample-019401.mp3,1
females\sample-019411.mp3,1
females\sample-019412.mp3,1
females\sample-019416.mp3,1
females\sample-019442.mp3,1
females\sample-019503.mp3,1
females\sample-019515.mp3,1
females\sample-019516.mp3,1
females\sample-019521.mp3,1
females\sample-019548.mp3,1
females\sample-019551.mp3,1
females\sample-019561.mp3,1
females\sample-019578.mp3,1
females\sample-019583.mp3,1
females\sample-019589.mp3,1
females\sample-019596.mp3,1
females\sample-019601.mp3,1
females\sample-019603.mp3,1
females\sample-019609.mp3,1
females\sample-019612.mp3,1
females\sample-019623.mp3,1
females\sample-019628.mp3,1
females\sample-019639.mp3,1
females\sample-019640.mp3,1
females\sample-019644.mp3,1
females\sample-019646.mp3,1
females\sample-019667.mp3,1
females\sample-019669.mp3,1
females\sample-019671.mp3,1
females\sample-019674.mp3,1
females\sample-019693.mp3,1
females\sample-019700.mp3,1
females\sample-019706.mp3,1
females\sample-019713.mp3,1
females\sample-019739.mp3,1
females\sample-019748.mp3,1
females\sample-019781.mp3,1
females\sample-019808.mp3,1
females\sample-019818.mp3,1
females\sample-019826.mp3,1
females\sample-019830.mp3,1
females\sample-019835.mp3,1
females\sample-019838.mp3,1
females\sample-019843.mp3,1
females\sample-019850.mp3,1
females\sample-019852.mp3,1
females\sample-019893.mp3,1
females\sample-019907.mp3,1
females\sample-019931.mp3,1
females\sample-019938.mp3,1
females\sample-019963.mp3,1
females\sample-019980.mp3,1
females\sample-020008.mp3,1
females\sample-020011.mp3,1
females\sample-020018.mp3,1
females\sample-020021.mp3,1
females\sample-020035.mp3,1
females\sample-020042.mp3,1
females\sample-020058.mp3,1
females\sample-020073.mp3,1
females\sample-020086.mp3,1
females\sample-020121.mp3,1
females\sample-020126.mp3,1
females\sample-020131.mp3,1
females\sample-020135.mp3,1
females\sample-020151.mp3,1
females\sample-020152.mp3,1
females\sample-020158.mp3,1
females\sample-020159.mp3,1
females\sample-020168.mp3,1
females\sample-020185.mp3,1
females\sample-020198.mp3,1
females\sample-020203.mp3,1
females\sample-020218.mp3,1
females\sample-020220.mp3,1
females\sample-020223.mp3,1
females\sample-020227.mp3,1
females\sample-020230.mp3,1
females\sample-020247.mp3,1
females\sample-020256.mp3,1
females\sample-020261.mp3,1
females\sample-020269.mp3,1
females\sample-020278.mp3,1
females\sample-020282.mp3,1
females\sample-020286.mp3,1
females\sample-020303.mp3,1
females\sample-020308.mp3,1
females\sample-020323.mp3,1
females\sample-020337.mp3,1
females\sample-020342.mp3,1
females\sample-020346.mp3,1
females\sample-020356.mp3,1
females\sample-020361.mp3,1
females\sample-020365.mp3,1
females\sample-020367.mp3,1
females\sample-020376.mp3,1
females\sample-020396.mp3,1
females\sample-020428.mp3,1
females\sample-020434.mp3,1
females\sample-020449.mp3,1
females\sample-020450.mp3,1
females\sample-020456.mp3,1
females\sample-020464.mp3,1
females\sample-020467.mp3,1
females\sample-020481.mp3,1
females\sample-020496.mp3,1
females\sample-020500.mp3,1
females\sample-020505.mp3,1
females\sample-020510.mp3,1
females\sample-020514.mp3,1
females\sample-020543.mp3,1
females\sample-020545.mp3,1
females\sample-020547.mp3,1
females\sample-020549.mp3,1
females\sample-020558.mp3,1
females\sample-020559.mp3,1
females\sample-020565.mp3,1
females\sample-020598.mp3,1
females\sample-020609.mp3,1
females\sample-020630.mp3,1
females\sample-020636.mp3,1
females\sample-020640.mp3,1
females\sample-020654.mp3,1
females\sample-020664.mp3,1
females\sample-020668.mp3,1
females\sample-020679.mp3,1
females\sample-020688.mp3,1
females\sample-020702.mp3,1
females\sample-020709.mp3,1
females\sample-020711.mp3,1
females\sample-020745.mp3,1
females\sample-020758.mp3,1
females\sample-020774.mp3,1
females\sample-020819.mp3,1
females\sample-020820.mp3,1
females\sample-020827.mp3,1
females\sample-020831.mp3,1
females\sample-020847.mp3,1
females\sample-020860.mp3,1
females\sample-020865.mp3,1
females\sample-020867.mp3,1
females\sample-020875.mp3,1
females\sample-020877.mp3,1
females\sample-020895.mp3,1
females\sample-020898.mp3,1
females\sample-020918.mp3,1
females\sample-020924.mp3,1
females\sample-020931.mp3,1
females\sample-020947.mp3,1
females\sample-020959.mp3,1
females\sample-020963.mp3,1
females\sample-020974.mp3,1
females\sample-020984.mp3,1
females\sample-020988.mp3,1
females\sample-020997.mp3,1
females\sample-021003.mp3,1
females\sample-021013.mp3,1
females\sample-021015.mp3,1
females\sample-021050.mp3,1
females\sample-021089.mp3,1
females\sample-021099.mp3,1
females\sample-021120.mp3,1
females\sample-021121.mp3,1
females\sample-021122.mp3,1
females\sample-021131.mp3,1
females\sample-021190.mp3,1
females\sample-021201.mp3,1
females\sample-021206.mp3,1
females\sample-021215.mp3,1
females\sample-021219.mp3,1
females\sample-021220.mp3,1
females\sample-021222.mp3,1
females\sample-021223.mp3,1
females\sample-021230.mp3,1
females\sample-021249.mp3,1
females\sample-021258.mp3,1
females\sample-021301.mp3,1
females\sample-021307.mp3,1
females\sample-021321.mp3,1
females\sample-021338.mp3,1
females\sample-021340.mp3,1
females\sample-021342.mp3,1
females\sample-021351.mp3,1
females\sample-021365.mp3,1
females\sample-021377.mp3,1
females\sample-021386.mp3,1
females\sample-021411.mp3,1
females\sample-021445.mp3,1
females\sample-021452.mp3,1
females\sample-021453.mp3,1
females\sample-021465.mp3,1
females\sample-021470.mp3,1
females\sample-021518.mp3,1
females\sample-021526.mp3,1
females\sample-021531.mp3,1
females\sample-021540.mp3,1
females\sample-021550.mp3,1
females\sample-021564.mp3,1
females\sample-021571.mp3,1
females\sample-021572.mp3,1
females\sample-021588.mp3,1
females\sample-021606.mp3,1
females\sample-021611.mp3,1
females\sample-021637.mp3,1
females\sample-021643.mp3,1
females\sample-021661.mp3,1
females\sample-021698.mp3,1
females\sample-021708.mp3,1
females\sample-021712.mp3,1
females\sample-021719.mp3,1
females\sample-021727.mp3,1
females\sample-021739.mp3,1
females\sample-021753.mp3,1
females\sample-021763.mp3,1
females\sample-021775.mp3,1
females\sample-021791.mp3,1
females\sample-021799.mp3,1
females\sample-021803.mp3,1
females\sample-021809.mp3,1
females\sample-021810.mp3,1
females\sample-021815.mp3,1
females\sample-021818.mp3,1
females\sample-021829.mp3,1
females\sample-021864.mp3,1
females\sample-021873.mp3,1
females\sample-021875.mp3,1
females\sample-021889.mp3,1
females\sample-021904.mp3,1
females\sample-021912.mp3,1
females\sample-021915.mp3,1
females\sample-021938.mp3,1
females\sample-021946.mp3,1
females\sample-021947.mp3,1
females\sample-021951.mp3,1
females\sample-021957.mp3,1
females\sample-021965.mp3,1
females\sample-021975.mp3,1
females\sample-022002.mp3,1
females\sample-022021.mp3,1
females\sample-022028.mp3,1
females\sample-022030.mp3,1
females\sample-022050.mp3,1
females\sample-022059.mp3,1
females\sample-022061.mp3,1
females\sample-022071.mp3,1
females\sample-022092.mp3,1
females\sample-022100.mp3,1
females\sample-022114.mp3,1
females\sample-022129.mp3,1
females\sample-022135.mp3,1
females\sample-022139.mp3,1
females\sample-022145.mp3,1
females\sample-022148.mp3,1
females\sample-022157.mp3,1
females\sample-022169.mp3,1
females\sample-022173.mp3,1
females\sample-022174.mp3,1
females\sample-022179.mp3,1
females\sample-022192.mp3,1
females\sample-022217.mp3,1
females\sample-022218.mp3,1
females\sample-022225.mp3,1
females\sample-022239.mp3,1
females\sample-022241.mp3,1
females\sample-022244.mp3,1
females\sample-022256.mp3,1
females\sample-022257.mp3,1
females\sample-022259.mp3,1
females\sample-022265.mp3,1
females\sample-022276.mp3,1
females\sample-022287.mp3,1
females\sample-022299.mp3,1
females\sample-022322.mp3,1
females\sample-022330.mp3,1
females\sample-022337.mp3,1
females\sample-022341.mp3,1
females\sample-022360.mp3,1
females\sample-022362.mp3,1
females\sample-022364.mp3,1
females\sample-022369.mp3,1
females\sample-022370.mp3,1
females\sample-022409.mp3,1
females\sample-022430.mp3,1
females\sample-022434.mp3,1
females\sample-022440.mp3,1
females\sample-022452.mp3,1
females\sample-022467.mp3,1
females\sample-022475.mp3,1
females\sample-022476.mp3,1
females\sample-022488.mp3,1
females\sample-022507.mp3,1
females\sample-022509.mp3,1
females\sample-022510.mp3,1
females\sample-022517.mp3,1
females\sample-022521.mp3,1
females\sample-022555.mp3,1
females\sample-022570.mp3,1
females\sample-022576.mp3,1
females\sample-022579.mp3,1
females\sample-022582.mp3,1
females\sample-022584.mp3,1
females\sample-022597.mp3,1
females\sample-022599.mp3,1
females\sample-022600.mp3,1
females\sample-022603.mp3,1
females\sample-022618.mp3,1
females\sample-022629.mp3,1
females\sample-022633.mp3,1
females\sample-022637.mp3,1
females\sample-022652.mp3,1
females\sample-022672.mp3,1
females\sample-022673.mp3,1
females\sample-022679.mp3,1
females\sample-022686.mp3,1
females\sample-022699.mp3,1
females\sample-022720.mp3,1
females\sample-022745.mp3,1
females\sample-022754.mp3,1
females\sample-022787.mp3,1
females\sample-022792.mp3,1
females\sample-022793.mp3,1
females\sample-022819.mp3,1
females\sample-022826.mp3,1
females\sample-022838.mp3,1
females\sample-022847.mp3,1
females\sample-022858.mp3,1
females\sample-022896.mp3,1
females\sample-022905.mp3,1
females\sample-022908.mp3,1
females\sample-022924.mp3,1
females\sample-022938.mp3,1
females\sample-022943.mp3,1
females\sample-022947.mp3,1
females\sample-022957.mp3,1
females\sample-022969.mp3,1
females\sample-022977.mp3,1
females\sample-022978.mp3,1
females\sample-022988.mp3,1
females\sample-022999.mp3,1
females\sample-023018.mp3,1
females\sample-023025.mp3,1
females\sample-023033.mp3,1
females\sample-023038.mp3,1
females\sample-023044.mp3,1
females\sample-023050.mp3,1
females\sample-023052.mp3,1
females\sample-023063.mp3,1
females\sample-023107.mp3,1
females\sample-023114.mp3,1
females\sample-023115.mp3,1
females\sample-023123.mp3,1
females\sample-023134.mp3,1
females\sample-023135.mp3,1
females\sample-023140.mp3,1
females\sample-023141.mp3,1
females\sample-023152.mp3,1
females\sample-023154.mp3,1
females\sample-023159.mp3,1
females\sample-023165.mp3,1
females\sample-023168.mp3,1
females\sample-023170.mp3,1
females\sample-023180.mp3,1
females\sample-023186.mp3,1
females\sample-023194.mp3,1
females\sample-023215.mp3,1
females\sample-023218.mp3,1
females\sample-023220.mp3,1
females\sample-023222.mp3,1
females\sample-023249.mp3,1
females\sample-023282.mp3,1
females\sample-023284.mp3,1
females\sample-023295.mp3,1
females\sample-023304.mp3,1
females\sample-023308.mp3,1
females\sample-023314.mp3,1
females\sample-023316.mp3,1
females\sample-023327.mp3,1
females\sample-023341.mp3,1
females\sample-023344.mp3,1
females\sample-023350.mp3,1
females\sample-023357.mp3,1
females\sample-023363.mp3,1
females\sample-023369.mp3,1
females\sample-023382.mp3,1
females\sample-023388.mp3,1
females\sample-023401.mp3,1
females\sample-023402.mp3,1
females\sample-023411.mp3,1
females\sample-023421.mp3,1
females\sample-023424.mp3,1
females\sample-023428.mp3,1
females\sample-023442.mp3,1
females\sample-023453.mp3,1
females\sample-023456.mp3,1
females\sample-023463.mp3,1
females\sample-023466.mp3,1
females\sample-023484.mp3,1
females\sample-023507.mp3,1
females\sample-023509.mp3,1
females\sample-023518.mp3,1
females\sample-023534.mp3,1
females\sample-023537.mp3,1
females\sample-023555.mp3,1
females\sample-023563.mp3,1
females\sample-023564.mp3,1
females\sample-023573.mp3,1
females\sample-023605.mp3,1
females\sample-023612.mp3,1
females\sample-023645.mp3,1
females\sample-023654.mp3,1
females\sample-023658.mp3,1
females\sample-023662.mp3,1
females\sample-023680.mp3,1
females\sample-023686.mp3,1
females\sample-023696.mp3,1
females\sample-023704.mp3,1
females\sample-023728.mp3,1
females\sample-023730.mp3,1
females\sample-023742.mp3,1
females\sample-023767.mp3,1
females\sample-023772.mp3,1
females\sample-023789.mp3,1
females\sample-023798.mp3,1
females\sample-023802.mp3,1
females\sample-023811.mp3,1
females\sample-023813.mp3,1
females\sample-023831.mp3,1
females\sample-023834.mp3,1
females\sample-023835.mp3,1
females\sample-023843.mp3,1
females\sample-023851.mp3,1
females\sample-023871.mp3,1
females\sample-023872.mp3,1
females\sample-023875.mp3,1
females\sample-023879.mp3,1
females\sample-023896.mp3,1
females\sample-023921.mp3,1
females\sample-023932.mp3,1
females\sample-023944.mp3,1
females\sample-023946.mp3,1
females\sample-023959.mp3,1
females\sample-023970.mp3,1
females\sample-023972.mp3,1
females\sample-023986.mp3,1
females\sample-023991.mp3,1
females\sample-024004.mp3,1
females\sample-024014.mp3,1
females\sample-024032.mp3,1
females\sample-024034.mp3,1
females\sample-024055.mp3,1
females\sample-024059.mp3,1
females\sample-024082.mp3,1
females\sample-024091.mp3,1
females\sample-024103.mp3,1
females\sample-024111.mp3,1
females\sample-024112.mp3,1
females\sample-024154.mp3,1
females\sample-024155.mp3,1
females\sample-024158.mp3,1
females\sample-024160.mp3,1
females\sample-024162.mp3,1
females\sample-024187.mp3,1
females\sample-024189.mp3,1
females\sample-024194.mp3,1
females\sample-024214.mp3,1
females\sample-024226.mp3,1
females\sample-024256.mp3,1
females\sample-024297.mp3,1
females\sample-024298.mp3,1
females\sample-024308.mp3,1
females\sample-024320.mp3,1
females\sample-024322.mp3,1
females\sample-024325.mp3,1
females\sample-024339.mp3,1
females\sample-024359.mp3,1
females\sample-024375.mp3,1
females\sample-024398.mp3,1
females\sample-024429.mp3,1
females\sample-024480.mp3,1
females\sample-024487.mp3,1
females\sample-024488.mp3,1
females\sample-024500.mp3,1
females\sample-024504.mp3,1
females\sample-024551.mp3,1
females\sample-024556.mp3,1
females\sample-024557.mp3,1
females\sample-024591.mp3,1
females\sample-024597.mp3,1
females\sample-024602.mp3,1
females\sample-024623.mp3,1
females\sample-024644.mp3,1
females\sample-024652.mp3,1
females\sample-024654.mp3,1
females\sample-024688.mp3,1
females\sample-024706.mp3,1
females\sample-024716.mp3,1
females\sample-024753.mp3,1
females\sample-024762.mp3,1
females\sample-024765.mp3,1
females\sample-024770.mp3,1
females\sample-024785.mp3,1
females\sample-024789.mp3,1
females\sample-024803.mp3,1
females\sample-024809.mp3,1
females\sample-024812.mp3,1
females\sample-024837.mp3,1
females\sample-024894.mp3,1
females\sample-024922.mp3,1
females\sample-024923.mp3,1
females\sample-024933.mp3,1
females\sample-024934.mp3,1
females\sample-024939.mp3,1
females\sample-024974.mp3,1
females\sample-024993.mp3,1
females\sample-024996.mp3,1
females\sample-025006.mp3,1
females\sample-025012.mp3,1
females\sample-025032.mp3,1
females\sample-025043.mp3,1
females\sample-025064.mp3,1
females\sample-025068.mp3,1
females\sample-025077.mp3,1
females\sample-025086.mp3,1
females\sample-025093.mp3,1
females\sample-025105.mp3,1
females\sample-025124.mp3,1
females\sample-025126.mp3,1
females\sample-025130.mp3,1
females\sample-025136.mp3,1
females\sample-025138.mp3,1
females\sample-025141.mp3,1
females\sample-025155.mp3,1
females\sample-025174.mp3,1
females\sample-025175.mp3,1
females\sample-025176.mp3,1
females\sample-025197.mp3,1
females\sample-025206.mp3,1
females\sample-025241.mp3,1
females\sample-025264.mp3,1
females\sample-025274.mp3,1
females\sample-025296.mp3,1
females\sample-025303.mp3,1
females\sample-025334.mp3,1
females\sample-025353.mp3,1
females\sample-025364.mp3,1
females\sample-025371.mp3,1
females\sample-025375.mp3,1
females\sample-025384.mp3,1
females\sample-025418.mp3,1
females\sample-025425.mp3,1
females\sample-025431.mp3,1
females\sample-025432.mp3,1
females\sample-025443.mp3,1
females\sample-025455.mp3,1
females\sample-025462.mp3,1
females\sample-025470.mp3,1
females\sample-025483.mp3,1
females\sample-025509.mp3,1
females\sample-025514.mp3,1
females\sample-025519.mp3,1
females\sample-025535.mp3,1
females\sample-025553.mp3,1
females\sample-025567.mp3,1
females\sample-025570.mp3,1
females\sample-025571.mp3,1
females\sample-025572.mp3,1
females\sample-025588.mp3,1
females\sample-025597.mp3,1
females\sample-025606.mp3,1
females\sample-025620.mp3,1
females\sample-025624.mp3,1
females\sample-025626.mp3,1
females\sample-025628.mp3,1
females\sample-025638.mp3,1
females\sample-025642.mp3,1
females\sample-025643.mp3,1
females\sample-025663.mp3,1
females\sample-025664.mp3,1
females\sample-025686.mp3,1
females\sample-025691.mp3,1
females\sample-025692.mp3,1
females\sample-025713.mp3,1
females\sample-025717.mp3,1
females\sample-025729.mp3,1
females\sample-025732.mp3,1
females\sample-025742.mp3,1
females\sample-025776.mp3,1
females\sample-025790.mp3,1
females\sample-025792.mp3,1
females\sample-025798.mp3,1
females\sample-025806.mp3,1
females\sample-025814.mp3,1
females\sample-025817.mp3,1
females\sample-025825.mp3,1
females\sample-025830.mp3,1
females\sample-025835.mp3,1
females\sample-025855.mp3,1
females\sample-025899.mp3,1
females\sample-025904.mp3,1
females\sample-025905.mp3,1
females\sample-025915.mp3,1
females\sample-025941.mp3,1
females\sample-025944.mp3,1
females\sample-025954.mp3,1
females\sample-025968.mp3,1
females\sample-025974.mp3,1
females\sample-026011.mp3,1
females\sample-026015.mp3,1
females\sample-026018.mp3,1
females\sample-026028.mp3,1
females\sample-026031.mp3,1
females\sample-026062.mp3,1
females\sample-026077.mp3,1
females\sample-026080.mp3,1
females\sample-026091.mp3,1
females\sample-026108.mp3,1
females\sample-026114.mp3,1
females\sample-026123.mp3,1
females\sample-026134.mp3,1
females\sample-026143.mp3,1
females\sample-026146.mp3,1
females\sample-026210.mp3,1
females\sample-026212.mp3,1
females\sample-026221.mp3,1
females\sample-026235.mp3,1
females\sample-026253.mp3,1
females\sample-026255.mp3,1
females\sample-026279.mp3,1
females\sample-026280.mp3,1
females\sample-026281.mp3,1
females\sample-026290.mp3,1
females\sample-026291.mp3,1
females\sample-026295.mp3,1
females\sample-026299.mp3,1
females\sample-026301.mp3,1
females\sample-026305.mp3,1
females\sample-026308.mp3,1
females\sample-026315.mp3,1
females\sample-026317.mp3,1
females\sample-026320.mp3,1
females\sample-026325.mp3,1
females\sample-026338.mp3,1
females\sample-026340.mp3,1
females\sample-026364.mp3,1
females\sample-026440.mp3,1
females\sample-026449.mp3,1
females\sample-026463.mp3,1
females\sample-026469.mp3,1
females\sample-026486.mp3,1
females\sample-026490.mp3,1
females\sample-026497.mp3,1
females\sample-026503.mp3,1
females\sample-026505.mp3,1
females\sample-026513.mp3,1
females\sample-026527.mp3,1
females\sample-026539.mp3,1
females\sample-026541.mp3,1
females\sample-026556.mp3,1
females\sample-026557.mp3,1
females\sample-026566.mp3,1
females\sample-026574.mp3,1
females\sample-026575.mp3,1
females\sample-026596.mp3,1
females\sample-026599.mp3,1
females\sample-026651.mp3,1
females\sample-026654.mp3,1
females\sample-026682.mp3,1
females\sample-026685.mp3,1
females\sample-026690.mp3,1
females\sample-026713.mp3,1
females\sample-026727.mp3,1
females\sample-026732.mp3,1
females\sample-026737.mp3,1
females\sample-026739.mp3,1
females\sample-026750.mp3,1
females\sample-026765.mp3,1
females\sample-026772.mp3,1
females\sample-026778.mp3,1
females\sample-026793.mp3,1
females\sample-026795.mp3,1
females\sample-026798.mp3,1
females\sample-026799.mp3,1
females\sample-026805.mp3,1
females\sample-026819.mp3,1
females\sample-026827.mp3,1
females\sample-026846.mp3,1
females\sample-026872.mp3,1
females\sample-026912.mp3,1
females\sample-026921.mp3,1
females\sample-026973.mp3,1
females\sample-026982.mp3,1
females\sample-026984.mp3,1
females\sample-026986.mp3,1
females\sample-026999.mp3,1
females\sample-027009.mp3,1
females\sample-027018.mp3,1
females\sample-027047.mp3,1
females\sample-027064.mp3,1
females\sample-027066.mp3,1
females\sample-027071.mp3,1
females\sample-027075.mp3,1
females\sample-027084.mp3,1
females\sample-027090.mp3,1
females\sample-027099.mp3,1
females\sample-027102.mp3,1
females\sample-027122.mp3,1
females\sample-027123.mp3,1
females\sample-027128.mp3,1
females\sample-027137.mp3,1
females\sample-027146.mp3,1
females\sample-027166.mp3,1
females\sample-027184.mp3,1
females\sample-027200.mp3,1
females\sample-027222.mp3,1
females\sample-027224.mp3,1
females\sample-027238.mp3,1
females\sample-027253.mp3,1
females\sample-027261.mp3,1
females\sample-027269.mp3,1
females\sample-027270.mp3,1
females\sample-027281.mp3,1
females\sample-027313.mp3,1
females\sample-027331.mp3,1
females\sample-027338.mp3,1
females\sample-027343.mp3,1
females\sample-027351.mp3,1
females\sample-027357.mp3,1
females\sample-027372.mp3,1
females\sample-027375.mp3,1
females\sample-027387.mp3,1
females\sample-027390.mp3,1
females\sample-027405.mp3,1
females\sample-027415.mp3,1
females\sample-027430.mp3,1
females\sample-027435.mp3,1
females\sample-027446.mp3,1
females\sample-027457.mp3,1
females\sample-027462.mp3,1
females\sample-027481.mp3,1
females\sample-027495.mp3,1
females\sample-027499.mp3,1
females\sample-027513.mp3,1
females\sample-027516.mp3,1
females\sample-027542.mp3,1
females\sample-027551.mp3,1
females\sample-027574.mp3,1
females\sample-027578.mp3,1
females\sample-027582.mp3,1
females\sample-027615.mp3,1
females\sample-027624.mp3,1
females\sample-027630.mp3,1
females\sample-027634.mp3,1
females\sample-027651.mp3,1
females\sample-027671.mp3,1
females\sample-027673.mp3,1
females\sample-027692.mp3,1
females\sample-027698.mp3,1
females\sample-027717.mp3,1
females\sample-027724.mp3,1
females\sample-027729.mp3,1
females\sample-027738.mp3,1
females\sample-027745.mp3,1
females\sample-027757.mp3,1
females\sample-027774.mp3,1
females\sample-027775.mp3,1
females\sample-027791.mp3,1
females\sample-027798.mp3,1
females\sample-027820.mp3,1
females\sample-027824.mp3,1
females\sample-027831.mp3,1
females\sample-027836.mp3,1
females\sample-027840.mp3,1
females\sample-027842.mp3,1
females\sample-027848.mp3,1
females\sample-027869.mp3,1
females\sample-027888.mp3,1
females\sample-027902.mp3,1
females\sample-027904.mp3,1
females\sample-027914.mp3,1
females\sample-027925.mp3,1
females\sample-027957.mp3,1
females\sample-027959.mp3,1
females\sample-027968.mp3,1
females\sample-027969.mp3,1
females\sample-027982.mp3,1
females\sample-028012.mp3,1
females\sample-028021.mp3,1
females\sample-028027.mp3,1
females\sample-028037.mp3,1
females\sample-028070.mp3,1
females\sample-028074.mp3,1
females\sample-028078.mp3,1
females\sample-028093.mp3,1
females\sample-028098.mp3,1
females\sample-028140.mp3,1
females\sample-028144.mp3,1
females\sample-028149.mp3,1
females\sample-028166.mp3,1
females\sample-028172.mp3,1
females\sample-028173.mp3,1
females\sample-028186.mp3,1
females\sample-028197.mp3,1
females\sample-028206.mp3,1
females\sample-028209.mp3,1
females\sample-028226.mp3,1
females\sample-028229.mp3,1
females\sample-028233.mp3,1
females\sample-028245.mp3,1
females\sample-028253.mp3,1
females\sample-028255.mp3,1
females\sample-028272.mp3,1
females\sample-028281.mp3,1
females\sample-028297.mp3,1
females\sample-028298.mp3,1
females\sample-028305.mp3,1
females\sample-028308.mp3,1
females\sample-028323.mp3,1
females\sample-028329.mp3,1
females\sample-028342.mp3,1
females\sample-028370.mp3,1
females\sample-028412.mp3,1
females\sample-028429.mp3,1
females\sample-028435.mp3,1
females\sample-028442.mp3,1
females\sample-028477.mp3,1
females\sample-028478.mp3,1
females\sample-028483.mp3,1
females\sample-028500.mp3,1
females\sample-028504.mp3,1
females\sample-028523.mp3,1
females\sample-028526.mp3,1
females\sample-028529.mp3,1
females\sample-028544.mp3,1
females\sample-028546.mp3,1
females\sample-028566.mp3,1
females\sample-028580.mp3,1
females\sample-028582.mp3,1
females\sample-028585.mp3,1
females\sample-028602.mp3,1
females\sample-028640.mp3,1
females\sample-028656.mp3,1
females\sample-028662.mp3,1
females\sample-028664.mp3,1
females\sample-028670.mp3,1
females\sample-028672.mp3,1
females\sample-028690.mp3,1
females\sample-028708.mp3,1
females\sample-028721.mp3,1
females\sample-028724.mp3,1
females\sample-028734.mp3,1
females\sample-028751.mp3,1
females\sample-028757.mp3,1
females\sample-028760.mp3,1
females\sample-028770.mp3,1
females\sample-028779.mp3,1
females\sample-028811.mp3,1
females\sample-028821.mp3,1
females\sample-028823.mp3,1
females\sample-028832.mp3,1
females\sample-028854.mp3,1
females\sample-028861.mp3,1
females\sample-028864.mp3,1
females\sample-028872.mp3,1
females\sample-028875.mp3,1
females\sample-028914.mp3,1
females\sample-028915.mp3,1
females\sample-028934.mp3,1
females\sample-028942.mp3,1
females\sample-028943.mp3,1
females\sample-028944.mp3,1
females\sample-028952.mp3,1
females\sample-028954.mp3,1
females\sample-028958.mp3,1
females\sample-028966.mp3,1
females\sample-028977.mp3,1
females\sample-028981.mp3,1
females\sample-028996.mp3,1
females\sample-029003.mp3,1
females\sample-029012.mp3,1
females\sample-029022.mp3,1
females\sample-029049.mp3,1
females\sample-029057.mp3,1
females\sample-029058.mp3,1
females\sample-029060.mp3,1
females\sample-029064.mp3,1
females\sample-029079.mp3,1
females\sample-029081.mp3,1
females\sample-029082.mp3,1
females\sample-029084.mp3,1
females\sample-029092.mp3,1
females\sample-029093.mp3,1
females\sample-029101.mp3,1
females\sample-029108.mp3,1
females\sample-029122.mp3,1
females\sample-029129.mp3,1
females\sample-029168.mp3,1
females\sample-029181.mp3,1
females\sample-029185.mp3,1
females\sample-029198.mp3,1
females\sample-029201.mp3,1
females\sample-029205.mp3,1
females\sample-029209.mp3,1
females\sample-029240.mp3,1
females\sample-029241.mp3,1
females\sample-029267.mp3,1
females\sample-029294.mp3,1
females\sample-029300.mp3,1
females\sample-029324.mp3,1
females\sample-029329.mp3,1
females\sample-029333.mp3,1
females\sample-029347.mp3,1
females\sample-029371.mp3,1
females\sample-029387.mp3,1
females\sample-029408.mp3,1
females\sample-029411.mp3,1
females\sample-029418.mp3,1
females\sample-029421.mp3,1
females\sample-029433.mp3,1
females\sample-029437.mp3,1
females\sample-029440.mp3,1
females\sample-029459.mp3,1
females\sample-029482.mp3,1
females\sample-029485.mp3,1
females\sample-029494.mp3,1
females\sample-029509.mp3,1
females\sample-029513.mp3,1
females\sample-029519.mp3,1
females\sample-029524.mp3,1
females\sample-029526.mp3,1
females\sample-029533.mp3,1
females\sample-029601.mp3,1
females\sample-029606.mp3,1
females\sample-029617.mp3,1
females\sample-029631.mp3,1
females\sample-029638.mp3,1
females\sample-029665.mp3,1
females\sample-029667.mp3,1
females\sample-029680.mp3,1
females\sample-029696.mp3,1
females\sample-029700.mp3,1
females\sample-029708.mp3,1
females\sample-029714.mp3,1
females\sample-029725.mp3,1
females\sample-029727.mp3,1
females\sample-029729.mp3,1
females\sample-029751.mp3,1
females\sample-029758.mp3,1
females\sample-029763.mp3,1
females\sample-029777.mp3,1
females\sample-029778.mp3,1
females\sample-029779.mp3,1
females\sample-029781.mp3,1
females\sample-029802.mp3,1
females\sample-029839.mp3,1
females\sample-029899.mp3,1
females\sample-029924.mp3,1
females\sample-029938.mp3,1
females\sample-029960.mp3,1
females\sample-029967.mp3,1
females\sample-029983.mp3,1
females\sample-030008.mp3,1
females\sample-030011.mp3,1
females\sample-030021.mp3,1
females\sample-030034.mp3,1
females\sample-030055.mp3,1
females\sample-030058.mp3,1
females\sample-030059.mp3,1
females\sample-030064.mp3,1
females\sample-030068.mp3,1
females\sample-030071.mp3,1
females\sample-030111.mp3,1
females\sample-030121.mp3,1
females\sample-030134.mp3,1
females\sample-030139.mp3,1
females\sample-030167.mp3,1
females\sample-030173.mp3,1
females\sample-030175.mp3,1
females\sample-030186.mp3,1
females\sample-030193.mp3,1
females\sample-030196.mp3,1
females\sample-030200.mp3,1
females\sample-030206.mp3,1
females\sample-030212.mp3,1
females\sample-030216.mp3,1
females\sample-030219.mp3,1
females\sample-030220.mp3,1
females\sample-030233.mp3,1
females\sample-030234.mp3,1
females\sample-030257.mp3,1
females\sample-030263.mp3,1
females\sample-030265.mp3,1
females\sample-030293.mp3,1
females\sample-030302.mp3,1
females\sample-030307.mp3,1
females\sample-030320.mp3,1
females\sample-030326.mp3,1
females\sample-030327.mp3,1
females\sample-030333.mp3,1
females\sample-030340.mp3,1
females\sample-030341.mp3,1
females\sample-030347.mp3,1
females\sample-030356.mp3,1
females\sample-030361.mp3,1
females\sample-030371.mp3,1
females\sample-030377.mp3,1
females\sample-030401.mp3,1
females\sample-030404.mp3,1
females\sample-030418.mp3,1
females\sample-030439.mp3,1
females\sample-030445.mp3,1
females\sample-030446.mp3,1
females\sample-030447.mp3,1
females\sample-030465.mp3,1
females\sample-030472.mp3,1
females\sample-030474.mp3,1
females\sample-030488.mp3,1
females\sample-030499.mp3,1
females\sample-030543.mp3,1
females\sample-030570.mp3,1
females\sample-030572.mp3,1
females\sample-030580.mp3,1
females\sample-030595.mp3,1
females\sample-030613.mp3,1
females\sample-030634.mp3,1
females\sample-030648.mp3,1
females\sample-030649.mp3,1
females\sample-030660.mp3,1
females\sample-030668.mp3,1
females\sample-030679.mp3,1
females\sample-030694.mp3,1
females\sample-030697.mp3,1
females\sample-030729.mp3,1
females\sample-030732.mp3,1
females\sample-030756.mp3,1
females\sample-030769.mp3,1
females\sample-030770.mp3,1
females\sample-030786.mp3,1
females\sample-030788.mp3,1
females\sample-030795.mp3,1
females\sample-030803.mp3,1
females\sample-030824.mp3,1
females\sample-030851.mp3,1
females\sample-030858.mp3,1
females\sample-030881.mp3,1
females\sample-030887.mp3,1
females\sample-030897.mp3,1
females\sample-030925.mp3,1
females\sample-030928.mp3,1
females\sample-030941.mp3,1
females\sample-030946.mp3,1
females\sample-030948.mp3,1
females\sample-030961.mp3,1
females\sample-030975.mp3,1
females\sample-030978.mp3,1
females\sample-030979.mp3,1
females\sample-030985.mp3,1
females\sample-031005.mp3,1
females\sample-031015.mp3,1
females\sample-031016.mp3,1
females\sample-031018.mp3,1
females\sample-031023.mp3,1
females\sample-031053.mp3,1
females\sample-031054.mp3,1
females\sample-031058.mp3,1
females\sample-031075.mp3,1
females\sample-031080.mp3,1
females\sample-031082.mp3,1
females\sample-031106.mp3,1
females\sample-031110.mp3,1
females\sample-031126.mp3,1
females\sample-031131.mp3,1
females\sample-031141.mp3,1
females\sample-031157.mp3,1
females\sample-031186.mp3,1
females\sample-031187.mp3,1
females\sample-031189.mp3,1
females\sample-031192.mp3,1
females\sample-031205.mp3,1
females\sample-031206.mp3,1
females\sample-031212.mp3,1
females\sample-031218.mp3,1
females\sample-031227.mp3,1
females\sample-031228.mp3,1
females\sample-031241.mp3,1
females\sample-031253.mp3,1
females\sample-031266.mp3,1
females\sample-031268.mp3,1
females\sample-031289.mp3,1
females\sample-031290.mp3,1
females\sample-031292.mp3,1
females\sample-031296.mp3,1
females\sample-031300.mp3,1
females\sample-031334.mp3,1
females\sample-031366.mp3,1
females\sample-031369.mp3,1
females\sample-031379.mp3,1
females\sample-031382.mp3,1
females\sample-031410.mp3,1
females\sample-031411.mp3,1
females\sample-031415.mp3,1
females\sample-031428.mp3,1
females\sample-031466.mp3,1
females\sample-031475.mp3,1
females\sample-031487.mp3,1
females\sample-031507.mp3,1
females\sample-031513.mp3,1
females\sample-031514.mp3,1
females\sample-031532.mp3,1
females\sample-031552.mp3,1
females\sample-031604.mp3,1
females\sample-031607.mp3,1
females\sample-031616.mp3,1
females\sample-031617.mp3,1
females\sample-031626.mp3,1
females\sample-031629.mp3,1
females\sample-031663.mp3,1
females\sample-031665.mp3,1
females\sample-031671.mp3,1
females\sample-031672.mp3,1
females\sample-031680.mp3,1
females\sample-031688.mp3,1
females\sample-031729.mp3,1
females\sample-031753.mp3,1
females\sample-031803.mp3,1
females\sample-031804.mp3,1
females\sample-031814.mp3,1
females\sample-031819.mp3,1
females\sample-031836.mp3,1
females\sample-031840.mp3,1
females\sample-031845.mp3,1
females\sample-031848.mp3,1
females\sample-031856.mp3,1
females\sample-031864.mp3,1
females\sample-031873.mp3,1
females\sample-031883.mp3,1
females\sample-031911.mp3,1
females\sample-031945.mp3,1
females\sample-031948.mp3,1
females\sample-031955.mp3,1
females\sample-031957.mp3,1
females\sample-031963.mp3,1
females\sample-031988.mp3,1
females\sample-032013.mp3,1
females\sample-032015.mp3,1
females\sample-032018.mp3,1
females\sample-032023.mp3,1
females\sample-032044.mp3,1
females\sample-032061.mp3,1
females\sample-032064.mp3,1
females\sample-032066.mp3,1
females\sample-032078.mp3,1
females\sample-032091.mp3,1
females\sample-032096.mp3,1
females\sample-032097.mp3,1
females\sample-032120.mp3,1
females\sample-032141.mp3,1
females\sample-032167.mp3,1
females\sample-032193.mp3,1
females\sample-032223.mp3,1
females\sample-032235.mp3,1
females\sample-032238.mp3,1
females\sample-032261.mp3,1
females\sample-032262.mp3,1
females\sample-032264.mp3,1
females\sample-032268.mp3,1
females\sample-032271.mp3,1
females\sample-032276.mp3,1
females\sample-032282.mp3,1
females\sample-032292.mp3,1
females\sample-032297.mp3,1
females\sample-032322.mp3,1
females\sample-032335.mp3,1
females\sample-032339.mp3,1
females\sample-032351.mp3,1
females\sample-032378.mp3,1
females\sample-032428.mp3,1
females\sample-032445.mp3,1
females\sample-032458.mp3,1
females\sample-032463.mp3,1
females\sample-032493.mp3,1
females\sample-032494.mp3,1
females\sample-032556.mp3,1
females\sample-032574.mp3,1
females\sample-032580.mp3,1
females\sample-032585.mp3,1
females\sample-032640.mp3,1
females\sample-032646.mp3,1
females\sample-032662.mp3,1
females\sample-032668.mp3,1
females\sample-032688.mp3,1
females\sample-032716.mp3,1
females\sample-032739.mp3,1
females\sample-032740.mp3,1
females\sample-032741.mp3,1
females\sample-032762.mp3,1
females\sample-032774.mp3,1
females\sample-032791.mp3,1
females\sample-032792.mp3,1
females\sample-032801.mp3,1
females\sample-032809.mp3,1
females\sample-032814.mp3,1
females\sample-032815.mp3,1
females\sample-032817.mp3,1
females\sample-032819.mp3,1
females\sample-032831.mp3,1
females\sample-032834.mp3,1
females\sample-032847.mp3,1
females\sample-032859.mp3,1
females\sample-032878.mp3,1
females\sample-032890.mp3,1
females\sample-032906.mp3,1
females\sample-032920.mp3,1
females\sample-032974.mp3,1
females\sample-032976.mp3,1
females\sample-032977.mp3,1
females\sample-032990.mp3,1
females\sample-032994.mp3,1
females\sample-032995.mp3,1
females\sample-032999.mp3,1
females\sample-033002.mp3,1
females\sample-033009.mp3,1
females\sample-033012.mp3,1
females\sample-033018.mp3,1
females\sample-033041.mp3,1
females\sample-033076.mp3,1
females\sample-033124.mp3,1
females\sample-033137.mp3,1
females\sample-033147.mp3,1
females\sample-033169.mp3,1
females\sample-033173.mp3,1
females\sample-033186.mp3,1
females\sample-033193.mp3,1
females\sample-033198.mp3,1
females\sample-033202.mp3,1
females\sample-033203.mp3,1
females\sample-033219.mp3,1
females\sample-033232.mp3,1
females\sample-033239.mp3,1
females\sample-033243.mp3,1
females\sample-033245.mp3,1
females\sample-033246.mp3,1
females\sample-033253.mp3,1
females\sample-033279.mp3,1
females\sample-033295.mp3,1
females\sample-033305.mp3,1
females\sample-033322.mp3,1
females\sample-033324.mp3,1
females\sample-033332.mp3,1
females\sample-033347.mp3,1
females\sample-033364.mp3,1
females\sample-033370.mp3,1
females\sample-033377.mp3,1
females\sample-033390.mp3,1
females\sample-033397.mp3,1
females\sample-033402.mp3,1
females\sample-033428.mp3,1
females\sample-033432.mp3,1
females\sample-033436.mp3,1
females\sample-033450.mp3,1
females\sample-033451.mp3,1
females\sample-033458.mp3,1
females\sample-033464.mp3,1
females\sample-033466.mp3,1
females\sample-033491.mp3,1
females\sample-033492.mp3,1
females\sample-033505.mp3,1
females\sample-033528.mp3,1
females\sample-033537.mp3,1
females\sample-033543.mp3,1
females\sample-033579.mp3,1
females\sample-033585.mp3,1
females\sample-033589.mp3,1
females\sample-033595.mp3,1
females\sample-033611.mp3,1
females\sample-033612.mp3,1
females\sample-033613.mp3,1
females\sample-033640.mp3,1
females\sample-033644.mp3,1
females\sample-033658.mp3,1
females\sample-033659.mp3,1
females\sample-033667.mp3,1
females\sample-033685.mp3,1
females\sample-033698.mp3,1
females\sample-033703.mp3,1
females\sample-033704.mp3,1
females\sample-033719.mp3,1
females\sample-033745.mp3,1
females\sample-033755.mp3,1
females\sample-033767.mp3,1
females\sample-033768.mp3,1
females\sample-033777.mp3,1
females\sample-033786.mp3,1
females\sample-033789.mp3,1
females\sample-033802.mp3,1
females\sample-033819.mp3,1
females\sample-033841.mp3,1
females\sample-033848.mp3,1
females\sample-033855.mp3,1
females\sample-033858.mp3,1
females\sample-033871.mp3,1
females\sample-033876.mp3,1
females\sample-033884.mp3,1
females\sample-033886.mp3,1
females\sample-033897.mp3,1
females\sample-033924.mp3,1
females\sample-033928.mp3,1
females\sample-033932.mp3,1
females\sample-033936.mp3,1
females\sample-033951.mp3,1
females\sample-033958.mp3,1
females\sample-033961.mp3,1
females\sample-033971.mp3,1
females\sample-033988.mp3,1
females\sample-033990.mp3,1
females\sample-034003.mp3,1
females\sample-034034.mp3,1
females\sample-034056.mp3,1
females\sample-034073.mp3,1
females\sample-034081.mp3,1
females\sample-034092.mp3,1
females\sample-034094.mp3,1
females\sample-034096.mp3,1
females\sample-034107.mp3,1
females\sample-034109.mp3,1
females\sample-034125.mp3,1
females\sample-034134.mp3,1
females\sample-034189.mp3,1
females\sample-034201.mp3,1
females\sample-034202.mp3,1
females\sample-034206.mp3,1
females\sample-034207.mp3,1
females\sample-034214.mp3,1
females\sample-034231.mp3,1
females\sample-034245.mp3,1
females\sample-034264.mp3,1
females\sample-034266.mp3,1
females\sample-034267.mp3,1
females\sample-034281.mp3,1
females\sample-034286.mp3,1
females\sample-034300.mp3,1
females\sample-034316.mp3,1
females\sample-034317.mp3,1
females\sample-034372.mp3,1
females\sample-034389.mp3,1
females\sample-034399.mp3,1
females\sample-034403.mp3,1
females\sample-034405.mp3,1
females\sample-034409.mp3,1
females\sample-034413.mp3,1
females\sample-034428.mp3,1
females\sample-034463.mp3,1
females\sample-034490.mp3,1
females\sample-034494.mp3,1
females\sample-034518.mp3,1
females\sample-034547.mp3,1
females\sample-034558.mp3,1
females\sample-034578.mp3,1
females\sample-034591.mp3,1
females\sample-034594.mp3,1
females\sample-034613.mp3,1
females\sample-034641.mp3,1
females\sample-034644.mp3,1
females\sample-034671.mp3,1
females\sample-034678.mp3,1
females\sample-034683.mp3,1
females\sample-034685.mp3,1
females\sample-034692.mp3,1
females\sample-034713.mp3,1
females\sample-034714.mp3,1
females\sample-034716.mp3,1
females\sample-034720.mp3,1
females\sample-034725.mp3,1
females\sample-034734.mp3,1
females\sample-034741.mp3,1
females\sample-034764.mp3,1
females\sample-034779.mp3,1
females\sample-034793.mp3,1
females\sample-034796.mp3,1
females\sample-034797.mp3,1
females\sample-034804.mp3,1
females\sample-034848.mp3,1
females\sample-034865.mp3,1
females\sample-034898.mp3,1
females\sample-034907.mp3,1
females\sample-034911.mp3,1
females\sample-034914.mp3,1
females\sample-034926.mp3,1
females\sample-034934.mp3,1
females\sample-034953.mp3,1
females\sample-034962.mp3,1
females\sample-034970.mp3,1
females\sample-034983.mp3,1
females\sample-034996.mp3,1
females\sample-035020.mp3,1
females\sample-035023.mp3,1
females\sample-035041.mp3,1
females\sample-035064.mp3,1
females\sample-035075.mp3,1
females\sample-035081.mp3,1
females\sample-035085.mp3,1
females\sample-035093.mp3,1
females\sample-035116.mp3,1
females\sample-035129.mp3,1
females\sample-035131.mp3,1
females\sample-035139.mp3,1
females\sample-035147.mp3,1
females\sample-035188.mp3,1
females\sample-035200.mp3,1
females\sample-035211.mp3,1
females\sample-035213.mp3,1
females\sample-035216.mp3,1
females\sample-035264.mp3,1
females\sample-035272.mp3,1
females\sample-035275.mp3,1
females\sample-035276.mp3,1
females\sample-035282.mp3,1
females\sample-035305.mp3,1
females\sample-035306.mp3,1
females\sample-035329.mp3,1
females\sample-035332.mp3,1
females\sample-035341.mp3,1
females\sample-035349.mp3,1
females\sample-035363.mp3,1
females\sample-035381.mp3,1
females\sample-035405.mp3,1
females\sample-035430.mp3,1
females\sample-035450.mp3,1
females\sample-035485.mp3,1
females\sample-035490.mp3,1
females\sample-035498.mp3,1
females\sample-035533.mp3,1
females\sample-035552.mp3,1
females\sample-035562.mp3,1
females\sample-035586.mp3,1
females\sample-035593.mp3,1
females\sample-035603.mp3,1
females\sample-035610.mp3,1
females\sample-035618.mp3,1
females\sample-035621.mp3,1
females\sample-035628.mp3,1
females\sample-035638.mp3,1
females\sample-035645.mp3,1
females\sample-035647.mp3,1
females\sample-035651.mp3,1
females\sample-035656.mp3,1
females\sample-035677.mp3,1
females\sample-035680.mp3,1
females\sample-035739.mp3,1
females\sample-035746.mp3,1
females\sample-035772.mp3,1
females\sample-035782.mp3,1
females\sample-035788.mp3,1
females\sample-035790.mp3,1
females\sample-035794.mp3,1
females\sample-035797.mp3,1
females\sample-035802.mp3,1
females\sample-035811.mp3,1
females\sample-035840.mp3,1
females\sample-035843.mp3,1
females\sample-035858.mp3,1
females\sample-035863.mp3,1
females\sample-035864.mp3,1
females\sample-035879.mp3,1
females\sample-035883.mp3,1
females\sample-035906.mp3,1
females\sample-035911.mp3,1
females\sample-035926.mp3,1
females\sample-035940.mp3,1
females\sample-035957.mp3,1
females\sample-035973.mp3,1
females\sample-035982.mp3,1
females\sample-036009.mp3,1
females\sample-036016.mp3,1
females\sample-036020.mp3,1
females\sample-036044.mp3,1
females\sample-036048.mp3,1
females\sample-036057.mp3,1
females\sample-036061.mp3,1
females\sample-036064.mp3,1
females\sample-036076.mp3,1
females\sample-036092.mp3,1
females\sample-036126.mp3,1
females\sample-036139.mp3,1
females\sample-036143.mp3,1
females\sample-036144.mp3,1
females\sample-036157.mp3,1
females\sample-036191.mp3,1
females\sample-036210.mp3,1
females\sample-036216.mp3,1
females\sample-036218.mp3,1
females\sample-036237.mp3,1
females\sample-036246.mp3,1
females\sample-036279.mp3,1
females\sample-036284.mp3,1
females\sample-036289.mp3,1
females\sample-036293.mp3,1
females\sample-036310.mp3,1
females\sample-036331.mp3,1
females\sample-036342.mp3,1
females\sample-036352.mp3,1
females\sample-036359.mp3,1
females\sample-036368.mp3,1
females\sample-036393.mp3,1
females\sample-036395.mp3,1
females\sample-036410.mp3,1
females\sample-036422.mp3,1
females\sample-036437.mp3,1
females\sample-036455.mp3,1
females\sample-036473.mp3,1
females\sample-036479.mp3,1
females\sample-036505.mp3,1
females\sample-036519.mp3,1
females\sample-036549.mp3,1
females\sample-036568.mp3,1
females\sample-036595.mp3,1
females\sample-036630.mp3,1
females\sample-036640.mp3,1
females\sample-036660.mp3,1
females\sample-036663.mp3,1
females\sample-036683.mp3,1
females\sample-036689.mp3,1
females\sample-036695.mp3,1
females\sample-036697.mp3,1
females\sample-036700.mp3,1
females\sample-036705.mp3,1
females\sample-036725.mp3,1
females\sample-036747.mp3,1
females\sample-036749.mp3,1
females\sample-036762.mp3,1
females\sample-036768.mp3,1
females\sample-036769.mp3,1
females\sample-036776.mp3,1
females\sample-036780.mp3,1
females\sample-036786.mp3,1
females\sample-036790.mp3,1
females\sample-036800.mp3,1
females\sample-036803.mp3,1
females\sample-036806.mp3,1
females\sample-036818.mp3,1
females\sample-036819.mp3,1
females\sample-036823.mp3,1
females\sample-036838.mp3,1
females\sample-036843.mp3,1
females\sample-036851.mp3,1
females\sample-036853.mp3,1
females\sample-036858.mp3,1
females\sample-036861.mp3,1
females\sample-036871.mp3,1
females\sample-036877.mp3,1
females\sample-036883.mp3,1
females\sample-036889.mp3,1
females\sample-036896.mp3,1
females\sample-036909.mp3,1
females\sample-036922.mp3,1
females\sample-036930.mp3,1
females\sample-036940.mp3,1
females\sample-036943.mp3,1
females\sample-036952.mp3,1
females\sample-036963.mp3,1
females\sample-036979.mp3,1
females\sample-036985.mp3,1
females\sample-036986.mp3,1
females\sample-037006.mp3,1
females\sample-037013.mp3,1
females\sample-037023.mp3,1
females\sample-037029.mp3,1
females\sample-037030.mp3,1
females\sample-037033.mp3,1
females\sample-037044.mp3,1
females\sample-037045.mp3,1
females\sample-037074.mp3,1
females\sample-037077.mp3,1
females\sample-037082.mp3,1
females\sample-037121.mp3,1
females\sample-037122.mp3,1
females\sample-037137.mp3,1
females\sample-037145.mp3,1
females\sample-037146.mp3,1
females\sample-037174.mp3,1
females\sample-037179.mp3,1
females\sample-037184.mp3,1
females\sample-037187.mp3,1
females\sample-037217.mp3,1
females\sample-037220.mp3,1
females\sample-037223.mp3,1
females\sample-037230.mp3,1
females\sample-037237.mp3,1
females\sample-037244.mp3,1
females\sample-037254.mp3,1
females\sample-037270.mp3,1
females\sample-037275.mp3,1
females\sample-037276.mp3,1
females\sample-037278.mp3,1
females\sample-037292.mp3,1
females\sample-037301.mp3,1
females\sample-037324.mp3,1
females\sample-037339.mp3,1
females\sample-037352.mp3,1
females\sample-037366.mp3,1
females\sample-037387.mp3,1
females\sample-037418.mp3,1
females\sample-037422.mp3,1
females\sample-037426.mp3,1
females\sample-037428.mp3,1
females\sample-037429.mp3,1
females\sample-037430.mp3,1
females\sample-037433.mp3,1
females\sample-037438.mp3,1
females\sample-037447.mp3,1
females\sample-037464.mp3,1
females\sample-037474.mp3,1
females\sample-037500.mp3,1
females\sample-037546.mp3,1
females\sample-037550.mp3,1
females\sample-037595.mp3,1
females\sample-037625.mp3,1
females\sample-037630.mp3,1
females\sample-037631.mp3,1
females\sample-037661.mp3,1
females\sample-037662.mp3,1
females\sample-037673.mp3,1
females\sample-037677.mp3,1
females\sample-037685.mp3,1
females\sample-037687.mp3,1
females\sample-037690.mp3,1
females\sample-037701.mp3,1
females\sample-037730.mp3,1
females\sample-037744.mp3,1
females\sample-037752.mp3,1
females\sample-037766.mp3,1
females\sample-037769.mp3,1
females\sample-037792.mp3,1
females\sample-037813.mp3,1
females\sample-037867.mp3,1
females\sample-037868.mp3,1
females\sample-037875.mp3,1
females\sample-037878.mp3,1
females\sample-037883.mp3,1
females\sample-037891.mp3,1
females\sample-037896.mp3,1
females\sample-037930.mp3,1
females\sample-037936.mp3,1
females\sample-037941.mp3,1
females\sample-037980.mp3,1
females\sample-037989.mp3,1
females\sample-037994.mp3,1
females\sample-037998.mp3,1
females\sample-038013.mp3,1
females\sample-038015.mp3,1
females\sample-038023.mp3,1
females\sample-038036.mp3,1
females\sample-038042.mp3,1
females\sample-038050.mp3,1
females\sample-038059.mp3,1
females\sample-038103.mp3,1
females\sample-038105.mp3,1
females\sample-038114.mp3,1
females\sample-038115.mp3,1
females\sample-038124.mp3,1
females\sample-038127.mp3,1
females\sample-038137.mp3,1
females\sample-038143.mp3,1
females\sample-038157.mp3,1
females\sample-038171.mp3,1
females\sample-038183.mp3,1
females\sample-038185.mp3,1
females\sample-038197.mp3,1
females\sample-038217.mp3,1
females\sample-038221.mp3,1
females\sample-038233.mp3,1
females\sample-038234.mp3,1
females\sample-038240.mp3,1
females\sample-038275.mp3,1
females\sample-038276.mp3,1
females\sample-038284.mp3,1
females\sample-038297.mp3,1
females\sample-038305.mp3,1
females\sample-038335.mp3,1
females\sample-038343.mp3,1
females\sample-038352.mp3,1
females\sample-038357.mp3,1
females\sample-038385.mp3,1
females\sample-038394.mp3,1
females\sample-038409.mp3,1
females\sample-038418.mp3,1
females\sample-038422.mp3,1
females\sample-038430.mp3,1
females\sample-038439.mp3,1
females\sample-038443.mp3,1
females\sample-038473.mp3,1
females\sample-038476.mp3,1
females\sample-038479.mp3,1
females\sample-038483.mp3,1
females\sample-038489.mp3,1
females\sample-038501.mp3,1
females\sample-038520.mp3,1
females\sample-038529.mp3,1
females\sample-038532.mp3,1
females\sample-038533.mp3,1
females\sample-038537.mp3,1
females\sample-038548.mp3,1
females\sample-038558.mp3,1
females\sample-038562.mp3,1
females\sample-038563.mp3,1
females\sample-038565.mp3,1
females\sample-038572.mp3,1
females\sample-038592.mp3,1
females\sample-038602.mp3,1
females\sample-038611.mp3,1
females\sample-038613.mp3,1
females\sample-038618.mp3,1
females\sample-038628.mp3,1
females\sample-038642.mp3,1
females\sample-038646.mp3,1
females\sample-038647.mp3,1
females\sample-038660.mp3,1
females\sample-038665.mp3,1
females\sample-038678.mp3,1
females\sample-038713.mp3,1
females\sample-038738.mp3,1
females\sample-038744.mp3,1
females\sample-038756.mp3,1
females\sample-038779.mp3,1
females\sample-038791.mp3,1
females\sample-038800.mp3,1
females\sample-038803.mp3,1
females\sample-038812.mp3,1
females\sample-038847.mp3,1
females\sample-038866.mp3,1
females\sample-038873.mp3,1
females\sample-038875.mp3,1
females\sample-038881.mp3,1
females\sample-038898.mp3,1
females\sample-038916.mp3,1
females\sample-038917.mp3,1
females\sample-038921.mp3,1
females\sample-038926.mp3,1
females\sample-038941.mp3,1
females\sample-038948.mp3,1
females\sample-038964.mp3,1
females\sample-038975.mp3,1
females\sample-038982.mp3,1
females\sample-038985.mp3,1
females\sample-039012.mp3,1
females\sample-039018.mp3,1
females\sample-039024.mp3,1
females\sample-039025.mp3,1
females\sample-039032.mp3,1
females\sample-039034.mp3,1
females\sample-039056.mp3,1
females\sample-039057.mp3,1
females\sample-039065.mp3,1
females\sample-039066.mp3,1
females\sample-039072.mp3,1
females\sample-039074.mp3,1
females\sample-039079.mp3,1
females\sample-039098.mp3,1
females\sample-039115.mp3,1
females\sample-039127.mp3,1
females\sample-039132.mp3,1
females\sample-039134.mp3,1
females\sample-039143.mp3,1
females\sample-039147.mp3,1
females\sample-039156.mp3,1
females\sample-039160.mp3,1
females\sample-039163.mp3,1
females\sample-039182.mp3,1
females\sample-039184.mp3,1
females\sample-039209.mp3,1
females\sample-039213.mp3,1
females\sample-039220.mp3,1
females\sample-039222.mp3,1
females\sample-039224.mp3,1
females\sample-039231.mp3,1
females\sample-039234.mp3,1
females\sample-039237.mp3,1
females\sample-039252.mp3,1
females\sample-039254.mp3,1
females\sample-039272.mp3,1
females\sample-039273.mp3,1
females\sample-039277.mp3,1
females\sample-039317.mp3,1
females\sample-039327.mp3,1
females\sample-039328.mp3,1
females\sample-039338.mp3,1
females\sample-039346.mp3,1
females\sample-039352.mp3,1
females\sample-039369.mp3,1
females\sample-039372.mp3,1
females\sample-039376.mp3,1
females\sample-039383.mp3,1
females\sample-039411.mp3,1
females\sample-039431.mp3,1
females\sample-039454.mp3,1
females\sample-039455.mp3,1
females\sample-039456.mp3,1
females\sample-039495.mp3,1
females\sample-039505.mp3,1
females\sample-039508.mp3,1
females\sample-039510.mp3,1
females\sample-039511.mp3,1
females\sample-039527.mp3,1
females\sample-039538.mp3,1
females\sample-039554.mp3,1
females\sample-039583.mp3,1
females\sample-039584.mp3,1
females\sample-039589.mp3,1
females\sample-039604.mp3,1
females\sample-039615.mp3,1
females\sample-039629.mp3,1
females\sample-039632.mp3,1
females\sample-039652.mp3,1
females\sample-039656.mp3,1
females\sample-039673.mp3,1
females\sample-039678.mp3,1
females\sample-039679.mp3,1
females\sample-039687.mp3,1
females\sample-039718.mp3,1
females\sample-039729.mp3,1
females\sample-039730.mp3,1
females\sample-039745.mp3,1
females\sample-039750.mp3,1
females\sample-039760.mp3,1
females\sample-039765.mp3,1
females\sample-039775.mp3,1
females\sample-039786.mp3,1
females\sample-039818.mp3,1
females\sample-039827.mp3,1
females\sample-039834.mp3,1
females\sample-039908.mp3,1
females\sample-039913.mp3,1
females\sample-039933.mp3,1
females\sample-039938.mp3,1
females\sample-039955.mp3,1
females\sample-039963.mp3,1
females\sample-039967.mp3,1
females\sample-039978.mp3,1
females\sample-039980.mp3,1
females\sample-039993.mp3,1
females\sample-040004.mp3,1
females\sample-040057.mp3,1
females\sample-040062.mp3,1
females\sample-040085.mp3,1
females\sample-040112.mp3,1
females\sample-040122.mp3,1
females\sample-040123.mp3,1
females\sample-040142.mp3,1
females\sample-040154.mp3,1
females\sample-040163.mp3,1
females\sample-040183.mp3,1
females\sample-040186.mp3,1
females\sample-040188.mp3,1
females\sample-040202.mp3,1
females\sample-040207.mp3,1
females\sample-040213.mp3,1
females\sample-040216.mp3,1
females\sample-040220.mp3,1
females\sample-040222.mp3,1
females\sample-040236.mp3,1
females\sample-040241.mp3,1
females\sample-040246.mp3,1
females\sample-040262.mp3,1
females\sample-040267.mp3,1
females\sample-040275.mp3,1
females\sample-040287.mp3,1
females\sample-040304.mp3,1
females\sample-040305.mp3,1
females\sample-040323.mp3,1
females\sample-040337.mp3,1
females\sample-040345.mp3,1
females\sample-040377.mp3,1
females\sample-040424.mp3,1
females\sample-040425.mp3,1
females\sample-040426.mp3,1
females\sample-040441.mp3,1
females\sample-040446.mp3,1
females\sample-040490.mp3,1
females\sample-040503.mp3,1
females\sample-040506.mp3,1
females\sample-040516.mp3,1
females\sample-040554.mp3,1
females\sample-040555.mp3,1
females\sample-040556.mp3,1
females\sample-040558.mp3,1
females\sample-040568.mp3,1
females\sample-040577.mp3,1
females\sample-040584.mp3,1
females\sample-040587.mp3,1
females\sample-040597.mp3,1
females\sample-040606.mp3,1
females\sample-040620.mp3,1
females\sample-040625.mp3,1
females\sample-040634.mp3,1
females\sample-040648.mp3,1
females\sample-040657.mp3,1
females\sample-040674.mp3,1
females\sample-040696.mp3,1
females\sample-040733.mp3,1
females\sample-040763.mp3,1
females\sample-040817.mp3,1
females\sample-040826.mp3,1
females\sample-040828.mp3,1
females\sample-040830.mp3,1
females\sample-040837.mp3,1
females\sample-040853.mp3,1
females\sample-040862.mp3,1
females\sample-040871.mp3,1
females\sample-040899.mp3,1
females\sample-040924.mp3,1
females\sample-040927.mp3,1
females\sample-040932.mp3,1
females\sample-040953.mp3,1
females\sample-040967.mp3,1
females\sample-040974.mp3,1
females\sample-040984.mp3,1
females\sample-040993.mp3,1
females\sample-040997.mp3,1
females\sample-041004.mp3,1
females\sample-041011.mp3,1
females\sample-041015.mp3,1
females\sample-041035.mp3,1
females\sample-041057.mp3,1
females\sample-041059.mp3,1
females\sample-041083.mp3,1
females\sample-041084.mp3,1
females\sample-041107.mp3,1
females\sample-041116.mp3,1
females\sample-041126.mp3,1
females\sample-041149.mp3,1
females\sample-041160.mp3,1
females\sample-041167.mp3,1
females\sample-041169.mp3,1
females\sample-041176.mp3,1
females\sample-041214.mp3,1
females\sample-041219.mp3,1
females\sample-041227.mp3,1
females\sample-041234.mp3,1
females\sample-041237.mp3,1
females\sample-041250.mp3,1
females\sample-041256.mp3,1
females\sample-041277.mp3,1
females\sample-041284.mp3,1
females\sample-041294.mp3,1
females\sample-041296.mp3,1
females\sample-041300.mp3,1
females\sample-041325.mp3,1
females\sample-041331.mp3,1
females\sample-041334.mp3,1
females\sample-041347.mp3,1
females\sample-041353.mp3,1
females\sample-041354.mp3,1
females\sample-041375.mp3,1
females\sample-041378.mp3,1
females\sample-041401.mp3,1
females\sample-041420.mp3,1
females\sample-041421.mp3,1
females\sample-041440.mp3,1
females\sample-041446.mp3,1
females\sample-041451.mp3,1
females\sample-041459.mp3,1
females\sample-041480.mp3,1
females\sample-041493.mp3,1
females\sample-041505.mp3,1
females\sample-041520.mp3,1
females\sample-041523.mp3,1
females\sample-041551.mp3,1
females\sample-041555.mp3,1
females\sample-041556.mp3,1
females\sample-041558.mp3,1
females\sample-041571.mp3,1
females\sample-041575.mp3,1
females\sample-041582.mp3,1
females\sample-041585.mp3,1
females\sample-041587.mp3,1
females\sample-041618.mp3,1
females\sample-041629.mp3,1
females\sample-041640.mp3,1
females\sample-041641.mp3,1
females\sample-041651.mp3,1
females\sample-041652.mp3,1
females\sample-041653.mp3,1
females\sample-041680.mp3,1
females\sample-041683.mp3,1
females\sample-041695.mp3,1
females\sample-041701.mp3,1
females\sample-041714.mp3,1
females\sample-041715.mp3,1
females\sample-041733.mp3,1
females\sample-041736.mp3,1
females\sample-041740.mp3,1
females\sample-041752.mp3,1
females\sample-041762.mp3,1
females\sample-041774.mp3,1
females\sample-041775.mp3,1
females\sample-041781.mp3,1
females\sample-041807.mp3,1
females\sample-041838.mp3,1
females\sample-041845.mp3,1
females\sample-041857.mp3,1
females\sample-041883.mp3,1
females\sample-041915.mp3,1
females\sample-041949.mp3,1
females\sample-041957.mp3,1
females\sample-041974.mp3,1
females\sample-041975.mp3,1
females\sample-041981.mp3,1
females\sample-041990.mp3,1
females\sample-042005.mp3,1
females\sample-042010.mp3,1
females\sample-042014.mp3,1
females\sample-042016.mp3,1
females\sample-042020.mp3,1
females\sample-042030.mp3,1
females\sample-042033.mp3,1
females\sample-042043.mp3,1
females\sample-042065.mp3,1
females\sample-042074.mp3,1
females\sample-042082.mp3,1
females\sample-042095.mp3,1
females\sample-042114.mp3,1
females\sample-042132.mp3,1
females\sample-042134.mp3,1
females\sample-042149.mp3,1
females\sample-042169.mp3,1
females\sample-042171.mp3,1
females\sample-042178.mp3,1
females\sample-042184.mp3,1
females\sample-042195.mp3,1
females\sample-042206.mp3,1
females\sample-042216.mp3,1
females\sample-042237.mp3,1
females\sample-042239.mp3,1
females\sample-042247.mp3,1
females\sample-042251.mp3,1
females\sample-042253.mp3,1
females\sample-042260.mp3,1
females\sample-042277.mp3,1
females\sample-042282.mp3,1
females\sample-042289.mp3,1
females\sample-042315.mp3,1
females\sample-042318.mp3,1
females\sample-042325.mp3,1
females\sample-042337.mp3,1
females\sample-042358.mp3,1
females\sample-042367.mp3,1
females\sample-042369.mp3,1
females\sample-042380.mp3,1
females\sample-042396.mp3,1
females\sample-042402.mp3,1
females\sample-042423.mp3,1
females\sample-042428.mp3,1
females\sample-042437.mp3,1
females\sample-042446.mp3,1
females\sample-042454.mp3,1
females\sample-042457.mp3,1
females\sample-042459.mp3,1
females\sample-042486.mp3,1
females\sample-042487.mp3,1
females\sample-042490.mp3,1
females\sample-042498.mp3,1
females\sample-042499.mp3,1
females\sample-042507.mp3,1
females\sample-042533.mp3,1
females\sample-042546.mp3,1
females\sample-042554.mp3,1
females\sample-042564.mp3,1
females\sample-042577.mp3,1
females\sample-042583.mp3,1
females\sample-042584.mp3,1
females\sample-042612.mp3,1
females\sample-042617.mp3,1
females\sample-042624.mp3,1
females\sample-042643.mp3,1
females\sample-042645.mp3,1
females\sample-042654.mp3,1
females\sample-042663.mp3,1
females\sample-042670.mp3,1
females\sample-042673.mp3,1
females\sample-042675.mp3,1
females\sample-042707.mp3,1
females\sample-042716.mp3,1
females\sample-042726.mp3,1
females\sample-042740.mp3,1
females\sample-042757.mp3,1
females\sample-042765.mp3,1
females\sample-042770.mp3,1
females\sample-042771.mp3,1
females\sample-042776.mp3,1
females\sample-042785.mp3,1
females\sample-042788.mp3,1
females\sample-042790.mp3,1
females\sample-042804.mp3,1
females\sample-042814.mp3,1
females\sample-042817.mp3,1
females\sample-042845.mp3,1
females\sample-042857.mp3,1
females\sample-042878.mp3,1
females\sample-042882.mp3,1
females\sample-042884.mp3,1
females\sample-042887.mp3,1
females\sample-042897.mp3,1
females\sample-042903.mp3,1
females\sample-042917.mp3,1
females\sample-042923.mp3,1
females\sample-042926.mp3,1
females\sample-042929.mp3,1
females\sample-042996.mp3,1
females\sample-042998.mp3,1
females\sample-043011.mp3,1
females\sample-043013.mp3,1
females\sample-043025.mp3,1
females\sample-043043.mp3,1
females\sample-043057.mp3,1
females\sample-043088.mp3,1
females\sample-043136.mp3,1
females\sample-043155.mp3,1
females\sample-043161.mp3,1
females\sample-043164.mp3,1
females\sample-043190.mp3,1
females\sample-043192.mp3,1
females\sample-043231.mp3,1
females\sample-043233.mp3,1
females\sample-043234.mp3,1
females\sample-043248.mp3,1
females\sample-043251.mp3,1
females\sample-043256.mp3,1
females\sample-043267.mp3,1
females\sample-043282.mp3,1
females\sample-043301.mp3,1
females\sample-043331.mp3,1
females\sample-043343.mp3,1
females\sample-043346.mp3,1
females\sample-043350.mp3,1
females\sample-043357.mp3,1
females\sample-043361.mp3,1
females\sample-043366.mp3,1
females\sample-043388.mp3,1
females\sample-043392.mp3,1
females\sample-043395.mp3,1
females\sample-043396.mp3,1
females\sample-043400.mp3,1
females\sample-043412.mp3,1
females\sample-043421.mp3,1
females\sample-043426.mp3,1
females\sample-043427.mp3,1
females\sample-043441.mp3,1
females\sample-043444.mp3,1
females\sample-043451.mp3,1
females\sample-043458.mp3,1
females\sample-043460.mp3,1
females\sample-043463.mp3,1
females\sample-043466.mp3,1
females\sample-043467.mp3,1
females\sample-043473.mp3,1
females\sample-043482.mp3,1
females\sample-043498.mp3,1
females\sample-043509.mp3,1
females\sample-043537.mp3,1
females\sample-043557.mp3,1
females\sample-043570.mp3,1
females\sample-043588.mp3,1
females\sample-043610.mp3,1
females\sample-043618.mp3,1
females\sample-043632.mp3,1
females\sample-043641.mp3,1
females\sample-043662.mp3,1
females\sample-043663.mp3,1
females\sample-043677.mp3,1
females\sample-043682.mp3,1
females\sample-043689.mp3,1
females\sample-043699.mp3,1
females\sample-043701.mp3,1
females\sample-043715.mp3,1
females\sample-043750.mp3,1
females\sample-043754.mp3,1
females\sample-043756.mp3,1
females\sample-043788.mp3,1
females\sample-043792.mp3,1
females\sample-043797.mp3,1
females\sample-043798.mp3,1
females\sample-043816.mp3,1
females\sample-043827.mp3,1
females\sample-043831.mp3,1
females\sample-043842.mp3,1
females\sample-043857.mp3,1
females\sample-043858.mp3,1
females\sample-043870.mp3,1
females\sample-043873.mp3,1
females\sample-043875.mp3,1
females\sample-043892.mp3,1
females\sample-043918.mp3,1
females\sample-043937.mp3,1
females\sample-043940.mp3,1
females\sample-043955.mp3,1
females\sample-043962.mp3,1
females\sample-043974.mp3,1
females\sample-043999.mp3,1
females\sample-044007.mp3,1
females\sample-044010.mp3,1
females\sample-044020.mp3,1
females\sample-044021.mp3,1
females\sample-044037.mp3,1
females\sample-044075.mp3,1
females\sample-044083.mp3,1
females\sample-044096.mp3,1
females\sample-044117.mp3,1
females\sample-044120.mp3,1
females\sample-044167.mp3,1
females\sample-044220.mp3,1
females\sample-044224.mp3,1
females\sample-044235.mp3,1
females\sample-044251.mp3,1
females\sample-044273.mp3,1
females\sample-044277.mp3,1
females\sample-044295.mp3,1
females\sample-044304.mp3,1
females\sample-044310.mp3,1
females\sample-044311.mp3,1
females\sample-044336.mp3,1
females\sample-044354.mp3,1
females\sample-044359.mp3,1
females\sample-044368.mp3,1
females\sample-044382.mp3,1
females\sample-044391.mp3,1
females\sample-044439.mp3,1
females\sample-044456.mp3,1
females\sample-044471.mp3,1
females\sample-044490.mp3,1
females\sample-044499.mp3,1
females\sample-044503.mp3,1
females\sample-044504.mp3,1
females\sample-044510.mp3,1
females\sample-044528.mp3,1
females\sample-044551.mp3,1
females\sample-044556.mp3,1
females\sample-044557.mp3,1
females\sample-044566.mp3,1
females\sample-044576.mp3,1
females\sample-044582.mp3,1
females\sample-044584.mp3,1
females\sample-044586.mp3,1
females\sample-044608.mp3,1
females\sample-044646.mp3,1
females\sample-044673.mp3,1
females\sample-044680.mp3,1
females\sample-044684.mp3,1
females\sample-044698.mp3,1
females\sample-044702.mp3,1
females\sample-044707.mp3,1
females\sample-044743.mp3,1
females\sample-044745.mp3,1
females\sample-044747.mp3,1
females\sample-044749.mp3,1
females\sample-044759.mp3,1
females\sample-044763.mp3,1
females\sample-044791.mp3,1
females\sample-044809.mp3,1
females\sample-044810.mp3,1
females\sample-044821.mp3,1
females\sample-044823.mp3,1
females\sample-044860.mp3,1
females\sample-044865.mp3,1
females\sample-044868.mp3,1
females\sample-044873.mp3,1
females\sample-044919.mp3,1
females\sample-044941.mp3,1
females\sample-044948.mp3,1
females\sample-044952.mp3,1
females\sample-044963.mp3,1
females\sample-044977.mp3,1
females\sample-044985.mp3,1
females\sample-044988.mp3,1
females\sample-045005.mp3,1
females\sample-045016.mp3,1
females\sample-045036.mp3,1
females\sample-045063.mp3,1
females\sample-045074.mp3,1
females\sample-045080.mp3,1
females\sample-045092.mp3,1
females\sample-045104.mp3,1
females\sample-045153.mp3,1
females\sample-045154.mp3,1
females\sample-045160.mp3,1
females\sample-045162.mp3,1
females\sample-045167.mp3,1
females\sample-045177.mp3,1
females\sample-045193.mp3,1
females\sample-045200.mp3,1
females\sample-045208.mp3,1
females\sample-045212.mp3,1
females\sample-045231.mp3,1
females\sample-045254.mp3,1
females\sample-045307.mp3,1
females\sample-045329.mp3,1
females\sample-045331.mp3,1
females\sample-045363.mp3,1
females\sample-045387.mp3,1
females\sample-045398.mp3,1
females\sample-045419.mp3,1
females\sample-045428.mp3,1
females\sample-045443.mp3,1
females\sample-045453.mp3,1
females\sample-045458.mp3,1
females\sample-045488.mp3,1
females\sample-045511.mp3,1
females\sample-045540.mp3,1
females\sample-045542.mp3,1
females\sample-045553.mp3,1
females\sample-045562.mp3,1
females\sample-045570.mp3,1
females\sample-045575.mp3,1
females\sample-045577.mp3,1
females\sample-045579.mp3,1
females\sample-045604.mp3,1
females\sample-045606.mp3,1
females\sample-045608.mp3,1
females\sample-045609.mp3,1
females\sample-045618.mp3,1
females\sample-045623.mp3,1
females\sample-045626.mp3,1
females\sample-045636.mp3,1
females\sample-045648.mp3,1
females\sample-045651.mp3,1
females\sample-045658.mp3,1
females\sample-045707.mp3,1
females\sample-045714.mp3,1
females\sample-045736.mp3,1
females\sample-045756.mp3,1
females\sample-045765.mp3,1
females\sample-045771.mp3,1
females\sample-045772.mp3,1
females\sample-045776.mp3,1
females\sample-045780.mp3,1
females\sample-045797.mp3,1
females\sample-045817.mp3,1
females\sample-045835.mp3,1
females\sample-045844.mp3,1
females\sample-045849.mp3,1
females\sample-045860.mp3,1
females\sample-045871.mp3,1
females\sample-045899.mp3,1
females\sample-045933.mp3,1
females\sample-045939.mp3,1
females\sample-045943.mp3,1
females\sample-045950.mp3,1
females\sample-045951.mp3,1
females\sample-045952.mp3,1
females\sample-045971.mp3,1
females\sample-045983.mp3,1
females\sample-045988.mp3,1
females\sample-045997.mp3,1
females\sample-046003.mp3,1
females\sample-046032.mp3,1
females\sample-046045.mp3,1
females\sample-046059.mp3,1
females\sample-046062.mp3,1
females\sample-046084.mp3,1
females\sample-046086.mp3,1
females\sample-046091.mp3,1
females\sample-046100.mp3,1
females\sample-046106.mp3,1
females\sample-046109.mp3,1
females\sample-046114.mp3,1
females\sample-046120.mp3,1
females\sample-046137.mp3,1
females\sample-046171.mp3,1
females\sample-046173.mp3,1
females\sample-046179.mp3,1
females\sample-046212.mp3,1
females\sample-046226.mp3,1
females\sample-046229.mp3,1
females\sample-046233.mp3,1
females\sample-046249.mp3,1
females\sample-046310.mp3,1
females\sample-046317.mp3,1
females\sample-046322.mp3,1
females\sample-046323.mp3,1
females\sample-046329.mp3,1
females\sample-046342.mp3,1
females\sample-046361.mp3,1
females\sample-046362.mp3,1
females\sample-046366.mp3,1
females\sample-046379.mp3,1
females\sample-046384.mp3,1
females\sample-046427.mp3,1
females\sample-046457.mp3,1
females\sample-046464.mp3,1
females\sample-046472.mp3,1
females\sample-046494.mp3,1
females\sample-046496.mp3,1
females\sample-046522.mp3,1
females\sample-046523.mp3,1
females\sample-046533.mp3,1
females\sample-046542.mp3,1
females\sample-046545.mp3,1
females\sample-046564.mp3,1
females\sample-046566.mp3,1
females\sample-046582.mp3,1
females\sample-046607.mp3,1
females\sample-046617.mp3,1
females\sample-046618.mp3,1
females\sample-046648.mp3,1
females\sample-046655.mp3,1
females\sample-046668.mp3,1
females\sample-046676.mp3,1
females\sample-046682.mp3,1
females\sample-046687.mp3,1
females\sample-046707.mp3,1
females\sample-046712.mp3,1
females\sample-046713.mp3,1
females\sample-046731.mp3,1
females\sample-046736.mp3,1
females\sample-046753.mp3,1
females\sample-046757.mp3,1
females\sample-046759.mp3,1
females\sample-046770.mp3,1
females\sample-046775.mp3,1
females\sample-046779.mp3,1
females\sample-046780.mp3,1
females\sample-046786.mp3,1
females\sample-046787.mp3,1
females\sample-046811.mp3,1
females\sample-046826.mp3,1
females\sample-046835.mp3,1
females\sample-046842.mp3,1
females\sample-046844.mp3,1
females\sample-046873.mp3,1
females\sample-046875.mp3,1
females\sample-046888.mp3,1
females\sample-046892.mp3,1
females\sample-046896.mp3,1
females\sample-046899.mp3,1
females\sample-046931.mp3,1
females\sample-046949.mp3,1
females\sample-046958.mp3,1
females\sample-046988.mp3,1
females\sample-047049.mp3,1
females\sample-047080.mp3,1
females\sample-047083.mp3,1
females\sample-047087.mp3,1
females\sample-047096.mp3,1
females\sample-047097.mp3,1
females\sample-047100.mp3,1
females\sample-047119.mp3,1
females\sample-047133.mp3,1
females\sample-047138.mp3,1
females\sample-047148.mp3,1
females\sample-047157.mp3,1
females\sample-047162.mp3,1
females\sample-047182.mp3,1
females\sample-047184.mp3,1
females\sample-047192.mp3,1
females\sample-047208.mp3,1
females\sample-047211.mp3,1
females\sample-047219.mp3,1
females\sample-047232.mp3,1
females\sample-047234.mp3,1
females\sample-047255.mp3,1
females\sample-047266.mp3,1
females\sample-047271.mp3,1
females\sample-047274.mp3,1
females\sample-047285.mp3,1
females\sample-047309.mp3,1
females\sample-047321.mp3,1
females\sample-047329.mp3,1
females\sample-047336.mp3,1
females\sample-047337.mp3,1
females\sample-047360.mp3,1
females\sample-047397.mp3,1
females\sample-047398.mp3,1
females\sample-047408.mp3,1
females\sample-047426.mp3,1
females\sample-047456.mp3,1
females\sample-047460.mp3,1
females\sample-047466.mp3,1
females\sample-047467.mp3,1
females\sample-047478.mp3,1
females\sample-047491.mp3,1
females\sample-047495.mp3,1
females\sample-047507.mp3,1
females\sample-047513.mp3,1
females\sample-047517.mp3,1
females\sample-047519.mp3,1
females\sample-047530.mp3,1
females\sample-047537.mp3,1
females\sample-047561.mp3,1
females\sample-047576.mp3,1
females\sample-047577.mp3,1
females\sample-047583.mp3,1
females\sample-047597.mp3,1
females\sample-047602.mp3,1
females\sample-047604.mp3,1
females\sample-047621.mp3,1
females\sample-047625.mp3,1
females\sample-047639.mp3,1
females\sample-047656.mp3,1
females\sample-047657.mp3,1
females\sample-047678.mp3,1
females\sample-047685.mp3,1
females\sample-047692.mp3,1
females\sample-047704.mp3,1
females\sample-047705.mp3,1
females\sample-047725.mp3,1
females\sample-047744.mp3,1
females\sample-047754.mp3,1
females\sample-047755.mp3,1
females\sample-047766.mp3,1
females\sample-047791.mp3,1
females\sample-047792.mp3,1
females\sample-047793.mp3,1
females\sample-047809.mp3,1
females\sample-047820.mp3,1
females\sample-047837.mp3,1
females\sample-047893.mp3,1
females\sample-047932.mp3,1
females\sample-047979.mp3,1
females\sample-047981.mp3,1
females\sample-047987.mp3,1
females\sample-047998.mp3,1
females\sample-048002.mp3,1
females\sample-048005.mp3,1
females\sample-048010.mp3,1
females\sample-048015.mp3,1
females\sample-048030.mp3,1
females\sample-048052.mp3,1
females\sample-048053.mp3,1
females\sample-048062.mp3,1
females\sample-048073.mp3,1
females\sample-048077.mp3,1
females\sample-048078.mp3,1
females\sample-048083.mp3,1
females\sample-048087.mp3,1
females\sample-048090.mp3,1
females\sample-048110.mp3,1
females\sample-048111.mp3,1
females\sample-048128.mp3,1
females\sample-048156.mp3,1
females\sample-048162.mp3,1
females\sample-048191.mp3,1
females\sample-048196.mp3,1
females\sample-048197.mp3,1
females\sample-048207.mp3,1
females\sample-048217.mp3,1
females\sample-048225.mp3,1
females\sample-048238.mp3,1
females\sample-048247.mp3,1
females\sample-048254.mp3,1
females\sample-048276.mp3,1
females\sample-048282.mp3,1
females\sample-048293.mp3,1
females\sample-048299.mp3,1
females\sample-048304.mp3,1
females\sample-048311.mp3,1
females\sample-048316.mp3,1
females\sample-048318.mp3,1
females\sample-048327.mp3,1
females\sample-048343.mp3,1
females\sample-048348.mp3,1
females\sample-048354.mp3,1
females\sample-048373.mp3,1
females\sample-048375.mp3,1
females\sample-048385.mp3,1
females\sample-048392.mp3,1
females\sample-048422.mp3,1
females\sample-048430.mp3,1
females\sample-048442.mp3,1
females\sample-048465.mp3,1
females\sample-048468.mp3,1
females\sample-048473.mp3,1
females\sample-048499.mp3,1
females\sample-048502.mp3,1
females\sample-048508.mp3,1
females\sample-048510.mp3,1
females\sample-048511.mp3,1
females\sample-048517.mp3,1
females\sample-048526.mp3,1
females\sample-048537.mp3,1
females\sample-048555.mp3,1
females\sample-048561.mp3,1
females\sample-048565.mp3,1
females\sample-048566.mp3,1
females\sample-048568.mp3,1
females\sample-048587.mp3,1
females\sample-048593.mp3,1
females\sample-048602.mp3,1
females\sample-048605.mp3,1
females\sample-048638.mp3,1
females\sample-048643.mp3,1
females\sample-048680.mp3,1
females\sample-048689.mp3,1
females\sample-048707.mp3,1
females\sample-048711.mp3,1
females\sample-048725.mp3,1
females\sample-048730.mp3,1
females\sample-048742.mp3,1
females\sample-048755.mp3,1
females\sample-048762.mp3,1
females\sample-048771.mp3,1
females\sample-048782.mp3,1
females\sample-048799.mp3,1
females\sample-048800.mp3,1
females\sample-048811.mp3,1
females\sample-048818.mp3,1
females\sample-048831.mp3,1
females\sample-048856.mp3,1
females\sample-048873.mp3,1
females\sample-048878.mp3,1
females\sample-048886.mp3,1
females\sample-048902.mp3,1
females\sample-048916.mp3,1
females\sample-048917.mp3,1
females\sample-048936.mp3,1
females\sample-048938.mp3,1
females\sample-048943.mp3,1
females\sample-048949.mp3,1
females\sample-048955.mp3,1
females\sample-048959.mp3,1
females\sample-048967.mp3,1
females\sample-048976.mp3,1
females\sample-048986.mp3,1
females\sample-048993.mp3,1
females\sample-049002.mp3,1
females\sample-049008.mp3,1
females\sample-049011.mp3,1
females\sample-049015.mp3,1
females\sample-049024.mp3,1
females\sample-049039.mp3,1
females\sample-049070.mp3,1
females\sample-049105.mp3,1
females\sample-049108.mp3,1
females\sample-049116.mp3,1
females\sample-049119.mp3,1
females\sample-049131.mp3,1
females\sample-049137.mp3,1
females\sample-049138.mp3,1
females\sample-049161.mp3,1
females\sample-049171.mp3,1
females\sample-049173.mp3,1
females\sample-049176.mp3,1
females\sample-049194.mp3,1
females\sample-049235.mp3,1
females\sample-049238.mp3,1
females\sample-049245.mp3,1
females\sample-049250.mp3,1
females\sample-049259.mp3,1
females\sample-049265.mp3,1
females\sample-049273.mp3,1
females\sample-049279.mp3,1
females\sample-049302.mp3,1
females\sample-049310.mp3,1
females\sample-049312.mp3,1
females\sample-049317.mp3,1
females\sample-049320.mp3,1
females\sample-049361.mp3,1
females\sample-049377.mp3,1
females\sample-049386.mp3,1
females\sample-049394.mp3,1
females\sample-049412.mp3,1
females\sample-049425.mp3,1
females\sample-049435.mp3,1
females\sample-049468.mp3,1
females\sample-049481.mp3,1
females\sample-049488.mp3,1
females\sample-049494.mp3,1
females\sample-049502.mp3,1
females\sample-049526.mp3,1
females\sample-049540.mp3,1
females\sample-049546.mp3,1
females\sample-049551.mp3,1
females\sample-049555.mp3,1
females\sample-049557.mp3,1
females\sample-049562.mp3,1
females\sample-049575.mp3,1
females\sample-049577.mp3,1
females\sample-049584.mp3,1
females\sample-049588.mp3,1
females\sample-049600.mp3,1
females\sample-049608.mp3,1
females\sample-049614.mp3,1
females\sample-049626.mp3,1
females\sample-049627.mp3,1
females\sample-049644.mp3,1
females\sample-049652.mp3,1
females\sample-049667.mp3,1
females\sample-049692.mp3,1
females\sample-049694.mp3,1
females\sample-049711.mp3,1
females\sample-049716.mp3,1
females\sample-049724.mp3,1
females\sample-049752.mp3,1
females\sample-049775.mp3,1
females\sample-049783.mp3,1
females\sample-049784.mp3,1
females\sample-049792.mp3,1
females\sample-049796.mp3,1
females\sample-049812.mp3,1
females\sample-049813.mp3,1
females\sample-049828.mp3,1
females\sample-049921.mp3,1
females\sample-049924.mp3,1
females\sample-049933.mp3,1
females\sample-049962.mp3,1
females\sample-049976.mp3,1
females\sample-049981.mp3,1
females\sample-049983.mp3,1
females\sample-049984.mp3,1
females\sample-049986.mp3,1
females\sample-050007.mp3,1
females\sample-050008.mp3,1
females\sample-050017.mp3,1
females\sample-050023.mp3,1
females\sample-050024.mp3,1
females\sample-050026.mp3,1
females\sample-050029.mp3,1
females\sample-050041.mp3,1
females\sample-050047.mp3,1
females\sample-050053.mp3,1
females\sample-050070.mp3,1
females\sample-050071.mp3,1
females\sample-050097.mp3,1
females\sample-050110.mp3,1
females\sample-050123.mp3,1
females\sample-050126.mp3,1
females\sample-050127.mp3,1
females\sample-050138.mp3,1
females\sample-050147.mp3,1
females\sample-050148.mp3,1
females\sample-050207.mp3,1
females\sample-050216.mp3,1
females\sample-050225.mp3,1
females\sample-050227.mp3,1
females\sample-050233.mp3,1
females\sample-050238.mp3,1
females\sample-050250.mp3,1
females\sample-050254.mp3,1
females\sample-050261.mp3,1
females\sample-050265.mp3,1
females\sample-050267.mp3,1
females\sample-050289.mp3,1
females\sample-050297.mp3,1
females\sample-050301.mp3,1
females\sample-050306.mp3,1
females\sample-050344.mp3,1
females\sample-050358.mp3,1
females\sample-050374.mp3,1
females\sample-050386.mp3,1
females\sample-050413.mp3,1
females\sample-050416.mp3,1
females\sample-050435.mp3,1
females\sample-050444.mp3,1
females\sample-050479.mp3,1
females\sample-050482.mp3,1
females\sample-050489.mp3,1
females\sample-050498.mp3,1
females\sample-050517.mp3,1
females\sample-050524.mp3,1
females\sample-050535.mp3,1
females\sample-050536.mp3,1
females\sample-050548.mp3,1
females\sample-050556.mp3,1
females\sample-050607.mp3,1
females\sample-050612.mp3,1
females\sample-050625.mp3,1
females\sample-050642.mp3,1
females\sample-050664.mp3,1
females\sample-050682.mp3,1
females\sample-050695.mp3,1
females\sample-050697.mp3,1
females\sample-050699.mp3,1
females\sample-050705.mp3,1
females\sample-050720.mp3,1
females\sample-050751.mp3,1
females\sample-050756.mp3,1
females\sample-050763.mp3,1
females\sample-050773.mp3,1
females\sample-050777.mp3,1
females\sample-050787.mp3,1
females\sample-050791.mp3,1
females\sample-050793.mp3,1
females\sample-050795.mp3,1
females\sample-050796.mp3,1
females\sample-050803.mp3,1
females\sample-050814.mp3,1
females\sample-050824.mp3,1
females\sample-050833.mp3,1
females\sample-050859.mp3,1
females\sample-050863.mp3,1
females\sample-050867.mp3,1
females\sample-050886.mp3,1
females\sample-050906.mp3,1
females\sample-050918.mp3,1
females\sample-050928.mp3,1
females\sample-050931.mp3,1
females\sample-050952.mp3,1
females\sample-050959.mp3,1
females\sample-050970.mp3,1
females\sample-050972.mp3,1
females\sample-050992.mp3,1
females\sample-050998.mp3,1
females\sample-051014.mp3,1
females\sample-051019.mp3,1
females\sample-051024.mp3,1
females\sample-051071.mp3,1
females\sample-051081.mp3,1
females\sample-051082.mp3,1
females\sample-051114.mp3,1
females\sample-051117.mp3,1
females\sample-051121.mp3,1
females\sample-051128.mp3,1
females\sample-051140.mp3,1
females\sample-051142.mp3,1
females\sample-051147.mp3,1
females\sample-051152.mp3,1
females\sample-051161.mp3,1
females\sample-051171.mp3,1
females\sample-051177.mp3,1
females\sample-051178.mp3,1
females\sample-051183.mp3,1
females\sample-051198.mp3,1
females\sample-051208.mp3,1
females\sample-051210.mp3,1
females\sample-051248.mp3,1
females\sample-051249.mp3,1
females\sample-051253.mp3,1
females\sample-051260.mp3,1
females\sample-051282.mp3,1
females\sample-051295.mp3,1
females\sample-051305.mp3,1
females\sample-051306.mp3,1
females\sample-051323.mp3,1
females\sample-051328.mp3,1
females\sample-051340.mp3,1
females\sample-051341.mp3,1
females\sample-051354.mp3,1
females\sample-051397.mp3,1
females\sample-051423.mp3,1
females\sample-051461.mp3,1
females\sample-051470.mp3,1
females\sample-051473.mp3,1
females\sample-051529.mp3,1
females\sample-051532.mp3,1
females\sample-051554.mp3,1
females\sample-051560.mp3,1
females\sample-051565.mp3,1
females\sample-051576.mp3,1
females\sample-051581.mp3,1
females\sample-051592.mp3,1
females\sample-051598.mp3,1
females\sample-051614.mp3,1
females\sample-051621.mp3,1
females\sample-051650.mp3,1
females\sample-051655.mp3,1
females\sample-051660.mp3,1
females\sample-051675.mp3,1
females\sample-051680.mp3,1
females\sample-051688.mp3,1
females\sample-051696.mp3,1
females\sample-051718.mp3,1
females\sample-051724.mp3,1
females\sample-051735.mp3,1
females\sample-051755.mp3,1
females\sample-051761.mp3,1
females\sample-051792.mp3,1
females\sample-051796.mp3,1
females\sample-051800.mp3,1
females\sample-051801.mp3,1
females\sample-051810.mp3,1
females\sample-051819.mp3,1
females\sample-051832.mp3,1
females\sample-051865.mp3,1
females\sample-051894.mp3,1
females\sample-051911.mp3,1
females\sample-051920.mp3,1
females\sample-051923.mp3,1
females\sample-051926.mp3,1
females\sample-051935.mp3,1
females\sample-051939.mp3,1
females\sample-051951.mp3,1
females\sample-051973.mp3,1
females\sample-051982.mp3,1
females\sample-051991.mp3,1
females\sample-051993.mp3,1
females\sample-052004.mp3,1
females\sample-052009.mp3,1
females\sample-052010.mp3,1
females\sample-052012.mp3,1
females\sample-052013.mp3,1
females\sample-052020.mp3,1
females\sample-052029.mp3,1
females\sample-052049.mp3,1
females\sample-052053.mp3,1
females\sample-052059.mp3,1
females\sample-052078.mp3,1
females\sample-052098.mp3,1
females\sample-052102.mp3,1
females\sample-052113.mp3,1
females\sample-052114.mp3,1
females\sample-052121.mp3,1
females\sample-052148.mp3,1
females\sample-052156.mp3,1
females\sample-052170.mp3,1
females\sample-052171.mp3,1
females\sample-052172.mp3,1
females\sample-052181.mp3,1
females\sample-052204.mp3,1
females\sample-052211.mp3,1
females\sample-052247.mp3,1
females\sample-052248.mp3,1
females\sample-052255.mp3,1
females\sample-052256.mp3,1
females\sample-052265.mp3,1
females\sample-052288.mp3,1
females\sample-052301.mp3,1
females\sample-052306.mp3,1
females\sample-052309.mp3,1
females\sample-052330.mp3,1
females\sample-052337.mp3,1
females\sample-052355.mp3,1
females\sample-052374.mp3,1
females\sample-052377.mp3,1
females\sample-052397.mp3,1
females\sample-052408.mp3,1
females\sample-052419.mp3,1
females\sample-052425.mp3,1
females\sample-052444.mp3,1
females\sample-052448.mp3,1
females\sample-052449.mp3,1
females\sample-052450.mp3,1
females\sample-052464.mp3,1
females\sample-052469.mp3,1
females\sample-052474.mp3,1
females\sample-052479.mp3,1
females\sample-052500.mp3,1
females\sample-052505.mp3,1
females\sample-052516.mp3,1
females\sample-052525.mp3,1
females\sample-052548.mp3,1
females\sample-052552.mp3,1
females\sample-052558.mp3,1
females\sample-052595.mp3,1
females\sample-052609.mp3,1
females\sample-052617.mp3,1
females\sample-052620.mp3,1
females\sample-052636.mp3,1
females\sample-052642.mp3,1
females\sample-052653.mp3,1
females\sample-052654.mp3,1
females\sample-052675.mp3,1
females\sample-052700.mp3,1
females\sample-052735.mp3,1
females\sample-052738.mp3,1
females\sample-052757.mp3,1
females\sample-052758.mp3,1
females\sample-052761.mp3,1
females\sample-052798.mp3,1
females\sample-052831.mp3,1
females\sample-052832.mp3,1
females\sample-052852.mp3,1
females\sample-052854.mp3,1
females\sample-052855.mp3,1
females\sample-052867.mp3,1
females\sample-052873.mp3,1
females\sample-052888.mp3,1
females\sample-052901.mp3,1
females\sample-052904.mp3,1
females\sample-052916.mp3,1
females\sample-052920.mp3,1
females\sample-052926.mp3,1
females\sample-052931.mp3,1
females\sample-052937.mp3,1
females\sample-052941.mp3,1
females\sample-052984.mp3,1
females\sample-052994.mp3,1
females\sample-052997.mp3,1
females\sample-052999.mp3,1
females\sample-053001.mp3,1
females\sample-053008.mp3,1
females\sample-053009.mp3,1
females\sample-053020.mp3,1
females\sample-053073.mp3,1
females\sample-053085.mp3,1
females\sample-053091.mp3,1
females\sample-053095.mp3,1
females\sample-053120.mp3,1
females\sample-053122.mp3,1
females\sample-053126.mp3,1
females\sample-053137.mp3,1
females\sample-053142.mp3,1
females\sample-053167.mp3,1
females\sample-053169.mp3,1
females\sample-053170.mp3,1
females\sample-053179.mp3,1
females\sample-053182.mp3,1
females\sample-053207.mp3,1
females\sample-053227.mp3,1
females\sample-053237.mp3,1
females\sample-053246.mp3,1
females\sample-053252.mp3,1
females\sample-053254.mp3,1
females\sample-053263.mp3,1
females\sample-053272.mp3,1
females\sample-053285.mp3,1
females\sample-053300.mp3,1
females\sample-053303.mp3,1
females\sample-053309.mp3,1
females\sample-053331.mp3,1
females\sample-053337.mp3,1
females\sample-053358.mp3,1
females\sample-053365.mp3,1
females\sample-053406.mp3,1
females\sample-053447.mp3,1
females\sample-053450.mp3,1
females\sample-053453.mp3,1
females\sample-053458.mp3,1
females\sample-053468.mp3,1
females\sample-053469.mp3,1
females\sample-053475.mp3,1
females\sample-053496.mp3,1
females\sample-053499.mp3,1
females\sample-053519.mp3,1
females\sample-053527.mp3,1
females\sample-053529.mp3,1
females\sample-053530.mp3,1
females\sample-053535.mp3,1
females\sample-053542.mp3,1
females\sample-053547.mp3,1
females\sample-053572.mp3,1
females\sample-053584.mp3,1
females\sample-053587.mp3,1
females\sample-053589.mp3,1
females\sample-053596.mp3,1
females\sample-053601.mp3,1
females\sample-053604.mp3,1
females\sample-053637.mp3,1
females\sample-053640.mp3,1
females\sample-053650.mp3,1
females\sample-053671.mp3,1
females\sample-053698.mp3,1
females\sample-053699.mp3,1
females\sample-053702.mp3,1
females\sample-053712.mp3,1
females\sample-053716.mp3,1
females\sample-053717.mp3,1
females\sample-053718.mp3,1
females\sample-053720.mp3,1
females\sample-053725.mp3,1
females\sample-053729.mp3,1
females\sample-053739.mp3,1
females\sample-053746.mp3,1
females\sample-053753.mp3,1
females\sample-053774.mp3,1
females\sample-053792.mp3,1
females\sample-053822.mp3,1
females\sample-053823.mp3,1
females\sample-053838.mp3,1
females\sample-053847.mp3,1
females\sample-053868.mp3,1
females\sample-053874.mp3,1
females\sample-053875.mp3,1
females\sample-053881.mp3,1
females\sample-053916.mp3,1
females\sample-053925.mp3,1
females\sample-053946.mp3,1
females\sample-053947.mp3,1
females\sample-053964.mp3,1
females\sample-053967.mp3,1
females\sample-053970.mp3,1
females\sample-053974.mp3,1
females\sample-054007.mp3,1
females\sample-054011.mp3,1
females\sample-054014.mp3,1
females\sample-054031.mp3,1
females\sample-054033.mp3,1
females\sample-054041.mp3,1
females\sample-054054.mp3,1
females\sample-054059.mp3,1
females\sample-054074.mp3,1
females\sample-054082.mp3,1
females\sample-054136.mp3,1
females\sample-054150.mp3,1
females\sample-054151.mp3,1
females\sample-054152.mp3,1
females\sample-054161.mp3,1
females\sample-054173.mp3,1
females\sample-054176.mp3,1
females\sample-054180.mp3,1
females\sample-054195.mp3,1
females\sample-054201.mp3,1
females\sample-054210.mp3,1
females\sample-054211.mp3,1
females\sample-054224.mp3,1
females\sample-054229.mp3,1
females\sample-054245.mp3,1
females\sample-054247.mp3,1
females\sample-054253.mp3,1
females\sample-054269.mp3,1
females\sample-054279.mp3,1
females\sample-054287.mp3,1
females\sample-054288.mp3,1
females\sample-054316.mp3,1
females\sample-054327.mp3,1
females\sample-054345.mp3,1
females\sample-054346.mp3,1
females\sample-054348.mp3,1
females\sample-054352.mp3,1
females\sample-054365.mp3,1
females\sample-054379.mp3,1
females\sample-054390.mp3,1
females\sample-054393.mp3,1
females\sample-054408.mp3,1
females\sample-054409.mp3,1
females\sample-054430.mp3,1
females\sample-054454.mp3,1
females\sample-054455.mp3,1
females\sample-054473.mp3,1
females\sample-054493.mp3,1
females\sample-054511.mp3,1
females\sample-054512.mp3,1
females\sample-054513.mp3,1
females\sample-054514.mp3,1
females\sample-054529.mp3,1
females\sample-054532.mp3,1
females\sample-054543.mp3,1
females\sample-054557.mp3,1
females\sample-054563.mp3,1
females\sample-054573.mp3,1
females\sample-054624.mp3,1
females\sample-054626.mp3,1
females\sample-054629.mp3,1
females\sample-054630.mp3,1
females\sample-054662.mp3,1
females\sample-054664.mp3,1
females\sample-054673.mp3,1
females\sample-054678.mp3,1
females\sample-054688.mp3,1
females\sample-054694.mp3,1
females\sample-054695.mp3,1
females\sample-054707.mp3,1
females\sample-054712.mp3,1
females\sample-054723.mp3,1
females\sample-054728.mp3,1
females\sample-054730.mp3,1
females\sample-054731.mp3,1
females\sample-054741.mp3,1
females\sample-054742.mp3,1
females\sample-054757.mp3,1
females\sample-054765.mp3,1
females\sample-054766.mp3,1
females\sample-054771.mp3,1
females\sample-054789.mp3,1
females\sample-054812.mp3,1
females\sample-054821.mp3,1
females\sample-054829.mp3,1
females\sample-054834.mp3,1
females\sample-054839.mp3,1
females\sample-054845.mp3,1
females\sample-054849.mp3,1
females\sample-054852.mp3,1
females\sample-054884.mp3,1
females\sample-054901.mp3,1
females\sample-054905.mp3,1
females\sample-054917.mp3,1
females\sample-054936.mp3,1
females\sample-054940.mp3,1
females\sample-054941.mp3,1
females\sample-054947.mp3,1
females\sample-054959.mp3,1
females\sample-054960.mp3,1
females\sample-054968.mp3,1
females\sample-054977.mp3,1
females\sample-054978.mp3,1
females\sample-054979.mp3,1
females\sample-054992.mp3,1
females\sample-055001.mp3,1
females\sample-055017.mp3,1
females\sample-055030.mp3,1
females\sample-055040.mp3,1
females\sample-055053.mp3,1
females\sample-055058.mp3,1
females\sample-055066.mp3,1
females\sample-055069.mp3,1
females\sample-055075.mp3,1
females\sample-055082.mp3,1
females\sample-055112.mp3,1
females\sample-055119.mp3,1
females\sample-055122.mp3,1
females\sample-055123.mp3,1
females\sample-055135.mp3,1
females\sample-055141.mp3,1
females\sample-055142.mp3,1
females\sample-055143.mp3,1
females\sample-055160.mp3,1
females\sample-055176.mp3,1
females\sample-055180.mp3,1
females\sample-055182.mp3,1
females\sample-055238.mp3,1
females\sample-055239.mp3,1
females\sample-055247.mp3,1
females\sample-055252.mp3,1
females\sample-055253.mp3,1
females\sample-055281.mp3,1
females\sample-055289.mp3,1
females\sample-055290.mp3,1
females\sample-055298.mp3,1
females\sample-055309.mp3,1
females\sample-055326.mp3,1
females\sample-055340.mp3,1
females\sample-055342.mp3,1
females\sample-055354.mp3,1
females\sample-055358.mp3,1
females\sample-055362.mp3,1
females\sample-055384.mp3,1
females\sample-055413.mp3,1
females\sample-055432.mp3,1
females\sample-055445.mp3,1
females\sample-055448.mp3,1
females\sample-055453.mp3,1
females\sample-055457.mp3,1
females\sample-055462.mp3,1
females\sample-055478.mp3,1
females\sample-055480.mp3,1
females\sample-055489.mp3,1
females\sample-055494.mp3,1
females\sample-055510.mp3,1
females\sample-055530.mp3,1
females\sample-055537.mp3,1
females\sample-055551.mp3,1
females\sample-055593.mp3,1
females\sample-055600.mp3,1
females\sample-055622.mp3,1
females\sample-055647.mp3,1
females\sample-055681.mp3,1
females\sample-055695.mp3,1
females\sample-055714.mp3,1
females\sample-055715.mp3,1
females\sample-055720.mp3,1
females\sample-055732.mp3,1
females\sample-055741.mp3,1
females\sample-055757.mp3,1
females\sample-055797.mp3,1
females\sample-055838.mp3,1
females\sample-055840.mp3,1
females\sample-055853.mp3,1
females\sample-055855.mp3,1
females\sample-055864.mp3,1
females\sample-055880.mp3,1
females\sample-055914.mp3,1
females\sample-055946.mp3,1
females\sample-055959.mp3,1
females\sample-055969.mp3,1
females\sample-055972.mp3,1
females\sample-055976.mp3,1
females\sample-055980.mp3,1
females\sample-055982.mp3,1
females\sample-055983.mp3,1
females\sample-055990.mp3,1
females\sample-056015.mp3,1
females\sample-056025.mp3,1
females\sample-056033.mp3,1
females\sample-056035.mp3,1
females\sample-056051.mp3,1
females\sample-056059.mp3,1
females\sample-056086.mp3,1
females\sample-056092.mp3,1
females\sample-056099.mp3,1
females\sample-056105.mp3,1
females\sample-056110.mp3,1
females\sample-056132.mp3,1
females\sample-056139.mp3,1
females\sample-056151.mp3,1
females\sample-056175.mp3,1
females\sample-056177.mp3,1
females\sample-056208.mp3,1
females\sample-056224.mp3,1
females\sample-056256.mp3,1
females\sample-056264.mp3,1
females\sample-056265.mp3,1
females\sample-056270.mp3,1
females\sample-056276.mp3,1
females\sample-056281.mp3,1
females\sample-056295.mp3,1
females\sample-056309.mp3,1
females\sample-056312.mp3,1
females\sample-056319.mp3,1
females\sample-056324.mp3,1
females\sample-056336.mp3,1
females\sample-056350.mp3,1
females\sample-056369.mp3,1
females\sample-056391.mp3,1
females\sample-056409.mp3,1
females\sample-056412.mp3,1
females\sample-056420.mp3,1
females\sample-056422.mp3,1
females\sample-056423.mp3,1
females\sample-056426.mp3,1
females\sample-056433.mp3,1
females\sample-056445.mp3,1
females\sample-056457.mp3,1
females\sample-056460.mp3,1
females\sample-056470.mp3,1
females\sample-056485.mp3,1
females\sample-056493.mp3,1
females\sample-056505.mp3,1
females\sample-056515.mp3,1
females\sample-056517.mp3,1
females\sample-056538.mp3,1
females\sample-056541.mp3,1
females\sample-056563.mp3,1
females\sample-056567.mp3,1
females\sample-056586.mp3,1
females\sample-056592.mp3,1
females\sample-056603.mp3,1
females\sample-056649.mp3,1
females\sample-056650.mp3,1
females\sample-056657.mp3,1
females\sample-056669.mp3,1
females\sample-056681.mp3,1
females\sample-056685.mp3,1
females\sample-056698.mp3,1
females\sample-056706.mp3,1
females\sample-056709.mp3,1
females\sample-056711.mp3,1
females\sample-056718.mp3,1
females\sample-056732.mp3,1
females\sample-056735.mp3,1
females\sample-056740.mp3,1
females\sample-056757.mp3,1
females\sample-056783.mp3,1
females\sample-056786.mp3,1
females\sample-056794.mp3,1
females\sample-056800.mp3,1
females\sample-056807.mp3,1
females\sample-056833.mp3,1
females\sample-056834.mp3,1
females\sample-056861.mp3,1
females\sample-056865.mp3,1
females\sample-056870.mp3,1
females\sample-056889.mp3,1
females\sample-056890.mp3,1
females\sample-056920.mp3,1
females\sample-056926.mp3,1
females\sample-056937.mp3,1
females\sample-056945.mp3,1
females\sample-056947.mp3,1
females\sample-056963.mp3,1
females\sample-056966.mp3,1
females\sample-056975.mp3,1
females\sample-056983.mp3,1
females\sample-056991.mp3,1
females\sample-057008.mp3,1
females\sample-057013.mp3,1
females\sample-057052.mp3,1
females\sample-057075.mp3,1
females\sample-057087.mp3,1
females\sample-057099.mp3,1
females\sample-057104.mp3,1
females\sample-057127.mp3,1
females\sample-057144.mp3,1
females\sample-057180.mp3,1
females\sample-057182.mp3,1
females\sample-057190.mp3,1
females\sample-057194.mp3,1
females\sample-057202.mp3,1
females\sample-057204.mp3,1
females\sample-057229.mp3,1
females\sample-057231.mp3,1
females\sample-057258.mp3,1
females\sample-057262.mp3,1
females\sample-057266.mp3,1
females\sample-057268.mp3,1
females\sample-057272.mp3,1
females\sample-057282.mp3,1
females\sample-057289.mp3,1
females\sample-057295.mp3,1
females\sample-057296.mp3,1
females\sample-057301.mp3,1
females\sample-057340.mp3,1
females\sample-057345.mp3,1
females\sample-057352.mp3,1
females\sample-057426.mp3,1
females\sample-057436.mp3,1
females\sample-057437.mp3,1
females\sample-057439.mp3,1
females\sample-057466.mp3,1
females\sample-057471.mp3,1
females\sample-057475.mp3,1
females\sample-057484.mp3,1
females\sample-057492.mp3,1
females\sample-057496.mp3,1
females\sample-057507.mp3,1
females\sample-057530.mp3,1
females\sample-057539.mp3,1
females\sample-057548.mp3,1
females\sample-057551.mp3,1
females\sample-057561.mp3,1
females\sample-057566.mp3,1
females\sample-057568.mp3,1
females\sample-057587.mp3,1
females\sample-057594.mp3,1
females\sample-057604.mp3,1
females\sample-057608.mp3,1
females\sample-057620.mp3,1
females\sample-057641.mp3,1
females\sample-057646.mp3,1
females\sample-057663.mp3,1
females\sample-057673.mp3,1
females\sample-057681.mp3,1
females\sample-057704.mp3,1
females\sample-057712.mp3,1
females\sample-057719.mp3,1
females\sample-057749.mp3,1
females\sample-057752.mp3,1
females\sample-057757.mp3,1
females\sample-057765.mp3,1
females\sample-057774.mp3,1
females\sample-057781.mp3,1
females\sample-057789.mp3,1
females\sample-057799.mp3,1
females\sample-057805.mp3,1
females\sample-057806.mp3,1
females\sample-057816.mp3,1
females\sample-057817.mp3,1
females\sample-057820.mp3,1
females\sample-057879.mp3,1
females\sample-057905.mp3,1
females\sample-057922.mp3,1
females\sample-057928.mp3,1
females\sample-057940.mp3,1
females\sample-057943.mp3,1
females\sample-058020.mp3,1
females\sample-058042.mp3,1
females\sample-058053.mp3,1
females\sample-058057.mp3,1
females\sample-058058.mp3,1
females\sample-058074.mp3,1
females\sample-058095.mp3,1
females\sample-058099.mp3,1
females\sample-058128.mp3,1
females\sample-058141.mp3,1
females\sample-058156.mp3,1
females\sample-058165.mp3,1
females\sample-058173.mp3,1
females\sample-058183.mp3,1
females\sample-058196.mp3,1
females\sample-058197.mp3,1
females\sample-058204.mp3,1
females\sample-058207.mp3,1
females\sample-058211.mp3,1
females\sample-058212.mp3,1
females\sample-058213.mp3,1
females\sample-058216.mp3,1
females\sample-058225.mp3,1
females\sample-058243.mp3,1
females\sample-058258.mp3,1
females\sample-058273.mp3,1
females\sample-058292.mp3,1
females\sample-058293.mp3,1
females\sample-058310.mp3,1
females\sample-058332.mp3,1
females\sample-058334.mp3,1
females\sample-058343.mp3,1
females\sample-058345.mp3,1
females\sample-058347.mp3,1
females\sample-058359.mp3,1
females\sample-058360.mp3,1
females\sample-058378.mp3,1
females\sample-058396.mp3,1
females\sample-058398.mp3,1
females\sample-058404.mp3,1
females\sample-058408.mp3,1
females\sample-058414.mp3,1
females\sample-058424.mp3,1
females\sample-058435.mp3,1
females\sample-058436.mp3,1
females\sample-058447.mp3,1
females\sample-058460.mp3,1
females\sample-058464.mp3,1
females\sample-058469.mp3,1
females\sample-058525.mp3,1
females\sample-058526.mp3,1
females\sample-058539.mp3,1
females\sample-058550.mp3,1
females\sample-058553.mp3,1
females\sample-058575.mp3,1
females\sample-058584.mp3,1
females\sample-058587.mp3,1
females\sample-058637.mp3,1
females\sample-058654.mp3,1
females\sample-058658.mp3,1
females\sample-058662.mp3,1
females\sample-058666.mp3,1
females\sample-058667.mp3,1
females\sample-058681.mp3,1
females\sample-058686.mp3,1
females\sample-058704.mp3,1
females\sample-058709.mp3,1
females\sample-058716.mp3,1
females\sample-058720.mp3,1
females\sample-058722.mp3,1
females\sample-058725.mp3,1
females\sample-058746.mp3,1
females\sample-058794.mp3,1
females\sample-058803.mp3,1
females\sample-058850.mp3,1
females\sample-058852.mp3,1
females\sample-058862.mp3,1
females\sample-058873.mp3,1
females\sample-058880.mp3,1
females\sample-058898.mp3,1
females\sample-058913.mp3,1
females\sample-058926.mp3,1
females\sample-058954.mp3,1
females\sample-058966.mp3,1
females\sample-058967.mp3,1
females\sample-058980.mp3,1
females\sample-058982.mp3,1
females\sample-058985.mp3,1
females\sample-058987.mp3,1
females\sample-058988.mp3,1
females\sample-059000.mp3,1
females\sample-059011.mp3,1
females\sample-059012.mp3,1
females\sample-059013.mp3,1
females\sample-059016.mp3,1
females\sample-059042.mp3,1
females\sample-059048.mp3,1
females\sample-059071.mp3,1
females\sample-059079.mp3,1
females\sample-059092.mp3,1
females\sample-059104.mp3,1
females\sample-059106.mp3,1
females\sample-059107.mp3,1
females\sample-059138.mp3,1
females\sample-059141.mp3,1
females\sample-059147.mp3,1
females\sample-059149.mp3,1
females\sample-059157.mp3,1
females\sample-059164.mp3,1
females\sample-059169.mp3,1
females\sample-059176.mp3,1
females\sample-059184.mp3,1
females\sample-059191.mp3,1
females\sample-059223.mp3,1
females\sample-059237.mp3,1
females\sample-059248.mp3,1
females\sample-059261.mp3,1
females\sample-059275.mp3,1
females\sample-059279.mp3,1
females\sample-059302.mp3,1
females\sample-059304.mp3,1
females\sample-059313.mp3,1
females\sample-059323.mp3,1
females\sample-059344.mp3,1
females\sample-059351.mp3,1
females\sample-059365.mp3,1
females\sample-059372.mp3,1
females\sample-059373.mp3,1
females\sample-059376.mp3,1
females\sample-059396.mp3,1
females\sample-059399.mp3,1
females\sample-059402.mp3,1
females\sample-059407.mp3,1
females\sample-059420.mp3,1
females\sample-059424.mp3,1
females\sample-059440.mp3,1
females\sample-059453.mp3,1
females\sample-059464.mp3,1
females\sample-059472.mp3,1
females\sample-059478.mp3,1
females\sample-059490.mp3,1
females\sample-059494.mp3,1
females\sample-059497.mp3,1
females\sample-059498.mp3,1
females\sample-059511.mp3,1
females\sample-059523.mp3,1
females\sample-059556.mp3,1
females\sample-059566.mp3,1
females\sample-059572.mp3,1
females\sample-059573.mp3,1
females\sample-059576.mp3,1
females\sample-059588.mp3,1
females\sample-059591.mp3,1
females\sample-059605.mp3,1
females\sample-059610.mp3,1
females\sample-059617.mp3,1
females\sample-059630.mp3,1
females\sample-059644.mp3,1
females\sample-059664.mp3,1
females\sample-059684.mp3,1
females\sample-059738.mp3,1
females\sample-059742.mp3,1
females\sample-059776.mp3,1
females\sample-059781.mp3,1
females\sample-059796.mp3,1
females\sample-059811.mp3,1
females\sample-059828.mp3,1
females\sample-059843.mp3,1
females\sample-059867.mp3,1
females\sample-059885.mp3,1
females\sample-059900.mp3,1
females\sample-059902.mp3,1
females\sample-059911.mp3,1
females\sample-059917.mp3,1
females\sample-059918.mp3,1
females\sample-059940.mp3,1
females\sample-059941.mp3,1
females\sample-059977.mp3,1
females\sample-059986.mp3,1
females\sample-060002.mp3,1
females\sample-060006.mp3,1
females\sample-060024.mp3,1
females\sample-060030.mp3,1
females\sample-060065.mp3,1
females\sample-060069.mp3,1
females\sample-060083.mp3,1
females\sample-060105.mp3,1
females\sample-060136.mp3,1
females\sample-060139.mp3,1
females\sample-060141.mp3,1
females\sample-060148.mp3,1
females\sample-060165.mp3,1
females\sample-060167.mp3,1
females\sample-060173.mp3,1
females\sample-060204.mp3,1
females\sample-060234.mp3,1
females\sample-060269.mp3,1
females\sample-060281.mp3,1
females\sample-060291.mp3,1
females\sample-060304.mp3,1
females\sample-060306.mp3,1
females\sample-060318.mp3,1
females\sample-060332.mp3,1
females\sample-060343.mp3,1
females\sample-060347.mp3,1
females\sample-060355.mp3,1
females\sample-060362.mp3,1
females\sample-060363.mp3,1
females\sample-060372.mp3,1
females\sample-060375.mp3,1
females\sample-060386.mp3,1
females\sample-060420.mp3,1
females\sample-060422.mp3,1
females\sample-060436.mp3,1
females\sample-060443.mp3,1
females\sample-060450.mp3,1
females\sample-060458.mp3,1
females\sample-060470.mp3,1
females\sample-060475.mp3,1
females\sample-060487.mp3,1
females\sample-060494.mp3,1
females\sample-060511.mp3,1
females\sample-060518.mp3,1
females\sample-060519.mp3,1
females\sample-060523.mp3,1
females\sample-060530.mp3,1
females\sample-060531.mp3,1
females\sample-060532.mp3,1
females\sample-060548.mp3,1
females\sample-060558.mp3,1
females\sample-060577.mp3,1
females\sample-060585.mp3,1
females\sample-060610.mp3,1
females\sample-060616.mp3,1
females\sample-060626.mp3,1
females\sample-060629.mp3,1
females\sample-060671.mp3,1
females\sample-060677.mp3,1
females\sample-060681.mp3,1
females\sample-060693.mp3,1
females\sample-060696.mp3,1
females\sample-060701.mp3,1
females\sample-060713.mp3,1
females\sample-060731.mp3,1
females\sample-060739.mp3,1
females\sample-060751.mp3,1
females\sample-060758.mp3,1
females\sample-060772.mp3,1
females\sample-060776.mp3,1
females\sample-060778.mp3,1
females\sample-060788.mp3,1
females\sample-060801.mp3,1
females\sample-060804.mp3,1
females\sample-060808.mp3,1
females\sample-060830.mp3,1
females\sample-060843.mp3,1
females\sample-060846.mp3,1
females\sample-060848.mp3,1
females\sample-060857.mp3,1
females\sample-060866.mp3,1
females\sample-060872.mp3,1
females\sample-060873.mp3,1
females\sample-060880.mp3,1
females\sample-060905.mp3,1
females\sample-060906.mp3,1
females\sample-060909.mp3,1
females\sample-060927.mp3,1
females\sample-060931.mp3,1
females\sample-060938.mp3,1
females\sample-060939.mp3,1
females\sample-060946.mp3,1
females\sample-060953.mp3,1
females\sample-060967.mp3,1
females\sample-060969.mp3,1
females\sample-060971.mp3,1
females\sample-060972.mp3,1
females\sample-060977.mp3,1
females\sample-060984.mp3,1
females\sample-060985.mp3,1
females\sample-060993.mp3,1
females\sample-061024.mp3,1
females\sample-061044.mp3,1
females\sample-061057.mp3,1
females\sample-061068.mp3,1
females\sample-061071.mp3,1
females\sample-061073.mp3,1
females\sample-061080.mp3,1
females\sample-061086.mp3,1
females\sample-061088.mp3,1
females\sample-061100.mp3,1
females\sample-061112.mp3,1
females\sample-061115.mp3,1
females\sample-061140.mp3,1
females\sample-061152.mp3,1
females\sample-061160.mp3,1
females\sample-061163.mp3,1
females\sample-061174.mp3,1
females\sample-061196.mp3,1
females\sample-061201.mp3,1
females\sample-061204.mp3,1
females\sample-061215.mp3,1
females\sample-061250.mp3,1
females\sample-061262.mp3,1
females\sample-061267.mp3,1
females\sample-061271.mp3,1
females\sample-061279.mp3,1
females\sample-061286.mp3,1
females\sample-061289.mp3,1
females\sample-061311.mp3,1
females\sample-061317.mp3,1
females\sample-061333.mp3,1
females\sample-061342.mp3,1
females\sample-061352.mp3,1
females\sample-061355.mp3,1
females\sample-061368.mp3,1
females\sample-061390.mp3,1
females\sample-061409.mp3,1
females\sample-061410.mp3,1
females\sample-061417.mp3,1
females\sample-061424.mp3,1
females\sample-061428.mp3,1
females\sample-061437.mp3,1
females\sample-061441.mp3,1
females\sample-061442.mp3,1
females\sample-061443.mp3,1
females\sample-061465.mp3,1
females\sample-061467.mp3,1
females\sample-061468.mp3,1
females\sample-061476.mp3,1
females\sample-061478.mp3,1
females\sample-061481.mp3,1
females\sample-061508.mp3,1
females\sample-061527.mp3,1
females\sample-061537.mp3,1
females\sample-061542.mp3,1
females\sample-061557.mp3,1
females\sample-061558.mp3,1
females\sample-061566.mp3,1
females\sample-061601.mp3,1
females\sample-061609.mp3,1
females\sample-061622.mp3,1
females\sample-061631.mp3,1
females\sample-061649.mp3,1
females\sample-061664.mp3,1
females\sample-061695.mp3,1
females\sample-061697.mp3,1
females\sample-061703.mp3,1
females\sample-061714.mp3,1
females\sample-061724.mp3,1
females\sample-061753.mp3,1
females\sample-061763.mp3,1
females\sample-061776.mp3,1
females\sample-061783.mp3,1
females\sample-061789.mp3,1
females\sample-061790.mp3,1
females\sample-061806.mp3,1
females\sample-061808.mp3,1
females\sample-061818.mp3,1
females\sample-061825.mp3,1
females\sample-061827.mp3,1
females\sample-061835.mp3,1
females\sample-061839.mp3,1
females\sample-061848.mp3,1
females\sample-061851.mp3,1
females\sample-061861.mp3,1
females\sample-061869.mp3,1
females\sample-061887.mp3,1
females\sample-061917.mp3,1
females\sample-061922.mp3,1
females\sample-061923.mp3,1
females\sample-061935.mp3,1
females\sample-061940.mp3,1
females\sample-061941.mp3,1
females\sample-061943.mp3,1
females\sample-061967.mp3,1
females\sample-061969.mp3,1
females\sample-061981.mp3,1
females\sample-061992.mp3,1
females\sample-062006.mp3,1
females\sample-062013.mp3,1
females\sample-062016.mp3,1
females\sample-062023.mp3,1
females\sample-062033.mp3,1
females\sample-062039.mp3,1
females\sample-062053.mp3,1
females\sample-062054.mp3,1
females\sample-062057.mp3,1
females\sample-062066.mp3,1
females\sample-062093.mp3,1
females\sample-062104.mp3,1
females\sample-062113.mp3,1
females\sample-062116.mp3,1
females\sample-062152.mp3,1
females\sample-062163.mp3,1
females\sample-062178.mp3,1
females\sample-062180.mp3,1
females\sample-062190.mp3,1
females\sample-062196.mp3,1
females\sample-062215.mp3,1
females\sample-062258.mp3,1
females\sample-062264.mp3,1
females\sample-062269.mp3,1
females\sample-062302.mp3,1
females\sample-062309.mp3,1
females\sample-062313.mp3,1
females\sample-062315.mp3,1
females\sample-062330.mp3,1
females\sample-062333.mp3,1
females\sample-062377.mp3,1
females\sample-062381.mp3,1
females\sample-062382.mp3,1
females\sample-062387.mp3,1
females\sample-062392.mp3,1
females\sample-062433.mp3,1
females\sample-062450.mp3,1
females\sample-062485.mp3,1
females\sample-062512.mp3,1
females\sample-062530.mp3,1
females\sample-062548.mp3,1
females\sample-062561.mp3,1
females\sample-062569.mp3,1
females\sample-062598.mp3,1
females\sample-062611.mp3,1
females\sample-062627.mp3,1
females\sample-062633.mp3,1
females\sample-062659.mp3,1
females\sample-062701.mp3,1
females\sample-062740.mp3,1
females\sample-062743.mp3,1
females\sample-062746.mp3,1
females\sample-062748.mp3,1
females\sample-062759.mp3,1
females\sample-062775.mp3,1
females\sample-062790.mp3,1
females\sample-062838.mp3,1
females\sample-062840.mp3,1
females\sample-062843.mp3,1
females\sample-062857.mp3,1
females\sample-062862.mp3,1
females\sample-062865.mp3,1
females\sample-062871.mp3,1
females\sample-062874.mp3,1
females\sample-062875.mp3,1
females\sample-062913.mp3,1
females\sample-062920.mp3,1
females\sample-062928.mp3,1
females\sample-062952.mp3,1
females\sample-062962.mp3,1
females\sample-062970.mp3,1
females\sample-062997.mp3,1
females\sample-063024.mp3,1
females\sample-063031.mp3,1
females\sample-063037.mp3,1
females\sample-063047.mp3,1
females\sample-063061.mp3,1
females\sample-063107.mp3,1
females\sample-063121.mp3,1
females\sample-063123.mp3,1
females\sample-063128.mp3,1
females\sample-063136.mp3,1
females\sample-063168.mp3,1
females\sample-063172.mp3,1
females\sample-063208.mp3,1
females\sample-063268.mp3,1
females\sample-063277.mp3,1
females\sample-063288.mp3,1
females\sample-063297.mp3,1
females\sample-063312.mp3,1
females\sample-063314.mp3,1
females\sample-063335.mp3,1
females\sample-063347.mp3,1
females\sample-063348.mp3,1
females\sample-063356.mp3,1
females\sample-063370.mp3,1
females\sample-063438.mp3,1
females\sample-063446.mp3,1
females\sample-063449.mp3,1
females\sample-063450.mp3,1
females\sample-063452.mp3,1
females\sample-063465.mp3,1
females\sample-063470.mp3,1
females\sample-063477.mp3,1
females\sample-063525.mp3,1
females\sample-063532.mp3,1
females\sample-063538.mp3,1
females\sample-063540.mp3,1
females\sample-063541.mp3,1
females\sample-063555.mp3,1
females\sample-063556.mp3,1
females\sample-063573.mp3,1
females\sample-063575.mp3,1
females\sample-063581.mp3,1
females\sample-063582.mp3,1
females\sample-063593.mp3,1
females\sample-063596.mp3,1
females\sample-063600.mp3,1
females\sample-063601.mp3,1
females\sample-063627.mp3,1
females\sample-063641.mp3,1
females\sample-063642.mp3,1
females\sample-063645.mp3,1
females\sample-063659.mp3,1
females\sample-063666.mp3,1
females\sample-063671.mp3,1
females\sample-063673.mp3,1
females\sample-063674.mp3,1
females\sample-063678.mp3,1
females\sample-063681.mp3,1
females\sample-063688.mp3,1
females\sample-063701.mp3,1
females\sample-063703.mp3,1
females\sample-063732.mp3,1
females\sample-063735.mp3,1
females\sample-063747.mp3,1
females\sample-063760.mp3,1
females\sample-063765.mp3,1
females\sample-063769.mp3,1
females\sample-063773.mp3,1
females\sample-063779.mp3,1
females\sample-063791.mp3,1
females\sample-063805.mp3,1
females\sample-063806.mp3,1
females\sample-063828.mp3,1
females\sample-063839.mp3,1
females\sample-063869.mp3,1
females\sample-063875.mp3,1
females\sample-063877.mp3,1
females\sample-063895.mp3,1
females\sample-063899.mp3,1
females\sample-063903.mp3,1
females\sample-063907.mp3,1
females\sample-063908.mp3,1
females\sample-063914.mp3,1
females\sample-063917.mp3,1
females\sample-063919.mp3,1
females\sample-063953.mp3,1
females\sample-063955.mp3,1
females\sample-063974.mp3,1
females\sample-063985.mp3,1
females\sample-063999.mp3,1
females\sample-064008.mp3,1
females\sample-064042.mp3,1
females\sample-064044.mp3,1
females\sample-064045.mp3,1
females\sample-064047.mp3,1
females\sample-064052.mp3,1
females\sample-064057.mp3,1
females\sample-064066.mp3,1
females\sample-064084.mp3,1
females\sample-064085.mp3,1
females\sample-064098.mp3,1
females\sample-064099.mp3,1
females\sample-064103.mp3,1
females\sample-064141.mp3,1
females\sample-064149.mp3,1
females\sample-064176.mp3,1
females\sample-064199.mp3,1
females\sample-064200.mp3,1
females\sample-064203.mp3,1
females\sample-064209.mp3,1
females\sample-064213.mp3,1
females\sample-064219.mp3,1
females\sample-064231.mp3,1
females\sample-064237.mp3,1
females\sample-064253.mp3,1
females\sample-064256.mp3,1
females\sample-064274.mp3,1
females\sample-064276.mp3,1
females\sample-064301.mp3,1
females\sample-064308.mp3,1
females\sample-064309.mp3,1
females\sample-064315.mp3,1
females\sample-064321.mp3,1
females\sample-064381.mp3,1
females\sample-064384.mp3,1
females\sample-064388.mp3,1
females\sample-064406.mp3,1
females\sample-064428.mp3,1
females\sample-064440.mp3,1
females\sample-064478.mp3,1
females\sample-064495.mp3,1
females\sample-064499.mp3,1
females\sample-064509.mp3,1
females\sample-064527.mp3,1
females\sample-064547.mp3,1
females\sample-064574.mp3,1
females\sample-064576.mp3,1
females\sample-064582.mp3,1
females\sample-064596.mp3,1
females\sample-064599.mp3,1
females\sample-064600.mp3,1
females\sample-064616.mp3,1
females\sample-064629.mp3,1
females\sample-064648.mp3,1
females\sample-064657.mp3,1
females\sample-064679.mp3,1
females\sample-064688.mp3,1
females\sample-064707.mp3,1
females\sample-064713.mp3,1
females\sample-064726.mp3,1
females\sample-064778.mp3,1
females\sample-064793.mp3,1
females\sample-064814.mp3,1
females\sample-064836.mp3,1
females\sample-064846.mp3,1
females\sample-064851.mp3,1
females\sample-064867.mp3,1
females\sample-064870.mp3,1
females\sample-064877.mp3,1
females\sample-064892.mp3,1
females\sample-064904.mp3,1
females\sample-064945.mp3,1
females\sample-064984.mp3,1
females\sample-065021.mp3,1
females\sample-065056.mp3,1
females\sample-065058.mp3,1
females\sample-065070.mp3,1
females\sample-065076.mp3,1
females\sample-065078.mp3,1
females\sample-065089.mp3,1
females\sample-065096.mp3,1
females\sample-065099.mp3,1
females\sample-065103.mp3,1
females\sample-065104.mp3,1
females\sample-065123.mp3,1
females\sample-065156.mp3,1
females\sample-065178.mp3,1
females\sample-065180.mp3,1
females\sample-065202.mp3,1
females\sample-065227.mp3,1
females\sample-065239.mp3,1
females\sample-065268.mp3,1
females\sample-065281.mp3,1
females\sample-065285.mp3,1
females\sample-065292.mp3,1
females\sample-065297.mp3,1
females\sample-065305.mp3,1
females\sample-065322.mp3,1
females\sample-065326.mp3,1
females\sample-065340.mp3,1
females\sample-065359.mp3,1
females\sample-065372.mp3,1
females\sample-065376.mp3,1
females\sample-065390.mp3,1
females\sample-065395.mp3,1
females\sample-065402.mp3,1
females\sample-065423.mp3,1
females\sample-065424.mp3,1
females\sample-065445.mp3,1
females\sample-065449.mp3,1
females\sample-065472.mp3,1
females\sample-065490.mp3,1
females\sample-065500.mp3,1
females\sample-065507.mp3,1
females\sample-065514.mp3,1
females\sample-065529.mp3,1
females\sample-065536.mp3,1
females\sample-065557.mp3,1
females\sample-065600.mp3,1
females\sample-065606.mp3,1
females\sample-065608.mp3,1
females\sample-065612.mp3,1
females\sample-065613.mp3,1
females\sample-065618.mp3,1
females\sample-065622.mp3,1
females\sample-065657.mp3,1
females\sample-065661.mp3,1
females\sample-065675.mp3,1
females\sample-065683.mp3,1
females\sample-065704.mp3,1
females\sample-065743.mp3,1
females\sample-065751.mp3,1
females\sample-065760.mp3,1
females\sample-065762.mp3,1
females\sample-065763.mp3,1
females\sample-065768.mp3,1
females\sample-065778.mp3,1
females\sample-065820.mp3,1
females\sample-065842.mp3,1
females\sample-065875.mp3,1
females\sample-065886.mp3,1
females\sample-065895.mp3,1
females\sample-065909.mp3,1
females\sample-065928.mp3,1
females\sample-065972.mp3,1
females\sample-065977.mp3,1
females\sample-065989.mp3,1
females\sample-065990.mp3,1
females\sample-065996.mp3,1
females\sample-065997.mp3,1
females\sample-066031.mp3,1
females\sample-066080.mp3,1
females\sample-066089.mp3,1
females\sample-066102.mp3,1
females\sample-066122.mp3,1
females\sample-066139.mp3,1
females\sample-066183.mp3,1
females\sample-066194.mp3,1
females\sample-066197.mp3,1
females\sample-066219.mp3,1
females\sample-066225.mp3,1
females\sample-066231.mp3,1
females\sample-066245.mp3,1
females\sample-066248.mp3,1
females\sample-066302.mp3,1
females\sample-066308.mp3,1
females\sample-066310.mp3,1
females\sample-066327.mp3,1
females\sample-066339.mp3,1
females\sample-066352.mp3,1
females\sample-066375.mp3,1
females\sample-066376.mp3,1
females\sample-066384.mp3,1
females\sample-066385.mp3,1
females\sample-066388.mp3,1
females\sample-066407.mp3,1
females\sample-066417.mp3,1
females\sample-066426.mp3,1
females\sample-066429.mp3,1
females\sample-066441.mp3,1
females\sample-066457.mp3,1
females\sample-066459.mp3,1
females\sample-066461.mp3,1
females\sample-066476.mp3,1
females\sample-066480.mp3,1
females\sample-066496.mp3,1
females\sample-066507.mp3,1
females\sample-066519.mp3,1
females\sample-066524.mp3,1
females\sample-066525.mp3,1
females\sample-066530.mp3,1
females\sample-066541.mp3,1
females\sample-066558.mp3,1
females\sample-066570.mp3,1
females\sample-066582.mp3,1
females\sample-066592.mp3,1
females\sample-066596.mp3,1
females\sample-066600.mp3,1
females\sample-066604.mp3,1
females\sample-066641.mp3,1
females\sample-066686.mp3,1
females\sample-066689.mp3,1
females\sample-066713.mp3,1
females\sample-066730.mp3,1
females\sample-066744.mp3,1
females\sample-066750.mp3,1
females\sample-066767.mp3,1
females\sample-066803.mp3,1
females\sample-066821.mp3,1
females\sample-066830.mp3,1
females\sample-066848.mp3,1
females\sample-066870.mp3,1
females\sample-066871.mp3,1
females\sample-066895.mp3,1
females\sample-066898.mp3,1
females\sample-066904.mp3,1
females\sample-066937.mp3,1
females\sample-066944.mp3,1
females\sample-066946.mp3,1
females\sample-066962.mp3,1
females\sample-066963.mp3,1
females\sample-066964.mp3,1
females\sample-066967.mp3,1
females\sample-066969.mp3,1
females\sample-066981.mp3,1
females\sample-066990.mp3,1
females\sample-066994.mp3,1
females\sample-067002.mp3,1
females\sample-067008.mp3,1
females\sample-067012.mp3,1
females\sample-067014.mp3,1
females\sample-067021.mp3,1
females\sample-067031.mp3,1
females\sample-067068.mp3,1
females\sample-067084.mp3,1
females\sample-067085.mp3,1
females\sample-067102.mp3,1
females\sample-067103.mp3,1
females\sample-067126.mp3,1
females\sample-067175.mp3,1
females\sample-067192.mp3,1
females\sample-067200.mp3,1
females\sample-067226.mp3,1
females\sample-067238.mp3,1
females\sample-067243.mp3,1
females\sample-067257.mp3,1
females\sample-067287.mp3,1
females\sample-067290.mp3,1
females\sample-067304.mp3,1
females\sample-067306.mp3,1
females\sample-067312.mp3,1
females\sample-067333.mp3,1
females\sample-067335.mp3,1
females\sample-067358.mp3,1
females\sample-067382.mp3,1
females\sample-067384.mp3,1
females\sample-067392.mp3,1
females\sample-067396.mp3,1
females\sample-067419.mp3,1
females\sample-067435.mp3,1
females\sample-067464.mp3,1
females\sample-067489.mp3,1
females\sample-067490.mp3,1
females\sample-067519.mp3,1
females\sample-067543.mp3,1
females\sample-067571.mp3,1
females\sample-067577.mp3,1
females\sample-067587.mp3,1
females\sample-067590.mp3,1
females\sample-067595.mp3,1
females\sample-067597.mp3,1
females\sample-067631.mp3,1
females\sample-067633.mp3,1
females\sample-067645.mp3,1
females\sample-067670.mp3,1
females\sample-067688.mp3,1
females\sample-067693.mp3,1
females\sample-067711.mp3,1
females\sample-067729.mp3,1
females\sample-067748.mp3,1
females\sample-067777.mp3,1
females\sample-067801.mp3,1
females\sample-067805.mp3,1
females\sample-067808.mp3,1
females\sample-067824.mp3,1
females\sample-067828.mp3,1
females\sample-067832.mp3,1
females\sample-067834.mp3,1
females\sample-067840.mp3,1
females\sample-067856.mp3,1
females\sample-067866.mp3,1
females\sample-067869.mp3,1
females\sample-067875.mp3,1
females\sample-067884.mp3,1
females\sample-067887.mp3,1
females\sample-067893.mp3,1
females\sample-067902.mp3,1
females\sample-067921.mp3,1
females\sample-067953.mp3,1
females\sample-067955.mp3,1
females\sample-067980.mp3,1
females\sample-067983.mp3,1
females\sample-067987.mp3,1
females\sample-068007.mp3,1
females\sample-068036.mp3,1
females\sample-068038.mp3,1
females\sample-068042.mp3,1
females\sample-068052.mp3,1
females\sample-068054.mp3,1
females\sample-068066.mp3,1
females\sample-068111.mp3,1
females\sample-068120.mp3,1
females\sample-068121.mp3,1
females\sample-068124.mp3,1
females\sample-068145.mp3,1
females\sample-068156.mp3,1
females\sample-068172.mp3,1
females\sample-068179.mp3,1
females\sample-068189.mp3,1
females\sample-068200.mp3,1
females\sample-068208.mp3,1
females\sample-068232.mp3,1
females\sample-068233.mp3,1
females\sample-068239.mp3,1
females\sample-068242.mp3,1
females\sample-068250.mp3,1
females\sample-068258.mp3,1
females\sample-068261.mp3,1
females\sample-068268.mp3,1
females\sample-068270.mp3,1
females\sample-068274.mp3,1
females\sample-068289.mp3,1
females\sample-068316.mp3,1
females\sample-068317.mp3,1
females\sample-068320.mp3,1
females\sample-068332.mp3,1
females\sample-068337.mp3,1
females\sample-068346.mp3,1
females\sample-068356.mp3,1
females\sample-068371.mp3,1
females\sample-068377.mp3,1
females\sample-068396.mp3,1
females\sample-068404.mp3,1
females\sample-068405.mp3,1
females\sample-068407.mp3,1
females\sample-068425.mp3,1
females\sample-068427.mp3,1
females\sample-068431.mp3,1
females\sample-068458.mp3,1
females\sample-068477.mp3,1
females\sample-068497.mp3,1
females\sample-068498.mp3,1
females\sample-068518.mp3,1
females\sample-068520.mp3,1
females\sample-068533.mp3,1
females\sample-068537.mp3,1
females\sample-068544.mp3,1
females\sample-068547.mp3,1
females\sample-068586.mp3,1
females\sample-068605.mp3,1
females\sample-068619.mp3,1
females\sample-068651.mp3,1
females\sample-068656.mp3,1
females\sample-068676.mp3,1
females\sample-068684.mp3,1
females\sample-068702.mp3,1
females\sample-068719.mp3,1
females\sample-068730.mp3,1
females\sample-068738.mp3,1
females\sample-068744.mp3,1
females\sample-068748.mp3,1
females\sample-068778.mp3,1
females\sample-068791.mp3,1
females\sample-068792.mp3,1
females\sample-068829.mp3,1
females\sample-068840.mp3,1
females\sample-068858.mp3,1
females\sample-068859.mp3,1
females\sample-068869.mp3,1
females\sample-068874.mp3,1
females\sample-068895.mp3,1
females\sample-068901.mp3,1
females\sample-068910.mp3,1
females\sample-068932.mp3,1
females\sample-068946.mp3,1
females\sample-068949.mp3,1
females\sample-068977.mp3,1
females\sample-068978.mp3,1
females\sample-068984.mp3,1
females\sample-069000.mp3,1
females\sample-069044.mp3,1
females\sample-069051.mp3,1
females\sample-069084.mp3,1
females\sample-069087.mp3,1
females\sample-069092.mp3,1
females\sample-069093.mp3,1
females\sample-069133.mp3,1
females\sample-069135.mp3,1
females\sample-069147.mp3,1
females\sample-069150.mp3,1
females\sample-069153.mp3,1
females\sample-069165.mp3,1
females\sample-069176.mp3,1
females\sample-069184.mp3,1
females\sample-069194.mp3,1
females\sample-069204.mp3,1
females\sample-069205.mp3,1
females\sample-069230.mp3,1
females\sample-069237.mp3,1
females\sample-069252.mp3,1
females\sample-069278.mp3,1
females\sample-069294.mp3,1
females\sample-069297.mp3,1
females\sample-069302.mp3,1
females\sample-069304.mp3,1
females\sample-069310.mp3,1
females\sample-069322.mp3,1
females\sample-069323.mp3,1
females\sample-069346.mp3,1
females\sample-069392.mp3,1
females\sample-069419.mp3,1
females\sample-069420.mp3,1
females\sample-069425.mp3,1
females\sample-069432.mp3,1
females\sample-069455.mp3,1
females\sample-069466.mp3,1
females\sample-069479.mp3,1
females\sample-069490.mp3,1
females\sample-069523.mp3,1
females\sample-069532.mp3,1
females\sample-069556.mp3,1
females\sample-069576.mp3,1
females\sample-069608.mp3,1
females\sample-069610.mp3,1
females\sample-069613.mp3,1
females\sample-069617.mp3,1
females\sample-069620.mp3,1
females\sample-069634.mp3,1
females\sample-069642.mp3,1
females\sample-069658.mp3,1
females\sample-069660.mp3,1
females\sample-069680.mp3,1
females\sample-069702.mp3,1
females\sample-069704.mp3,1
females\sample-069706.mp3,1
females\sample-069712.mp3,1
females\sample-069728.mp3,1
females\sample-069740.mp3,1
females\sample-069755.mp3,1
females\sample-069774.mp3,1
females\sample-069775.mp3,1
females\sample-069779.mp3,1
females\sample-069794.mp3,1
females\sample-069803.mp3,1
females\sample-069807.mp3,1
females\sample-069808.mp3,1
females\sample-069811.mp3,1
females\sample-069828.mp3,1
females\sample-069835.mp3,1
females\sample-069838.mp3,1
females\sample-069875.mp3,1
females\sample-069887.mp3,1
females\sample-069897.mp3,1
females\sample-069900.mp3,1
females\sample-069903.mp3,1
females\sample-069905.mp3,1
females\sample-069908.mp3,1
females\sample-069924.mp3,1
females\sample-069932.mp3,1
females\sample-069935.mp3,1
females\sample-069946.mp3,1
females\sample-069961.mp3,1
females\sample-069972.mp3,1
females\sample-069983.mp3,1
females\sample-069986.mp3,1
females\sample-069998.mp3,1
females\sample-070020.mp3,1
females\sample-070023.mp3,1
females\sample-070034.mp3,1
females\sample-070040.mp3,1
females\sample-070043.mp3,1
females\sample-070044.mp3,1
females\sample-070108.mp3,1
females\sample-070123.mp3,1
females\sample-070128.mp3,1
females\sample-070130.mp3,1
females\sample-070144.mp3,1
females\sample-070149.mp3,1
females\sample-070171.mp3,1
females\sample-070184.mp3,1
females\sample-070188.mp3,1
females\sample-070203.mp3,1
females\sample-070213.mp3,1
females\sample-070214.mp3,1
females\sample-070250.mp3,1
females\sample-070253.mp3,1
females\sample-070257.mp3,1
females\sample-070261.mp3,1
females\sample-070269.mp3,1
females\sample-070281.mp3,1
females\sample-070285.mp3,1
females\sample-070302.mp3,1
females\sample-070312.mp3,1
females\sample-070324.mp3,1
females\sample-070331.mp3,1
females\sample-070367.mp3,1
females\sample-070380.mp3,1
females\sample-070388.mp3,1
females\sample-070404.mp3,1
females\sample-070425.mp3,1
females\sample-070428.mp3,1
females\sample-070448.mp3,1
females\sample-070453.mp3,1
females\sample-070454.mp3,1
females\sample-070459.mp3,1
females\sample-070470.mp3,1
females\sample-070483.mp3,1
females\sample-070486.mp3,1
females\sample-070494.mp3,1
females\sample-070498.mp3,1
females\sample-070514.mp3,1
females\sample-070517.mp3,1
females\sample-070526.mp3,1
females\sample-070529.mp3,1
females\sample-070543.mp3,1
females\sample-070546.mp3,1
females\sample-070560.mp3,1
females\sample-070575.mp3,1
females\sample-070630.mp3,1
females\sample-070635.mp3,1
females\sample-070646.mp3,1
females\sample-070677.mp3,1
females\sample-070682.mp3,1
females\sample-070725.mp3,1
females\sample-070728.mp3,1
females\sample-070734.mp3,1
females\sample-070736.mp3,1
females\sample-070741.mp3,1
females\sample-070743.mp3,1
females\sample-070755.mp3,1
females\sample-070759.mp3,1
females\sample-070769.mp3,1
females\sample-070783.mp3,1
females\sample-070787.mp3,1
females\sample-070800.mp3,1
females\sample-070811.mp3,1
females\sample-070832.mp3,1
females\sample-070847.mp3,1
females\sample-070865.mp3,1
females\sample-070866.mp3,1
females\sample-070878.mp3,1
females\sample-070888.mp3,1
females\sample-070891.mp3,1
females\sample-070904.mp3,1
females\sample-070916.mp3,1
females\sample-070928.mp3,1
females\sample-070933.mp3,1
females\sample-070951.mp3,1
females\sample-070968.mp3,1
females\sample-070972.mp3,1
females\sample-071005.mp3,1
females\sample-071010.mp3,1
females\sample-071012.mp3,1
females\sample-071015.mp3,1
females\sample-071044.mp3,1
females\sample-071045.mp3,1
females\sample-071074.mp3,1
females\sample-071080.mp3,1
females\sample-071086.mp3,1
females\sample-071095.mp3,1
females\sample-071097.mp3,1
females\sample-071108.mp3,1
females\sample-071148.mp3,1
females\sample-071169.mp3,1
females\sample-071172.mp3,1
females\sample-071186.mp3,1
females\sample-071200.mp3,1
females\sample-071215.mp3,1
females\sample-071218.mp3,1
females\sample-071220.mp3,1
females\sample-071232.mp3,1
females\sample-071242.mp3,1
females\sample-071243.mp3,1
females\sample-071247.mp3,1
females\sample-071248.mp3,1
females\sample-071250.mp3,1
females\sample-071257.mp3,1
females\sample-071295.mp3,1
females\sample-071316.mp3,1
females\sample-071321.mp3,1
females\sample-071325.mp3,1
females\sample-071353.mp3,1
females\sample-071357.mp3,1
females\sample-071396.mp3,1
females\sample-071417.mp3,1
females\sample-071425.mp3,1
females\sample-071437.mp3,1
females\sample-071441.mp3,1
females\sample-071452.mp3,1
females\sample-071475.mp3,1
females\sample-071481.mp3,1
females\sample-071486.mp3,1
females\sample-071487.mp3,1
females\sample-071490.mp3,1
females\sample-071500.mp3,1
females\sample-071526.mp3,1
females\sample-071527.mp3,1
females\sample-071554.mp3,1
females\sample-071559.mp3,1
females\sample-071568.mp3,1
females\sample-071581.mp3,1
females\sample-071589.mp3,1
females\sample-071593.mp3,1
females\sample-071620.mp3,1
females\sample-071638.mp3,1
females\sample-071662.mp3,1
females\sample-071687.mp3,1
females\sample-071697.mp3,1
females\sample-071706.mp3,1
females\sample-071731.mp3,1
females\sample-071732.mp3,1
females\sample-071740.mp3,1
females\sample-071758.mp3,1
females\sample-071765.mp3,1
females\sample-071767.mp3,1
females\sample-071779.mp3,1
females\sample-071782.mp3,1
females\sample-071783.mp3,1
females\sample-071790.mp3,1
females\sample-071796.mp3,1
females\sample-071809.mp3,1
females\sample-071816.mp3,1
females\sample-071834.mp3,1
females\sample-071842.mp3,1
females\sample-071843.mp3,1
females\sample-071850.mp3,1
females\sample-071861.mp3,1
females\sample-071867.mp3,1
females\sample-071889.mp3,1
females\sample-071891.mp3,1
females\sample-071907.mp3,1
females\sample-071911.mp3,1
females\sample-071920.mp3,1
females\sample-071928.mp3,1
females\sample-071933.mp3,1
females\sample-071934.mp3,1
females\sample-071952.mp3,1
females\sample-071956.mp3,1
females\sample-071959.mp3,1
females\sample-071963.mp3,1
females\sample-071973.mp3,1
females\sample-071974.mp3,1
females\sample-071975.mp3,1
females\sample-071978.mp3,1
females\sample-071983.mp3,1
females\sample-071992.mp3,1
females\sample-071994.mp3,1
females\sample-072033.mp3,1
females\sample-072035.mp3,1
females\sample-072045.mp3,1
females\sample-072067.mp3,1
females\sample-072070.mp3,1
females\sample-072087.mp3,1
females\sample-072098.mp3,1
females\sample-072104.mp3,1
females\sample-072110.mp3,1
females\sample-072113.mp3,1
females\sample-072118.mp3,1
females\sample-072158.mp3,1
females\sample-072180.mp3,1
females\sample-072192.mp3,1
females\sample-072200.mp3,1
females\sample-072205.mp3,1
females\sample-072213.mp3,1
females\sample-072216.mp3,1
females\sample-072220.mp3,1
females\sample-072253.mp3,1
females\sample-072255.mp3,1
females\sample-072284.mp3,1
females\sample-072299.mp3,1
females\sample-072308.mp3,1
females\sample-072311.mp3,1
females\sample-072314.mp3,1
females\sample-072316.mp3,1
females\sample-072322.mp3,1
females\sample-072332.mp3,1
females\sample-072343.mp3,1
females\sample-072416.mp3,1
females\sample-072428.mp3,1
females\sample-072442.mp3,1
females\sample-072457.mp3,1
females\sample-072464.mp3,1
females\sample-072481.mp3,1
females\sample-072519.mp3,1
females\sample-072525.mp3,1
females\sample-072526.mp3,1
females\sample-072542.mp3,1
females\sample-072559.mp3,1
females\sample-072582.mp3,1
females\sample-072594.mp3,1
females\sample-072596.mp3,1
females\sample-072605.mp3,1
females\sample-072611.mp3,1
females\sample-072622.mp3,1
females\sample-072625.mp3,1
females\sample-072664.mp3,1
females\sample-072689.mp3,1
females\sample-072693.mp3,1
females\sample-072694.mp3,1
females\sample-072706.mp3,1
females\sample-072708.mp3,1
females\sample-072718.mp3,1
females\sample-072723.mp3,1
females\sample-072757.mp3,1
females\sample-072767.mp3,1
females\sample-072769.mp3,1
females\sample-072788.mp3,1
females\sample-072794.mp3,1
females\sample-072820.mp3,1
females\sample-072841.mp3,1
females\sample-072844.mp3,1
females\sample-072875.mp3,1
females\sample-072887.mp3,1
females\sample-072896.mp3,1
females\sample-072906.mp3,1
females\sample-072907.mp3,1
females\sample-072909.mp3,1
females\sample-072925.mp3,1
females\sample-072957.mp3,1
females\sample-072964.mp3,1
females\sample-072967.mp3,1
females\sample-072969.mp3,1
females\sample-072974.mp3,1
females\sample-072976.mp3,1
females\sample-072978.mp3,1
females\sample-072981.mp3,1
females\sample-073014.mp3,1
females\sample-073027.mp3,1
females\sample-073028.mp3,1
females\sample-073029.mp3,1
females\sample-073065.mp3,1
females\sample-073067.mp3,1
females\sample-073092.mp3,1
females\sample-073096.mp3,1
females\sample-073106.mp3,1
females\sample-073115.mp3,1
females\sample-073122.mp3,1
females\sample-073162.mp3,1
females\sample-073164.mp3,1
females\sample-073173.mp3,1
females\sample-073179.mp3,1
females\sample-073209.mp3,1
females\sample-073228.mp3,1
females\sample-073231.mp3,1
females\sample-073238.mp3,1
females\sample-073251.mp3,1
females\sample-073254.mp3,1
females\sample-073255.mp3,1
females\sample-073261.mp3,1
females\sample-073281.mp3,1
females\sample-073289.mp3,1
females\sample-073290.mp3,1
females\sample-073297.mp3,1
females\sample-073300.mp3,1
females\sample-073325.mp3,1
females\sample-073330.mp3,1
females\sample-073341.mp3,1
females\sample-073345.mp3,1
females\sample-073351.mp3,1
females\sample-073360.mp3,1
females\sample-073371.mp3,1
females\sample-073373.mp3,1
females\sample-073377.mp3,1
females\sample-073388.mp3,1
females\sample-073394.mp3,1
females\sample-073414.mp3,1
females\sample-073420.mp3,1
females\sample-073462.mp3,1
females\sample-073473.mp3,1
females\sample-073475.mp3,1
females\sample-073486.mp3,1
females\sample-073487.mp3,1
females\sample-073491.mp3,1
females\sample-073501.mp3,1
females\sample-073507.mp3,1
females\sample-073514.mp3,1
females\sample-073521.mp3,1
females\sample-073530.mp3,1
females\sample-073534.mp3,1
females\sample-073542.mp3,1
females\sample-073543.mp3,1
females\sample-073547.mp3,1
females\sample-073550.mp3,1
females\sample-073576.mp3,1
females\sample-073582.mp3,1
females\sample-073588.mp3,1
females\sample-073598.mp3,1
females\sample-073612.mp3,1
females\sample-073623.mp3,1
females\sample-073641.mp3,1
females\sample-073650.mp3,1
females\sample-073670.mp3,1
females\sample-073691.mp3,1
females\sample-073693.mp3,1
females\sample-073718.mp3,1
females\sample-073724.mp3,1
females\sample-073726.mp3,1
females\sample-073727.mp3,1
females\sample-073750.mp3,1
females\sample-073762.mp3,1
females\sample-073765.mp3,1
females\sample-073772.mp3,1
females\sample-073776.mp3,1
females\sample-073780.mp3,1
females\sample-073785.mp3,1
females\sample-073786.mp3,1
females\sample-073798.mp3,1
females\sample-073854.mp3,1
females\sample-073858.mp3,1
females\sample-073862.mp3,1
females\sample-073863.mp3,1
females\sample-073869.mp3,1
females\sample-073889.mp3,1
females\sample-073898.mp3,1
females\sample-073902.mp3,1
females\sample-073909.mp3,1
females\sample-073911.mp3,1
females\sample-073962.mp3,1
females\sample-073964.mp3,1
females\sample-073980.mp3,1
females\sample-073989.mp3,1
females\sample-073991.mp3,1
females\sample-074017.mp3,1
females\sample-074025.mp3,1
females\sample-074030.mp3,1
females\sample-074047.mp3,1
females\sample-074091.mp3,1
females\sample-074095.mp3,1
females\sample-074102.mp3,1
females\sample-074113.mp3,1
females\sample-074122.mp3,1
females\sample-074138.mp3,1
females\sample-074140.mp3,1
females\sample-074149.mp3,1
females\sample-074164.mp3,1
females\sample-074178.mp3,1
females\sample-074183.mp3,1
females\sample-074199.mp3,1
females\sample-074226.mp3,1
females\sample-074237.mp3,1
females\sample-074271.mp3,1
females\sample-074274.mp3,1
females\sample-074279.mp3,1
females\sample-074288.mp3,1
females\sample-074289.mp3,1
females\sample-074303.mp3,1
females\sample-074313.mp3,1
females\sample-074337.mp3,1
females\sample-074348.mp3,1
females\sample-074366.mp3,1
females\sample-074391.mp3,1
females\sample-074397.mp3,1
females\sample-074399.mp3,1
females\sample-074403.mp3,1
females\sample-074409.mp3,1
females\sample-074417.mp3,1
females\sample-074421.mp3,1
females\sample-074433.mp3,1
females\sample-074436.mp3,1
females\sample-074440.mp3,1
females\sample-074449.mp3,1
females\sample-074464.mp3,1
females\sample-074469.mp3,1
females\sample-074477.mp3,1
females\sample-074487.mp3,1
females\sample-074492.mp3,1
females\sample-074495.mp3,1
females\sample-074504.mp3,1
females\sample-074534.mp3,1
females\sample-074536.mp3,1
females\sample-074542.mp3,1
females\sample-074550.mp3,1
females\sample-074551.mp3,1
females\sample-074556.mp3,1
females\sample-074617.mp3,1
females\sample-074618.mp3,1
females\sample-074645.mp3,1
females\sample-074655.mp3,1
females\sample-074688.mp3,1
females\sample-074710.mp3,1
females\sample-074727.mp3,1
females\sample-074730.mp3,1
females\sample-074747.mp3,1
females\sample-074753.mp3,1
females\sample-074757.mp3,1
females\sample-074769.mp3,1
females\sample-074776.mp3,1
females\sample-074787.mp3,1
females\sample-074796.mp3,1
females\sample-074799.mp3,1
females\sample-074843.mp3,1
females\sample-074851.mp3,1
females\sample-074859.mp3,1
females\sample-074862.mp3,1
females\sample-074869.mp3,1
females\sample-074881.mp3,1
females\sample-074887.mp3,1
females\sample-074896.mp3,1
females\sample-074904.mp3,1
females\sample-074911.mp3,1
females\sample-074946.mp3,1
females\sample-074948.mp3,1
females\sample-074967.mp3,1
females\sample-074976.mp3,1
females\sample-074988.mp3,1
females\sample-075014.mp3,1
females\sample-075026.mp3,1
females\sample-075062.mp3,1
females\sample-075071.mp3,1
females\sample-075074.mp3,1
females\sample-075086.mp3,1
females\sample-075092.mp3,1
females\sample-075094.mp3,1
females\sample-075099.mp3,1
females\sample-075105.mp3,1
females\sample-075110.mp3,1
females\sample-075111.mp3,1
females\sample-075114.mp3,1
females\sample-075120.mp3,1
females\sample-075127.mp3,1
females\sample-075132.mp3,1
females\sample-075145.mp3,1
females\sample-075151.mp3,1
females\sample-075161.mp3,1
females\sample-075170.mp3,1
females\sample-075173.mp3,1
females\sample-075179.mp3,1
females\sample-075190.mp3,1
females\sample-075203.mp3,1
females\sample-075218.mp3,1
females\sample-075226.mp3,1
females\sample-075235.mp3,1
females\sample-075268.mp3,1
females\sample-075273.mp3,1
females\sample-075276.mp3,1
females\sample-075307.mp3,1
females\sample-075336.mp3,1
females\sample-075341.mp3,1
females\sample-075350.mp3,1
females\sample-075359.mp3,1
females\sample-075381.mp3,1
females\sample-075457.mp3,1
females\sample-075461.mp3,1
females\sample-075463.mp3,1
females\sample-075466.mp3,1
females\sample-075484.mp3,1
females\sample-075487.mp3,1
females\sample-075496.mp3,1
females\sample-075517.mp3,1
females\sample-075518.mp3,1
females\sample-075532.mp3,1
females\sample-075549.mp3,1
females\sample-075564.mp3,1
females\sample-075587.mp3,1
females\sample-075588.mp3,1
females\sample-075591.mp3,1
females\sample-075607.mp3,1
females\sample-075611.mp3,1
females\sample-075616.mp3,1
females\sample-075631.mp3,1
females\sample-075641.mp3,1
females\sample-075655.mp3,1
females\sample-075664.mp3,1
females\sample-075665.mp3,1
females\sample-075670.mp3,1
females\sample-075672.mp3,1
females\sample-075674.mp3,1
females\sample-075684.mp3,1
females\sample-075690.mp3,1
females\sample-075701.mp3,1
females\sample-075705.mp3,1
females\sample-075733.mp3,1
females\sample-075744.mp3,1
females\sample-075754.mp3,1
females\sample-075765.mp3,1
females\sample-075772.mp3,1
females\sample-075794.mp3,1
females\sample-075797.mp3,1
females\sample-075804.mp3,1
females\sample-075810.mp3,1
females\sample-075815.mp3,1
females\sample-075817.mp3,1
females\sample-075824.mp3,1
females\sample-075826.mp3,1
females\sample-075841.mp3,1
females\sample-075843.mp3,1
females\sample-075856.mp3,1
females\sample-075869.mp3,1
females\sample-075878.mp3,1
females\sample-075896.mp3,1
females\sample-075905.mp3,1
females\sample-075929.mp3,1
females\sample-075946.mp3,1
females\sample-075958.mp3,1
females\sample-075971.mp3,1
females\sample-076002.mp3,1
females\sample-076031.mp3,1
females\sample-076037.mp3,1
females\sample-076045.mp3,1
females\sample-076056.mp3,1
females\sample-076073.mp3,1
females\sample-076099.mp3,1
females\sample-076110.mp3,1
females\sample-076112.mp3,1
females\sample-076128.mp3,1
females\sample-076133.mp3,1
females\sample-076156.mp3,1
females\sample-076175.mp3,1
females\sample-076192.mp3,1
females\sample-076202.mp3,1
females\sample-076203.mp3,1
females\sample-076206.mp3,1
females\sample-076224.mp3,1
females\sample-076225.mp3,1
females\sample-076229.mp3,1
females\sample-076267.mp3,1
females\sample-076282.mp3,1
females\sample-076308.mp3,1
females\sample-076309.mp3,1
females\sample-076316.mp3,1
females\sample-076333.mp3,1
females\sample-076340.mp3,1
females\sample-076353.mp3,1
females\sample-076357.mp3,1
females\sample-076358.mp3,1
females\sample-076361.mp3,1
females\sample-076363.mp3,1
females\sample-076383.mp3,1
females\sample-076409.mp3,1
females\sample-076416.mp3,1
females\sample-076426.mp3,1
females\sample-076450.mp3,1
females\sample-076452.mp3,1
females\sample-076457.mp3,1
females\sample-076459.mp3,1
females\sample-076474.mp3,1
females\sample-076487.mp3,1
females\sample-076492.mp3,1
females\sample-076506.mp3,1
females\sample-076531.mp3,1
females\sample-076532.mp3,1
females\sample-076538.mp3,1
females\sample-076544.mp3,1
females\sample-076547.mp3,1
females\sample-076561.mp3,1
females\sample-076572.mp3,1
females\sample-076584.mp3,1
females\sample-076594.mp3,1
females\sample-076618.mp3,1
females\sample-076632.mp3,1
females\sample-076643.mp3,1
females\sample-076663.mp3,1
females\sample-076682.mp3,1
females\sample-076710.mp3,1
females\sample-076714.mp3,1
females\sample-076727.mp3,1
females\sample-076731.mp3,1
females\sample-076773.mp3,1
females\sample-076775.mp3,1
females\sample-076778.mp3,1
females\sample-076780.mp3,1
females\sample-076785.mp3,1
females\sample-076798.mp3,1
females\sample-076808.mp3,1
females\sample-076818.mp3,1
females\sample-076820.mp3,1
females\sample-076841.mp3,1
females\sample-076856.mp3,1
females\sample-076858.mp3,1
females\sample-076871.mp3,1
females\sample-076872.mp3,1
females\sample-076882.mp3,1
females\sample-076891.mp3,1
females\sample-076918.mp3,1
females\sample-076921.mp3,1
females\sample-076924.mp3,1
females\sample-076934.mp3,1
females\sample-076947.mp3,1
females\sample-076965.mp3,1
females\sample-076969.mp3,1
females\sample-076974.mp3,1
females\sample-076997.mp3,1
females\sample-077004.mp3,1
females\sample-077009.mp3,1
females\sample-077026.mp3,1
females\sample-077035.mp3,1
females\sample-077041.mp3,1
females\sample-077052.mp3,1
females\sample-077055.mp3,1
females\sample-077069.mp3,1
females\sample-077079.mp3,1
females\sample-077112.mp3,1
females\sample-077121.mp3,1
females\sample-077131.mp3,1
females\sample-077151.mp3,1
females\sample-077155.mp3,1
females\sample-077176.mp3,1
females\sample-077190.mp3,1
females\sample-077208.mp3,1
females\sample-077210.mp3,1
females\sample-077218.mp3,1
females\sample-077225.mp3,1
females\sample-077244.mp3,1
females\sample-077272.mp3,1
females\sample-077293.mp3,1
females\sample-077305.mp3,1
females\sample-077308.mp3,1
females\sample-077317.mp3,1
females\sample-077332.mp3,1
females\sample-077336.mp3,1
females\sample-077343.mp3,1
females\sample-077355.mp3,1
females\sample-077356.mp3,1
females\sample-077374.mp3,1
females\sample-077385.mp3,1
females\sample-077386.mp3,1
females\sample-077405.mp3,1
females\sample-077413.mp3,1
females\sample-077438.mp3,1
females\sample-077457.mp3,1
females\sample-077462.mp3,1
females\sample-077464.mp3,1
females\sample-077472.mp3,1
females\sample-077475.mp3,1
females\sample-077493.mp3,1
females\sample-077500.mp3,1
females\sample-077501.mp3,1
females\sample-077518.mp3,1
females\sample-077527.mp3,1
females\sample-077549.mp3,1
females\sample-077551.mp3,1
females\sample-077558.mp3,1
females\sample-077560.mp3,1
females\sample-077561.mp3,1
females\sample-077571.mp3,1
females\sample-077576.mp3,1
females\sample-077591.mp3,1
females\sample-077598.mp3,1
females\sample-077600.mp3,1
females\sample-077602.mp3,1
females\sample-077609.mp3,1
females\sample-077618.mp3,1
females\sample-077620.mp3,1
females\sample-077648.mp3,1
females\sample-077662.mp3,1
females\sample-077675.mp3,1
females\sample-077684.mp3,1
females\sample-077686.mp3,1
females\sample-077711.mp3,1
females\sample-077730.mp3,1
females\sample-077742.mp3,1
females\sample-077749.mp3,1
females\sample-077752.mp3,1
females\sample-077783.mp3,1
females\sample-077796.mp3,1
females\sample-077798.mp3,1
females\sample-077808.mp3,1
females\sample-077820.mp3,1
females\sample-077821.mp3,1
females\sample-077834.mp3,1
females\sample-077850.mp3,1
females\sample-077872.mp3,1
females\sample-077880.mp3,1
females\sample-077881.mp3,1
females\sample-077884.mp3,1
females\sample-077891.mp3,1
females\sample-077905.mp3,1
females\sample-077925.mp3,1
females\sample-077977.mp3,1
females\sample-077986.mp3,1
females\sample-078001.mp3,1
females\sample-078007.mp3,1
females\sample-078013.mp3,1
females\sample-078014.mp3,1
females\sample-078023.mp3,1
females\sample-078024.mp3,1
females\sample-078032.mp3,1
females\sample-078042.mp3,1
females\sample-078043.mp3,1
females\sample-078047.mp3,1
females\sample-078051.mp3,1
females\sample-078059.mp3,1
females\sample-078071.mp3,1
females\sample-078092.mp3,1
females\sample-078098.mp3,1
females\sample-078123.mp3,1
females\sample-078130.mp3,1
females\sample-078135.mp3,1
females\sample-078138.mp3,1
females\sample-078164.mp3,1
females\sample-078167.mp3,1
females\sample-078176.mp3,1
females\sample-078184.mp3,1
females\sample-078185.mp3,1
females\sample-078189.mp3,1
females\sample-078198.mp3,1
females\sample-078204.mp3,1
females\sample-078216.mp3,1
females\sample-078230.mp3,1
females\sample-078240.mp3,1
females\sample-078243.mp3,1
females\sample-078257.mp3,1
females\sample-078260.mp3,1
females\sample-078275.mp3,1
females\sample-078303.mp3,1
females\sample-078311.mp3,1
females\sample-078316.mp3,1
females\sample-078337.mp3,1
females\sample-078338.mp3,1
females\sample-078350.mp3,1
females\sample-078357.mp3,1
females\sample-078361.mp3,1
females\sample-078363.mp3,1
females\sample-078367.mp3,1
females\sample-078369.mp3,1
females\sample-078378.mp3,1
females\sample-078396.mp3,1
females\sample-078409.mp3,1
females\sample-078415.mp3,1
females\sample-078440.mp3,1
females\sample-078446.mp3,1
females\sample-078453.mp3,1
females\sample-078485.mp3,1
females\sample-078486.mp3,1
females\sample-078487.mp3,1
females\sample-078490.mp3,1
females\sample-078501.mp3,1
females\sample-078503.mp3,1
females\sample-078510.mp3,1
females\sample-078550.mp3,1
females\sample-078564.mp3,1
females\sample-078567.mp3,1
females\sample-078608.mp3,1
females\sample-078624.mp3,1
females\sample-078629.mp3,1
females\sample-078654.mp3,1
females\sample-078662.mp3,1
females\sample-078668.mp3,1
females\sample-078670.mp3,1
females\sample-078675.mp3,1
females\sample-078686.mp3,1
females\sample-078700.mp3,1
females\sample-078708.mp3,1
females\sample-078720.mp3,1
females\sample-078722.mp3,1
females\sample-078730.mp3,1
females\sample-078739.mp3,1
females\sample-078740.mp3,1
females\sample-078757.mp3,1
females\sample-078758.mp3,1
females\sample-078759.mp3,1
females\sample-078797.mp3,1
females\sample-078804.mp3,1
females\sample-078846.mp3,1
females\sample-078858.mp3,1
females\sample-078859.mp3,1
females\sample-078863.mp3,1
females\sample-078865.mp3,1
females\sample-078912.mp3,1
females\sample-078918.mp3,1
females\sample-078920.mp3,1
females\sample-078929.mp3,1
females\sample-078931.mp3,1
females\sample-078934.mp3,1
females\sample-078936.mp3,1
females\sample-078953.mp3,1
females\sample-078955.mp3,1
females\sample-078988.mp3,1
females\sample-078997.mp3,1
females\sample-079003.mp3,1
females\sample-079012.mp3,1
females\sample-079077.mp3,1
females\sample-079088.mp3,1
females\sample-079117.mp3,1
females\sample-079128.mp3,1
females\sample-079142.mp3,1
females\sample-079144.mp3,1
females\sample-079161.mp3,1
females\sample-079174.mp3,1
females\sample-079189.mp3,1
females\sample-079194.mp3,1
females\sample-079201.mp3,1
females\sample-079203.mp3,1
females\sample-079208.mp3,1
females\sample-079214.mp3,1
females\sample-079221.mp3,1
females\sample-079243.mp3,1
females\sample-079252.mp3,1
females\sample-079253.mp3,1
females\sample-079265.mp3,1
females\sample-079276.mp3,1
females\sample-079281.mp3,1
females\sample-079289.mp3,1
females\sample-079345.mp3,1
females\sample-079346.mp3,1
females\sample-079364.mp3,1
females\sample-079412.mp3,1
females\sample-079418.mp3,1
females\sample-079420.mp3,1
females\sample-079443.mp3,1
females\sample-079460.mp3,1
females\sample-079471.mp3,1
females\sample-079476.mp3,1
females\sample-079481.mp3,1
females\sample-079491.mp3,1
females\sample-079494.mp3,1
females\sample-079495.mp3,1
females\sample-079515.mp3,1
females\sample-079518.mp3,1
females\sample-079519.mp3,1
females\sample-079521.mp3,1
females\sample-079529.mp3,1
females\sample-079535.mp3,1
females\sample-079542.mp3,1
females\sample-079547.mp3,1
females\sample-079548.mp3,1
females\sample-079575.mp3,1
females\sample-079579.mp3,1
females\sample-079595.mp3,1
females\sample-079608.mp3,1
females\sample-079638.mp3,1
females\sample-079649.mp3,1
females\sample-079658.mp3,1
females\sample-079659.mp3,1
females\sample-079691.mp3,1
females\sample-079692.mp3,1
females\sample-079694.mp3,1
females\sample-079701.mp3,1
females\sample-079705.mp3,1
females\sample-079719.mp3,1
females\sample-079736.mp3,1
females\sample-079766.mp3,1
females\sample-079770.mp3,1
females\sample-079771.mp3,1
females\sample-079786.mp3,1
females\sample-079796.mp3,1
females\sample-079824.mp3,1
females\sample-079835.mp3,1
females\sample-079845.mp3,1
females\sample-079847.mp3,1
females\sample-079861.mp3,1
females\sample-079879.mp3,1
females\sample-079926.mp3,1
females\sample-079936.mp3,1
females\sample-079953.mp3,1
females\sample-079954.mp3,1
females\sample-079960.mp3,1
females\sample-079962.mp3,1
females\sample-079963.mp3,1
females\sample-079982.mp3,1
females\sample-079998.mp3,1
females\sample-080010.mp3,1
females\sample-080039.mp3,1
females\sample-080051.mp3,1
females\sample-080058.mp3,1
females\sample-080072.mp3,1
females\sample-080076.mp3,1
females\sample-080088.mp3,1
females\sample-080095.mp3,1
females\sample-080148.mp3,1
females\sample-080152.mp3,1
females\sample-080158.mp3,1
females\sample-080182.mp3,1
females\sample-080183.mp3,1
females\sample-080185.mp3,1
females\sample-080198.mp3,1
females\sample-080201.mp3,1
females\sample-080207.mp3,1
females\sample-080225.mp3,1
females\sample-080227.mp3,1
females\sample-080233.mp3,1
females\sample-080238.mp3,1
females\sample-080266.mp3,1
females\sample-080271.mp3,1
females\sample-080278.mp3,1
females\sample-080282.mp3,1
females\sample-080293.mp3,1
females\sample-080298.mp3,1
females\sample-080310.mp3,1
females\sample-080316.mp3,1
females\sample-080339.mp3,1
females\sample-080350.mp3,1
females\sample-080352.mp3,1
females\sample-080356.mp3,1
females\sample-080358.mp3,1
females\sample-080362.mp3,1
females\sample-080364.mp3,1
females\sample-080374.mp3,1
females\sample-080392.mp3,1
females\sample-080413.mp3,1
females\sample-080439.mp3,1
females\sample-080446.mp3,1
females\sample-080456.mp3,1
females\sample-080460.mp3,1
females\sample-080471.mp3,1
females\sample-080480.mp3,1
females\sample-080506.mp3,1
females\sample-080535.mp3,1
females\sample-080538.mp3,1
females\sample-080542.mp3,1
females\sample-080547.mp3,1
females\sample-080557.mp3,1
females\sample-080565.mp3,1
females\sample-080573.mp3,1
females\sample-080581.mp3,1
females\sample-080588.mp3,1
females\sample-080601.mp3,1
females\sample-080602.mp3,1
females\sample-080610.mp3,1
females\sample-080646.mp3,1
females\sample-080648.mp3,1
females\sample-080649.mp3,1
females\sample-080657.mp3,1
females\sample-080664.mp3,1
females\sample-080669.mp3,1
females\sample-080675.mp3,1
females\sample-080686.mp3,1
females\sample-080702.mp3,1
females\sample-080731.mp3,1
females\sample-080737.mp3,1
females\sample-080739.mp3,1
females\sample-080742.mp3,1
females\sample-080743.mp3,1
females\sample-080746.mp3,1
females\sample-080750.mp3,1
females\sample-080758.mp3,1
females\sample-080769.mp3,1
females\sample-080778.mp3,1
females\sample-080803.mp3,1
females\sample-080812.mp3,1
females\sample-080817.mp3,1
females\sample-080825.mp3,1
females\sample-080829.mp3,1
females\sample-080834.mp3,1
females\sample-080844.mp3,1
females\sample-080873.mp3,1
females\sample-080880.mp3,1
females\sample-080913.mp3,1
females\sample-080962.mp3,1
females\sample-080969.mp3,1
females\sample-080993.mp3,1
females\sample-081006.mp3,1
females\sample-081023.mp3,1
females\sample-081041.mp3,1
females\sample-081059.mp3,1
females\sample-081083.mp3,1
females\sample-081085.mp3,1
females\sample-081113.mp3,1
females\sample-081115.mp3,1
females\sample-081118.mp3,1
females\sample-081130.mp3,1
females\sample-081136.mp3,1
females\sample-081137.mp3,1
females\sample-081174.mp3,1
females\sample-081199.mp3,1
females\sample-081226.mp3,1
females\sample-081231.mp3,1
females\sample-081240.mp3,1
females\sample-081304.mp3,1
females\sample-081310.mp3,1
females\sample-081314.mp3,1
females\sample-081317.mp3,1
females\sample-081327.mp3,1
females\sample-081333.mp3,1
females\sample-081382.mp3,1
females\sample-081389.mp3,1
females\sample-081424.mp3,1
females\sample-081468.mp3,1
females\sample-081470.mp3,1
females\sample-081500.mp3,1
females\sample-081501.mp3,1
females\sample-081508.mp3,1
females\sample-081514.mp3,1
females\sample-081528.mp3,1
females\sample-081531.mp3,1
females\sample-081540.mp3,1
females\sample-081542.mp3,1
females\sample-081545.mp3,1
females\sample-081549.mp3,1
females\sample-081561.mp3,1
females\sample-081567.mp3,1
females\sample-081568.mp3,1
females\sample-081573.mp3,1
females\sample-081598.mp3,1
females\sample-081602.mp3,1
females\sample-081613.mp3,1
females\sample-081624.mp3,1
females\sample-081633.mp3,1
females\sample-081674.mp3,1
females\sample-081679.mp3,1
females\sample-081680.mp3,1
females\sample-081682.mp3,1
females\sample-081694.mp3,1
females\sample-081697.mp3,1
females\sample-081705.mp3,1
females\sample-081711.mp3,1
females\sample-081712.mp3,1
females\sample-081737.mp3,1
females\sample-081754.mp3,1
females\sample-081760.mp3,1
females\sample-081765.mp3,1
females\sample-081782.mp3,1
females\sample-081792.mp3,1
females\sample-081815.mp3,1
females\sample-081818.mp3,1
females\sample-081821.mp3,1
females\sample-081826.mp3,1
females\sample-081830.mp3,1
females\sample-081876.mp3,1
females\sample-081887.mp3,1
females\sample-081894.mp3,1
females\sample-081955.mp3,1
females\sample-081967.mp3,1
females\sample-081992.mp3,1
females\sample-081993.mp3,1
females\sample-082010.mp3,1
females\sample-082022.mp3,1
females\sample-082023.mp3,1
females\sample-082031.mp3,1
females\sample-082034.mp3,1
females\sample-082078.mp3,1
females\sample-082082.mp3,1
females\sample-082087.mp3,1
females\sample-082117.mp3,1
females\sample-082129.mp3,1
females\sample-082134.mp3,1
females\sample-082159.mp3,1
females\sample-082160.mp3,1
females\sample-082176.mp3,1
females\sample-082177.mp3,1
females\sample-082193.mp3,1
females\sample-082194.mp3,1
females\sample-082195.mp3,1
females\sample-082197.mp3,1
females\sample-082208.mp3,1
females\sample-082216.mp3,1
females\sample-082221.mp3,1
females\sample-082232.mp3,1
females\sample-082235.mp3,1
females\sample-082243.mp3,1
females\sample-082249.mp3,1
females\sample-082276.mp3,1
females\sample-082287.mp3,1
females\sample-082298.mp3,1
females\sample-082300.mp3,1
females\sample-082309.mp3,1
females\sample-082315.mp3,1
females\sample-082321.mp3,1
females\sample-082330.mp3,1
females\sample-082340.mp3,1
females\sample-082352.mp3,1
females\sample-082360.mp3,1
females\sample-082375.mp3,1
females\sample-082384.mp3,1
females\sample-082394.mp3,1
females\sample-082397.mp3,1
females\sample-082401.mp3,1
females\sample-082410.mp3,1
females\sample-082412.mp3,1
females\sample-082420.mp3,1
females\sample-082437.mp3,1
females\sample-082452.mp3,1
females\sample-082466.mp3,1
females\sample-082471.mp3,1
females\sample-082472.mp3,1
females\sample-082476.mp3,1
females\sample-082487.mp3,1
females\sample-082499.mp3,1
females\sample-082504.mp3,1
females\sample-082523.mp3,1
females\sample-082524.mp3,1
females\sample-082535.mp3,1
females\sample-082552.mp3,1
females\sample-082560.mp3,1
females\sample-082568.mp3,1
females\sample-082602.mp3,1
females\sample-082605.mp3,1
females\sample-082607.mp3,1
females\sample-082618.mp3,1
females\sample-082623.mp3,1
females\sample-082676.mp3,1
females\sample-082688.mp3,1
females\sample-082691.mp3,1
females\sample-082694.mp3,1
females\sample-082709.mp3,1
females\sample-082732.mp3,1
females\sample-082748.mp3,1
females\sample-082763.mp3,1
females\sample-082766.mp3,1
females\sample-082780.mp3,1
females\sample-082798.mp3,1
females\sample-082802.mp3,1
females\sample-082814.mp3,1
females\sample-082818.mp3,1
females\sample-082880.mp3,1
females\sample-082883.mp3,1
females\sample-082895.mp3,1
females\sample-082924.mp3,1
females\sample-082935.mp3,1
females\sample-083009.mp3,1
females\sample-083037.mp3,1
females\sample-083039.mp3,1
females\sample-083072.mp3,1
females\sample-083074.mp3,1
females\sample-083075.mp3,1
females\sample-083117.mp3,1
females\sample-083132.mp3,1
females\sample-083135.mp3,1
females\sample-083147.mp3,1
females\sample-083153.mp3,1
females\sample-083155.mp3,1
females\sample-083181.mp3,1
females\sample-083193.mp3,1
females\sample-083194.mp3,1
females\sample-083203.mp3,1
females\sample-083211.mp3,1
females\sample-083217.mp3,1
females\sample-083223.mp3,1
females\sample-083225.mp3,1
females\sample-083236.mp3,1
females\sample-083243.mp3,1
females\sample-083251.mp3,1
females\sample-083252.mp3,1
females\sample-083256.mp3,1
females\sample-083267.mp3,1
females\sample-083270.mp3,1
females\sample-083275.mp3,1
females\sample-083307.mp3,1
females\sample-083311.mp3,1
females\sample-083318.mp3,1
females\sample-083324.mp3,1
females\sample-083327.mp3,1
females\sample-083339.mp3,1
females\sample-083352.mp3,1
females\sample-083359.mp3,1
females\sample-083375.mp3,1
females\sample-083384.mp3,1
females\sample-083400.mp3,1
females\sample-083401.mp3,1
females\sample-083403.mp3,1
females\sample-083408.mp3,1
females\sample-083412.mp3,1
females\sample-083424.mp3,1
females\sample-083432.mp3,1
females\sample-083450.mp3,1
females\sample-083480.mp3,1
females\sample-083484.mp3,1
females\sample-083510.mp3,1
females\sample-083515.mp3,1
females\sample-083532.mp3,1
females\sample-083534.mp3,1
females\sample-083549.mp3,1
females\sample-083555.mp3,1
females\sample-083569.mp3,1
females\sample-083574.mp3,1
females\sample-083593.mp3,1
females\sample-083594.mp3,1
females\sample-083597.mp3,1
females\sample-083600.mp3,1
females\sample-083605.mp3,1
females\sample-083607.mp3,1
females\sample-083611.mp3,1
females\sample-083612.mp3,1
females\sample-083620.mp3,1
females\sample-083621.mp3,1
females\sample-083651.mp3,1
females\sample-083662.mp3,1
females\sample-083663.mp3,1
females\sample-083674.mp3,1
females\sample-083685.mp3,1
females\sample-083688.mp3,1
females\sample-083699.mp3,1
females\sample-083706.mp3,1
females\sample-083711.mp3,1
females\sample-083712.mp3,1
females\sample-083713.mp3,1
females\sample-083716.mp3,1
females\sample-083732.mp3,1
females\sample-083761.mp3,1
females\sample-083762.mp3,1
females\sample-083769.mp3,1
females\sample-083774.mp3,1
females\sample-083794.mp3,1
females\sample-083797.mp3,1
females\sample-083811.mp3,1
females\sample-083814.mp3,1
females\sample-083815.mp3,1
females\sample-083822.mp3,1
females\sample-083843.mp3,1
females\sample-083845.mp3,1
females\sample-083856.mp3,1
females\sample-083861.mp3,1
females\sample-083872.mp3,1
females\sample-083873.mp3,1
females\sample-083877.mp3,1
females\sample-083886.mp3,1
females\sample-083890.mp3,1
females\sample-083906.mp3,1
females\sample-083909.mp3,1
females\sample-083916.mp3,1
females\sample-083928.mp3,1
females\sample-083934.mp3,1
females\sample-083941.mp3,1
females\sample-083961.mp3,1
females\sample-083968.mp3,1
females\sample-083970.mp3,1
females\sample-083985.mp3,1
females\sample-084016.mp3,1
females\sample-084029.mp3,1
females\sample-084043.mp3,1
females\sample-084052.mp3,1
females\sample-084054.mp3,1
females\sample-084065.mp3,1
females\sample-084100.mp3,1
females\sample-084109.mp3,1
females\sample-084121.mp3,1
females\sample-084129.mp3,1
females\sample-084134.mp3,1
females\sample-084140.mp3,1
females\sample-084153.mp3,1
females\sample-084156.mp3,1
females\sample-084165.mp3,1
females\sample-084176.mp3,1
females\sample-084180.mp3,1
females\sample-084182.mp3,1
females\sample-084200.mp3,1
females\sample-084211.mp3,1
females\sample-084213.mp3,1
females\sample-084245.mp3,1
females\sample-084247.mp3,1
females\sample-084249.mp3,1
females\sample-084264.mp3,1
females\sample-084265.mp3,1
females\sample-084317.mp3,1
females\sample-084329.mp3,1
females\sample-084352.mp3,1
females\sample-084363.mp3,1
females\sample-084383.mp3,1
females\sample-084406.mp3,1
females\sample-084407.mp3,1
females\sample-084410.mp3,1
females\sample-084419.mp3,1
females\sample-084420.mp3,1
females\sample-084423.mp3,1
females\sample-084424.mp3,1
females\sample-084427.mp3,1
females\sample-084454.mp3,1
females\sample-084458.mp3,1
females\sample-084464.mp3,1
females\sample-084476.mp3,1
females\sample-084477.mp3,1
females\sample-084498.mp3,1
females\sample-084499.mp3,1
females\sample-084500.mp3,1
females\sample-084503.mp3,1
females\sample-084504.mp3,1
females\sample-084512.mp3,1
females\sample-084523.mp3,1
females\sample-084579.mp3,1
females\sample-084649.mp3,1
females\sample-084686.mp3,1
females\sample-084697.mp3,1
females\sample-084704.mp3,1
females\sample-084746.mp3,1
females\sample-084789.mp3,1
females\sample-084791.mp3,1
females\sample-084808.mp3,1
females\sample-084828.mp3,1
females\sample-084834.mp3,1
females\sample-084849.mp3,1
females\sample-084853.mp3,1
females\sample-084857.mp3,1
females\sample-084874.mp3,1
females\sample-084895.mp3,1
females\sample-084910.mp3,1
females\sample-084933.mp3,1
females\sample-084936.mp3,1
females\sample-084967.mp3,1
females\sample-084969.mp3,1
females\sample-084997.mp3,1
females\sample-085001.mp3,1
females\sample-085006.mp3,1
females\sample-085015.mp3,1
females\sample-085021.mp3,1
females\sample-085050.mp3,1
females\sample-085063.mp3,1
females\sample-085072.mp3,1
females\sample-085075.mp3,1
females\sample-085080.mp3,1
females\sample-085097.mp3,1
females\sample-085124.mp3,1
females\sample-085126.mp3,1
females\sample-085130.mp3,1
females\sample-085142.mp3,1
females\sample-085148.mp3,1
females\sample-085155.mp3,1
females\sample-085160.mp3,1
females\sample-085167.mp3,1
females\sample-085171.mp3,1
females\sample-085194.mp3,1
females\sample-085195.mp3,1
females\sample-085196.mp3,1
females\sample-085199.mp3,1
females\sample-085206.mp3,1
females\sample-085214.mp3,1
females\sample-085220.mp3,1
females\sample-085230.mp3,1
females\sample-085231.mp3,1
females\sample-085249.mp3,1
females\sample-085257.mp3,1
females\sample-085258.mp3,1
females\sample-085280.mp3,1
females\sample-085285.mp3,1
females\sample-085291.mp3,1
females\sample-085294.mp3,1
females\sample-085296.mp3,1
females\sample-085306.mp3,1
females\sample-085321.mp3,1
females\sample-085327.mp3,1
females\sample-085330.mp3,1
females\sample-085333.mp3,1
females\sample-085336.mp3,1
females\sample-085376.mp3,1
females\sample-085379.mp3,1
females\sample-085409.mp3,1
females\sample-085417.mp3,1
females\sample-085431.mp3,1
females\sample-085447.mp3,1
females\sample-085455.mp3,1
females\sample-085458.mp3,1
females\sample-085474.mp3,1
females\sample-085478.mp3,1
females\sample-085492.mp3,1
females\sample-085498.mp3,1
females\sample-085502.mp3,1
females\sample-085517.mp3,1
females\sample-085522.mp3,1
females\sample-085546.mp3,1
females\sample-085561.mp3,1
females\sample-085567.mp3,1
females\sample-085601.mp3,1
females\sample-085605.mp3,1
females\sample-085612.mp3,1
females\sample-085623.mp3,1
females\sample-085637.mp3,1
females\sample-085650.mp3,1
females\sample-085665.mp3,1
females\sample-085675.mp3,1
females\sample-085692.mp3,1
females\sample-085698.mp3,1
females\sample-085701.mp3,1
females\sample-085730.mp3,1
females\sample-085739.mp3,1
females\sample-085746.mp3,1
females\sample-085756.mp3,1
females\sample-085779.mp3,1
females\sample-085791.mp3,1
females\sample-085810.mp3,1
females\sample-085848.mp3,1
females\sample-085850.mp3,1
females\sample-085860.mp3,1
females\sample-085871.mp3,1
females\sample-085928.mp3,1
females\sample-085930.mp3,1
females\sample-085946.mp3,1
females\sample-085961.mp3,1
females\sample-085975.mp3,1
females\sample-085976.mp3,1
females\sample-085987.mp3,1
females\sample-085992.mp3,1
females\sample-086001.mp3,1
females\sample-086002.mp3,1
females\sample-086023.mp3,1
females\sample-086032.mp3,1
females\sample-086046.mp3,1
females\sample-086053.mp3,1
females\sample-086059.mp3,1
females\sample-086081.mp3,1
females\sample-086087.mp3,1
females\sample-086096.mp3,1
females\sample-086112.mp3,1
females\sample-086136.mp3,1
females\sample-086144.mp3,1
females\sample-086158.mp3,1
females\sample-086159.mp3,1
females\sample-086172.mp3,1
females\sample-086175.mp3,1
females\sample-086178.mp3,1
females\sample-086192.mp3,1
females\sample-086209.mp3,1
females\sample-086215.mp3,1
females\sample-086228.mp3,1
females\sample-086243.mp3,1
females\sample-086253.mp3,1
females\sample-086258.mp3,1
females\sample-086262.mp3,1
females\sample-086282.mp3,1
females\sample-086293.mp3,1
females\sample-086302.mp3,1
females\sample-086322.mp3,1
females\sample-086337.mp3,1
females\sample-086349.mp3,1
females\sample-086366.mp3,1
females\sample-086370.mp3,1
females\sample-086400.mp3,1
females\sample-086416.mp3,1
females\sample-086429.mp3,1
females\sample-086431.mp3,1
females\sample-086437.mp3,1
females\sample-086439.mp3,1
females\sample-086441.mp3,1
females\sample-086472.mp3,1
females\sample-086473.mp3,1
females\sample-086478.mp3,1
females\sample-086498.mp3,1
females\sample-086505.mp3,1
females\sample-086514.mp3,1
females\sample-086515.mp3,1
females\sample-086532.mp3,1
females\sample-086535.mp3,1
females\sample-086551.mp3,1
females\sample-086553.mp3,1
females\sample-086577.mp3,1
females\sample-086578.mp3,1
females\sample-086582.mp3,1
females\sample-086620.mp3,1
females\sample-086641.mp3,1
females\sample-086644.mp3,1
females\sample-086645.mp3,1
females\sample-086668.mp3,1
females\sample-086701.mp3,1
females\sample-086726.mp3,1
females\sample-086728.mp3,1
females\sample-086738.mp3,1
females\sample-086751.mp3,1
females\sample-086758.mp3,1
females\sample-086780.mp3,1
females\sample-086823.mp3,1
females\sample-086825.mp3,1
females\sample-086839.mp3,1
females\sample-086852.mp3,1
females\sample-086877.mp3,1
females\sample-086890.mp3,1
females\sample-086904.mp3,1
females\sample-086909.mp3,1
females\sample-086912.mp3,1
females\sample-086922.mp3,1
females\sample-086930.mp3,1
females\sample-086945.mp3,1
females\sample-086947.mp3,1
females\sample-087007.mp3,1
females\sample-087042.mp3,1
females\sample-087046.mp3,1
females\sample-087063.mp3,1
females\sample-087073.mp3,1
females\sample-087086.mp3,1
females\sample-087090.mp3,1
females\sample-087091.mp3,1
females\sample-087105.mp3,1
females\sample-087117.mp3,1
females\sample-087127.mp3,1
females\sample-087129.mp3,1
females\sample-087135.mp3,1
females\sample-087139.mp3,1
females\sample-087142.mp3,1
females\sample-087144.mp3,1
females\sample-087189.mp3,1
females\sample-087196.mp3,1
females\sample-087202.mp3,1
females\sample-087218.mp3,1
females\sample-087229.mp3,1
females\sample-087244.mp3,1
females\sample-087245.mp3,1
females\sample-087256.mp3,1
females\sample-087285.mp3,1
females\sample-087295.mp3,1
females\sample-087299.mp3,1
females\sample-087305.mp3,1
females\sample-087316.mp3,1
females\sample-087319.mp3,1
females\sample-087341.mp3,1
females\sample-087351.mp3,1
females\sample-087353.mp3,1
females\sample-087358.mp3,1
females\sample-087372.mp3,1
females\sample-087389.mp3,1
females\sample-087425.mp3,1
females\sample-087428.mp3,1
females\sample-087440.mp3,1
females\sample-087441.mp3,1
females\sample-087458.mp3,1
females\sample-087467.mp3,1
females\sample-087469.mp3,1
females\sample-087470.mp3,1
females\sample-087477.mp3,1
females\sample-087497.mp3,1
females\sample-087502.mp3,1
females\sample-087536.mp3,1
females\sample-087543.mp3,1
females\sample-087567.mp3,1
females\sample-087573.mp3,1
females\sample-087606.mp3,1
females\sample-087647.mp3,1
females\sample-087680.mp3,1
females\sample-087688.mp3,1
females\sample-087716.mp3,1
females\sample-087757.mp3,1
females\sample-087802.mp3,1
females\sample-087803.mp3,1
females\sample-087810.mp3,1
females\sample-087822.mp3,1
females\sample-087844.mp3,1
females\sample-087855.mp3,1
females\sample-087874.mp3,1
females\sample-087882.mp3,1
females\sample-087910.mp3,1
females\sample-087937.mp3,1
females\sample-087950.mp3,1
females\sample-087958.mp3,1
females\sample-087959.mp3,1
females\sample-087983.mp3,1
females\sample-087991.mp3,1
females\sample-088002.mp3,1
females\sample-088004.mp3,1
females\sample-088009.mp3,1
females\sample-088020.mp3,1
females\sample-088026.mp3,1
females\sample-088061.mp3,1
females\sample-088064.mp3,1
females\sample-088065.mp3,1
females\sample-088073.mp3,1
females\sample-088081.mp3,1
females\sample-088087.mp3,1
females\sample-088091.mp3,1
females\sample-088097.mp3,1
females\sample-088104.mp3,1
females\sample-088107.mp3,1
females\sample-088114.mp3,1
females\sample-088119.mp3,1
females\sample-088148.mp3,1
females\sample-088155.mp3,1
females\sample-088157.mp3,1
females\sample-088168.mp3,1
females\sample-088173.mp3,1
females\sample-088178.mp3,1
females\sample-088197.mp3,1
females\sample-088201.mp3,1
females\sample-088235.mp3,1
females\sample-088244.mp3,1
females\sample-088251.mp3,1
females\sample-088253.mp3,1
females\sample-088275.mp3,1
females\sample-088291.mp3,1
females\sample-088296.mp3,1
females\sample-088315.mp3,1
females\sample-088318.mp3,1
females\sample-088321.mp3,1
females\sample-088341.mp3,1
females\sample-088353.mp3,1
females\sample-088354.mp3,1
females\sample-088373.mp3,1
females\sample-088375.mp3,1
females\sample-088381.mp3,1
females\sample-088397.mp3,1
females\sample-088403.mp3,1
females\sample-088406.mp3,1
females\sample-088410.mp3,1
females\sample-088429.mp3,1
females\sample-088437.mp3,1
females\sample-088458.mp3,1
females\sample-088461.mp3,1
females\sample-088464.mp3,1
females\sample-088476.mp3,1
females\sample-088483.mp3,1
females\sample-088499.mp3,1
females\sample-088503.mp3,1
females\sample-088505.mp3,1
females\sample-088521.mp3,1
females\sample-088527.mp3,1
females\sample-088532.mp3,1
females\sample-088542.mp3,1
females\sample-088561.mp3,1
females\sample-088585.mp3,1
females\sample-088587.mp3,1
females\sample-088597.mp3,1
females\sample-088602.mp3,1
females\sample-088606.mp3,1
females\sample-088608.mp3,1
females\sample-088610.mp3,1
females\sample-088649.mp3,1
females\sample-088693.mp3,1
females\sample-088709.mp3,1
females\sample-088713.mp3,1
females\sample-088718.mp3,1
females\sample-088724.mp3,1
females\sample-088736.mp3,1
females\sample-088743.mp3,1
females\sample-088748.mp3,1
females\sample-088754.mp3,1
females\sample-088760.mp3,1
females\sample-088791.mp3,1
females\sample-088793.mp3,1
females\sample-088799.mp3,1
females\sample-088804.mp3,1
females\sample-088817.mp3,1
females\sample-088821.mp3,1
females\sample-088824.mp3,1
females\sample-088828.mp3,1
females\sample-088854.mp3,1
females\sample-088873.mp3,1
females\sample-088877.mp3,1
females\sample-088880.mp3,1
females\sample-088894.mp3,1
females\sample-088911.mp3,1
females\sample-088917.mp3,1
females\sample-088928.mp3,1
females\sample-088955.mp3,1
females\sample-088959.mp3,1
females\sample-088963.mp3,1
females\sample-088968.mp3,1
females\sample-088985.mp3,1
females\sample-089006.mp3,1
females\sample-089008.mp3,1
females\sample-089010.mp3,1
females\sample-089021.mp3,1
females\sample-089033.mp3,1
females\sample-089054.mp3,1
females\sample-089078.mp3,1
females\sample-089087.mp3,1
females\sample-089094.mp3,1
females\sample-089113.mp3,1
females\sample-089115.mp3,1
females\sample-089116.mp3,1
females\sample-089143.mp3,1
females\sample-089155.mp3,1
females\sample-089156.mp3,1
females\sample-089158.mp3,1
females\sample-089163.mp3,1
females\sample-089177.mp3,1
females\sample-089184.mp3,1
females\sample-089194.mp3,1
females\sample-089198.mp3,1
females\sample-089202.mp3,1
females\sample-089237.mp3,1
females\sample-089255.mp3,1
females\sample-089287.mp3,1
females\sample-089294.mp3,1
females\sample-089299.mp3,1
females\sample-089301.mp3,1
females\sample-089308.mp3,1
females\sample-089321.mp3,1
females\sample-089322.mp3,1
females\sample-089323.mp3,1
females\sample-089351.mp3,1
females\sample-089354.mp3,1
females\sample-089384.mp3,1
females\sample-089397.mp3,1
females\sample-089410.mp3,1
females\sample-089420.mp3,1
females\sample-089422.mp3,1
females\sample-089436.mp3,1
females\sample-089445.mp3,1
females\sample-089454.mp3,1
females\sample-089463.mp3,1
females\sample-089486.mp3,1
females\sample-089491.mp3,1
females\sample-089519.mp3,1
females\sample-089541.mp3,1
females\sample-089586.mp3,1
females\sample-089588.mp3,1
females\sample-089610.mp3,1
females\sample-089616.mp3,1
females\sample-089621.mp3,1
females\sample-089625.mp3,1
females\sample-089635.mp3,1
females\sample-089691.mp3,1
females\sample-089692.mp3,1
females\sample-089702.mp3,1
females\sample-089717.mp3,1
females\sample-089722.mp3,1
females\sample-089723.mp3,1
females\sample-089734.mp3,1
females\sample-089736.mp3,1
females\sample-089748.mp3,1
females\sample-089772.mp3,1
females\sample-089773.mp3,1
females\sample-089786.mp3,1
females\sample-089808.mp3,1
females\sample-089812.mp3,1
females\sample-089818.mp3,1
females\sample-089820.mp3,1
females\sample-089827.mp3,1
females\sample-089845.mp3,1
females\sample-089847.mp3,1
females\sample-089853.mp3,1
females\sample-089855.mp3,1
females\sample-089873.mp3,1
females\sample-089884.mp3,1
females\sample-089893.mp3,1
females\sample-089902.mp3,1
females\sample-089907.mp3,1
females\sample-089945.mp3,1
females\sample-089946.mp3,1
females\sample-089950.mp3,1
females\sample-089966.mp3,1
females\sample-089993.mp3,1
females\sample-090020.mp3,1
females\sample-090028.mp3,1
females\sample-090032.mp3,1
females\sample-090038.mp3,1
females\sample-090070.mp3,1
females\sample-090111.mp3,1
females\sample-090112.mp3,1
females\sample-090123.mp3,1
females\sample-090130.mp3,1
females\sample-090144.mp3,1
females\sample-090149.mp3,1
females\sample-090155.mp3,1
females\sample-090190.mp3,1
females\sample-090197.mp3,1
females\sample-090219.mp3,1
females\sample-090244.mp3,1
females\sample-090249.mp3,1
females\sample-090256.mp3,1
females\sample-090271.mp3,1
females\sample-090279.mp3,1
females\sample-090281.mp3,1
females\sample-090282.mp3,1
females\sample-090287.mp3,1
females\sample-090288.mp3,1
females\sample-090289.mp3,1
females\sample-090296.mp3,1
females\sample-090297.mp3,1
females\sample-090313.mp3,1
females\sample-090317.mp3,1
females\sample-090325.mp3,1
females\sample-090328.mp3,1
females\sample-090342.mp3,1
females\sample-090343.mp3,1
females\sample-090363.mp3,1
females\sample-090371.mp3,1
females\sample-090378.mp3,1
females\sample-090408.mp3,1
females\sample-090420.mp3,1
females\sample-090427.mp3,1
females\sample-090437.mp3,1
females\sample-090438.mp3,1
females\sample-090440.mp3,1
females\sample-090485.mp3,1
females\sample-090486.mp3,1
females\sample-090492.mp3,1
females\sample-090495.mp3,1
females\sample-090508.mp3,1
females\sample-090521.mp3,1
females\sample-090527.mp3,1
females\sample-090537.mp3,1
females\sample-090541.mp3,1
females\sample-090545.mp3,1
females\sample-090548.mp3,1
females\sample-090551.mp3,1
females\sample-090553.mp3,1
females\sample-090555.mp3,1
females\sample-090559.mp3,1
females\sample-090561.mp3,1
females\sample-090599.mp3,1
females\sample-090606.mp3,1
females\sample-090612.mp3,1
females\sample-090613.mp3,1
females\sample-090619.mp3,1
females\sample-090626.mp3,1
females\sample-090639.mp3,1
females\sample-090666.mp3,1
females\sample-090722.mp3,1
females\sample-090730.mp3,1
females\sample-090733.mp3,1
females\sample-090739.mp3,1
females\sample-090747.mp3,1
females\sample-090751.mp3,1
females\sample-090767.mp3,1
females\sample-090780.mp3,1
females\sample-090783.mp3,1
females\sample-090785.mp3,1
females\sample-090820.mp3,1
females\sample-090831.mp3,1
females\sample-090832.mp3,1
females\sample-090848.mp3,1
females\sample-090852.mp3,1
females\sample-090875.mp3,1
females\sample-090890.mp3,1
females\sample-090904.mp3,1
females\sample-090906.mp3,1
females\sample-090921.mp3,1
females\sample-090930.mp3,1
females\sample-090936.mp3,1
females\sample-090941.mp3,1
females\sample-090943.mp3,1
females\sample-090960.mp3,1
females\sample-090961.mp3,1
females\sample-090978.mp3,1
females\sample-090985.mp3,1
females\sample-091008.mp3,1
females\sample-091017.mp3,1
females\sample-091025.mp3,1
females\sample-091043.mp3,1
females\sample-091044.mp3,1
females\sample-091047.mp3,1
females\sample-091061.mp3,1
females\sample-091086.mp3,1
females\sample-091096.mp3,1
females\sample-091099.mp3,1
females\sample-091105.mp3,1
females\sample-091109.mp3,1
females\sample-091129.mp3,1
females\sample-091132.mp3,1
females\sample-091135.mp3,1
females\sample-091136.mp3,1
females\sample-091137.mp3,1
females\sample-091143.mp3,1
females\sample-091168.mp3,1
females\sample-091174.mp3,1
females\sample-091179.mp3,1
females\sample-091188.mp3,1
females\sample-091193.mp3,1
females\sample-091202.mp3,1
females\sample-091211.mp3,1
females\sample-091222.mp3,1
females\sample-091257.mp3,1
females\sample-091263.mp3,1
females\sample-091272.mp3,1
females\sample-091306.mp3,1
females\sample-091330.mp3,1
females\sample-091342.mp3,1
females\sample-091354.mp3,1
females\sample-091411.mp3,1
females\sample-091414.mp3,1
females\sample-091427.mp3,1
females\sample-091429.mp3,1
females\sample-091437.mp3,1
females\sample-091454.mp3,1
females\sample-091460.mp3,1
females\sample-091469.mp3,1
females\sample-091475.mp3,1
females\sample-091477.mp3,1
females\sample-091478.mp3,1
females\sample-091491.mp3,1
females\sample-091499.mp3,1
females\sample-091502.mp3,1
females\sample-091527.mp3,1
females\sample-091541.mp3,1
females\sample-091546.mp3,1
females\sample-091550.mp3,1
females\sample-091557.mp3,1
females\sample-091576.mp3,1
females\sample-091615.mp3,1
females\sample-091633.mp3,1
females\sample-091636.mp3,1
females\sample-091639.mp3,1
females\sample-091650.mp3,1
females\sample-091664.mp3,1
females\sample-091665.mp3,1
females\sample-091689.mp3,1
females\sample-091690.mp3,1
females\sample-091705.mp3,1
females\sample-091727.mp3,1
females\sample-091756.mp3,1
females\sample-091771.mp3,1
females\sample-091780.mp3,1
females\sample-091793.mp3,1
females\sample-091798.mp3,1
females\sample-091805.mp3,1
females\sample-091821.mp3,1
females\sample-091837.mp3,1
females\sample-091845.mp3,1
females\sample-091853.mp3,1
females\sample-091865.mp3,1
females\sample-091886.mp3,1
females\sample-091945.mp3,1
females\sample-091948.mp3,1
females\sample-091957.mp3,1
females\sample-091970.mp3,1
females\sample-091995.mp3,1
females\sample-092017.mp3,1
females\sample-092019.mp3,1
females\sample-092020.mp3,1
females\sample-092021.mp3,1
females\sample-092032.mp3,1
females\sample-092037.mp3,1
females\sample-092044.mp3,1
females\sample-092061.mp3,1
females\sample-092064.mp3,1
females\sample-092070.mp3,1
females\sample-092090.mp3,1
females\sample-092106.mp3,1
females\sample-092111.mp3,1
females\sample-092122.mp3,1
females\sample-092137.mp3,1
females\sample-092138.mp3,1
females\sample-092142.mp3,1
females\sample-092145.mp3,1
females\sample-092146.mp3,1
females\sample-092162.mp3,1
females\sample-092165.mp3,1
females\sample-092210.mp3,1
females\sample-092230.mp3,1
females\sample-092231.mp3,1
females\sample-092258.mp3,1
females\sample-092274.mp3,1
females\sample-092276.mp3,1
females\sample-092280.mp3,1
females\sample-092285.mp3,1
females\sample-092299.mp3,1
females\sample-092329.mp3,1
females\sample-092332.mp3,1
females\sample-092339.mp3,1
females\sample-092381.mp3,1
females\sample-092406.mp3,1
females\sample-092419.mp3,1
females\sample-092441.mp3,1
females\sample-092447.mp3,1
females\sample-092462.mp3,1
females\sample-092469.mp3,1
females\sample-092473.mp3,1
females\sample-092492.mp3,1
females\sample-092511.mp3,1
females\sample-092543.mp3,1
females\sample-092547.mp3,1
females\sample-092549.mp3,1
females\sample-092552.mp3,1
females\sample-092559.mp3,1
females\sample-092616.mp3,1
females\sample-092619.mp3,1
females\sample-092622.mp3,1
females\sample-092630.mp3,1
females\sample-092652.mp3,1
females\sample-092654.mp3,1
females\sample-092660.mp3,1
females\sample-092671.mp3,1
females\sample-092693.mp3,1
females\sample-092700.mp3,1
females\sample-092734.mp3,1
females\sample-092744.mp3,1
females\sample-092759.mp3,1
females\sample-092777.mp3,1
females\sample-092790.mp3,1
females\sample-092802.mp3,1
females\sample-092819.mp3,1
females\sample-092822.mp3,1
females\sample-092825.mp3,1
females\sample-092848.mp3,1
females\sample-092868.mp3,1
females\sample-092872.mp3,1
females\sample-092874.mp3,1
females\sample-092881.mp3,1
females\sample-092888.mp3,1
females\sample-092893.mp3,1
females\sample-092935.mp3,1
females\sample-092939.mp3,1
females\sample-092970.mp3,1
females\sample-092971.mp3,1
females\sample-092985.mp3,1
females\sample-092986.mp3,1
females\sample-092992.mp3,1
females\sample-092993.mp3,1
females\sample-093002.mp3,1
females\sample-093004.mp3,1
females\sample-093023.mp3,1
females\sample-093043.mp3,1
females\sample-093045.mp3,1
females\sample-093050.mp3,1
females\sample-093062.mp3,1
females\sample-093069.mp3,1
females\sample-093123.mp3,1
females\sample-093127.mp3,1
females\sample-093148.mp3,1
females\sample-093156.mp3,1
females\sample-093175.mp3,1
females\sample-093179.mp3,1
females\sample-093195.mp3,1
females\sample-093197.mp3,1
females\sample-093201.mp3,1
females\sample-093207.mp3,1
females\sample-093209.mp3,1
females\sample-093227.mp3,1
females\sample-093229.mp3,1
females\sample-093232.mp3,1
females\sample-093237.mp3,1
females\sample-093246.mp3,1
females\sample-093254.mp3,1
females\sample-093268.mp3,1
females\sample-093292.mp3,1
females\sample-093314.mp3,1
females\sample-093326.mp3,1
females\sample-093327.mp3,1
females\sample-093336.mp3,1
females\sample-093351.mp3,1
females\sample-093356.mp3,1
females\sample-093372.mp3,1
females\sample-093373.mp3,1
females\sample-093375.mp3,1
females\sample-093379.mp3,1
females\sample-093386.mp3,1
females\sample-093395.mp3,1
females\sample-093409.mp3,1
females\sample-093410.mp3,1
females\sample-093416.mp3,1
females\sample-093451.mp3,1
females\sample-093460.mp3,1
females\sample-093462.mp3,1
females\sample-093471.mp3,1
females\sample-093482.mp3,1
females\sample-093511.mp3,1
females\sample-093516.mp3,1
females\sample-093519.mp3,1
females\sample-093521.mp3,1
females\sample-093543.mp3,1
females\sample-093549.mp3,1
females\sample-093555.mp3,1
females\sample-093556.mp3,1
females\sample-093560.mp3,1
females\sample-093572.mp3,1
females\sample-093573.mp3,1
females\sample-093576.mp3,1
females\sample-093589.mp3,1
females\sample-093595.mp3,1
females\sample-093607.mp3,1
females\sample-093629.mp3,1
females\sample-093644.mp3,1
females\sample-093655.mp3,1
females\sample-093661.mp3,1
females\sample-093681.mp3,1
females\sample-093694.mp3,1
females\sample-093695.mp3,1
females\sample-093706.mp3,1
females\sample-093707.mp3,1
females\sample-093714.mp3,1
females\sample-093718.mp3,1
females\sample-093729.mp3,1
females\sample-093731.mp3,1
females\sample-093737.mp3,1
females\sample-093752.mp3,1
females\sample-093755.mp3,1
females\sample-093765.mp3,1
females\sample-093773.mp3,1
females\sample-093775.mp3,1
females\sample-093793.mp3,1
females\sample-093797.mp3,1
females\sample-093801.mp3,1
females\sample-093850.mp3,1
females\sample-093851.mp3,1
females\sample-093864.mp3,1
females\sample-093873.mp3,1
females\sample-093875.mp3,1
females\sample-093895.mp3,1
females\sample-093896.mp3,1
females\sample-093898.mp3,1
females\sample-093917.mp3,1
females\sample-093933.mp3,1
females\sample-093945.mp3,1
females\sample-093954.mp3,1
females\sample-093993.mp3,1
females\sample-094001.mp3,1
females\sample-094003.mp3,1
females\sample-094015.mp3,1
females\sample-094023.mp3,1
females\sample-094033.mp3,1
females\sample-094035.mp3,1
females\sample-094044.mp3,1
females\sample-094073.mp3,1
females\sample-094077.mp3,1
females\sample-094082.mp3,1
females\sample-094087.mp3,1
females\sample-094098.mp3,1
females\sample-094102.mp3,1
females\sample-094111.mp3,1
females\sample-094153.mp3,1
females\sample-094160.mp3,1
females\sample-094165.mp3,1
females\sample-094166.mp3,1
females\sample-094167.mp3,1
females\sample-094181.mp3,1
females\sample-094187.mp3,1
females\sample-094217.mp3,1
females\sample-094224.mp3,1
females\sample-094240.mp3,1
females\sample-094246.mp3,1
females\sample-094249.mp3,1
females\sample-094261.mp3,1
females\sample-094263.mp3,1
females\sample-094268.mp3,1
females\sample-094279.mp3,1
females\sample-094294.mp3,1
females\sample-094300.mp3,1
females\sample-094308.mp3,1
females\sample-094326.mp3,1
females\sample-094336.mp3,1
females\sample-094341.mp3,1
females\sample-094358.mp3,1
females\sample-094363.mp3,1
females\sample-094365.mp3,1
females\sample-094391.mp3,1
females\sample-094403.mp3,1
females\sample-094416.mp3,1
females\sample-094425.mp3,1
females\sample-094436.mp3,1
females\sample-094440.mp3,1
females\sample-094441.mp3,1
females\sample-094464.mp3,1
females\sample-094484.mp3,1
females\sample-094491.mp3,1
females\sample-094492.mp3,1
females\sample-094502.mp3,1
females\sample-094503.mp3,1
females\sample-094507.mp3,1
females\sample-094513.mp3,1
females\sample-094514.mp3,1
females\sample-094521.mp3,1
females\sample-094523.mp3,1
females\sample-094535.mp3,1
females\sample-094553.mp3,1
females\sample-094558.mp3,1
females\sample-094565.mp3,1
females\sample-094566.mp3,1
females\sample-094588.mp3,1
females\sample-094606.mp3,1
females\sample-094619.mp3,1
females\sample-094621.mp3,1
females\sample-094623.mp3,1
females\sample-094628.mp3,1
females\sample-094629.mp3,1
females\sample-094641.mp3,1
females\sample-094642.mp3,1
females\sample-094643.mp3,1
females\sample-094673.mp3,1
females\sample-094687.mp3,1
females\sample-094706.mp3,1
females\sample-094711.mp3,1
females\sample-094724.mp3,1
females\sample-094725.mp3,1
females\sample-094732.mp3,1
females\sample-094739.mp3,1
females\sample-094740.mp3,1
females\sample-094756.mp3,1
females\sample-094818.mp3,1
females\sample-094820.mp3,1
females\sample-094832.mp3,1
females\sample-094834.mp3,1
females\sample-094835.mp3,1
females\sample-094847.mp3,1
females\sample-094848.mp3,1
females\sample-094865.mp3,1
females\sample-094884.mp3,1
females\sample-094885.mp3,1
females\sample-094890.mp3,1
females\sample-094893.mp3,1
females\sample-094895.mp3,1
females\sample-094914.mp3,1
females\sample-094917.mp3,1
females\sample-094919.mp3,1
females\sample-094923.mp3,1
females\sample-094958.mp3,1
females\sample-094980.mp3,1
females\sample-094982.mp3,1
females\sample-094986.mp3,1
females\sample-094998.mp3,1
females\sample-095002.mp3,1
females\sample-095004.mp3,1
females\sample-095024.mp3,1
females\sample-095035.mp3,1
females\sample-095050.mp3,1
females\sample-095064.mp3,1
females\sample-095101.mp3,1
females\sample-095112.mp3,1
females\sample-095118.mp3,1
females\sample-095119.mp3,1
females\sample-095124.mp3,1
females\sample-095157.mp3,1
females\sample-095160.mp3,1
females\sample-095186.mp3,1
females\sample-095187.mp3,1
females\sample-095237.mp3,1
females\sample-095242.mp3,1
females\sample-095243.mp3,1
females\sample-095276.mp3,1
females\sample-095287.mp3,1
females\sample-095299.mp3,1
females\sample-095302.mp3,1
females\sample-095323.mp3,1
females\sample-095366.mp3,1
females\sample-095378.mp3,1
females\sample-095384.mp3,1
females\sample-095392.mp3,1
females\sample-095413.mp3,1
females\sample-095430.mp3,1
females\sample-095432.mp3,1
females\sample-095434.mp3,1
females\sample-095436.mp3,1
females\sample-095442.mp3,1
females\sample-095444.mp3,1
females\sample-095450.mp3,1
females\sample-095452.mp3,1
females\sample-095477.mp3,1
females\sample-095496.mp3,1
females\sample-095507.mp3,1
females\sample-095552.mp3,1
females\sample-095572.mp3,1
females\sample-095605.mp3,1
females\sample-095616.mp3,1
females\sample-095625.mp3,1
females\sample-095629.mp3,1
females\sample-095634.mp3,1
females\sample-095648.mp3,1
females\sample-095654.mp3,1
females\sample-095670.mp3,1
females\sample-095704.mp3,1
females\sample-095712.mp3,1
females\sample-095721.mp3,1
females\sample-095723.mp3,1
females\sample-095737.mp3,1
females\sample-095741.mp3,1
females\sample-095749.mp3,1
females\sample-095754.mp3,1
females\sample-095755.mp3,1
females\sample-095785.mp3,1
females\sample-095793.mp3,1
females\sample-095799.mp3,1
females\sample-095805.mp3,1
females\sample-095826.mp3,1
females\sample-095832.mp3,1
females\sample-095868.mp3,1
females\sample-095893.mp3,1
females\sample-095918.mp3,1
females\sample-095919.mp3,1
females\sample-095951.mp3,1
females\sample-095970.mp3,1
females\sample-095980.mp3,1
females\sample-096017.mp3,1
females\sample-096084.mp3,1
females\sample-096087.mp3,1
females\sample-096114.mp3,1
females\sample-096118.mp3,1
females\sample-096119.mp3,1
females\sample-096120.mp3,1
females\sample-096125.mp3,1
females\sample-096129.mp3,1
females\sample-096136.mp3,1
females\sample-096184.mp3,1
females\sample-096187.mp3,1
females\sample-096193.mp3,1
females\sample-096223.mp3,1
females\sample-096239.mp3,1
females\sample-096240.mp3,1
females\sample-096255.mp3,1
females\sample-096259.mp3,1
females\sample-096273.mp3,1
females\sample-096309.mp3,1
females\sample-096343.mp3,1
females\sample-096369.mp3,1
females\sample-096376.mp3,1
females\sample-096389.mp3,1
females\sample-096395.mp3,1
females\sample-096404.mp3,1
females\sample-096412.mp3,1
females\sample-096425.mp3,1
females\sample-096435.mp3,1
females\sample-096445.mp3,1
females\sample-096448.mp3,1
females\sample-096452.mp3,1
females\sample-096461.mp3,1
females\sample-096493.mp3,1
females\sample-096495.mp3,1
females\sample-096496.mp3,1
females\sample-096497.mp3,1
females\sample-096505.mp3,1
females\sample-096511.mp3,1
females\sample-096514.mp3,1
females\sample-096517.mp3,1
females\sample-096535.mp3,1
females\sample-096545.mp3,1
females\sample-096556.mp3,1
females\sample-096560.mp3,1
females\sample-096563.mp3,1
females\sample-096569.mp3,1
females\sample-096574.mp3,1
females\sample-096603.mp3,1
females\sample-096622.mp3,1
females\sample-096631.mp3,1
females\sample-096650.mp3,1
females\sample-096677.mp3,1
females\sample-096683.mp3,1
females\sample-096684.mp3,1
females\sample-096711.mp3,1
females\sample-096712.mp3,1
females\sample-096714.mp3,1
females\sample-096720.mp3,1
females\sample-096726.mp3,1
females\sample-096738.mp3,1
females\sample-096750.mp3,1
females\sample-096780.mp3,1
females\sample-096789.mp3,1
females\sample-096792.mp3,1
females\sample-096821.mp3,1
females\sample-096842.mp3,1
females\sample-096856.mp3,1
females\sample-096886.mp3,1
females\sample-096905.mp3,1
females\sample-096908.mp3,1
females\sample-096909.mp3,1
females\sample-096929.mp3,1
females\sample-096955.mp3,1
females\sample-096974.mp3,1
females\sample-096985.mp3,1
females\sample-096996.mp3,1
females\sample-096998.mp3,1
females\sample-097009.mp3,1
females\sample-097028.mp3,1
females\sample-097045.mp3,1
females\sample-097051.mp3,1
females\sample-097084.mp3,1
females\sample-097090.mp3,1
females\sample-097092.mp3,1
females\sample-097112.mp3,1
females\sample-097117.mp3,1
females\sample-097123.mp3,1
females\sample-097140.mp3,1
females\sample-097148.mp3,1
females\sample-097164.mp3,1
females\sample-097174.mp3,1
females\sample-097200.mp3,1
females\sample-097230.mp3,1
females\sample-097258.mp3,1
females\sample-097262.mp3,1
females\sample-097281.mp3,1
females\sample-097282.mp3,1
females\sample-097284.mp3,1
females\sample-097294.mp3,1
females\sample-097323.mp3,1
females\sample-097330.mp3,1
females\sample-097355.mp3,1
females\sample-097357.mp3,1
females\sample-097361.mp3,1
females\sample-097367.mp3,1
females\sample-097380.mp3,1
females\sample-097386.mp3,1
females\sample-097392.mp3,1
females\sample-097399.mp3,1
females\sample-097402.mp3,1
females\sample-097412.mp3,1
females\sample-097423.mp3,1
females\sample-097445.mp3,1
females\sample-097453.mp3,1
females\sample-097465.mp3,1
females\sample-097495.mp3,1
females\sample-097505.mp3,1
females\sample-097509.mp3,1
females\sample-097515.mp3,1
females\sample-097534.mp3,1
females\sample-097545.mp3,1
females\sample-097574.mp3,1
females\sample-097581.mp3,1
females\sample-097617.mp3,1
females\sample-097639.mp3,1
females\sample-097640.mp3,1
females\sample-097659.mp3,1
females\sample-097664.mp3,1
females\sample-097676.mp3,1
females\sample-097695.mp3,1
females\sample-097710.mp3,1
females\sample-097715.mp3,1
females\sample-097722.mp3,1
females\sample-097741.mp3,1
females\sample-097748.mp3,1
females\sample-097749.mp3,1
females\sample-097759.mp3,1
females\sample-097760.mp3,1
females\sample-097773.mp3,1
females\sample-097802.mp3,1
females\sample-097820.mp3,1
females\sample-097835.mp3,1
females\sample-097842.mp3,1
females\sample-097844.mp3,1
females\sample-097845.mp3,1
females\sample-097853.mp3,1
females\sample-097863.mp3,1
females\sample-097864.mp3,1
females\sample-097889.mp3,1
females\sample-097898.mp3,1
females\sample-097900.mp3,1
females\sample-097904.mp3,1
females\sample-097908.mp3,1
females\sample-097929.mp3,1
females\sample-097939.mp3,1
females\sample-097960.mp3,1
females\sample-097993.mp3,1
females\sample-097999.mp3,1
females\sample-098002.mp3,1
females\sample-098003.mp3,1
females\sample-098006.mp3,1
females\sample-098012.mp3,1
females\sample-098017.mp3,1
females\sample-098025.mp3,1
females\sample-098030.mp3,1
females\sample-098044.mp3,1
females\sample-098051.mp3,1
females\sample-098066.mp3,1
females\sample-098069.mp3,1
females\sample-098074.mp3,1
females\sample-098077.mp3,1
females\sample-098084.mp3,1
females\sample-098113.mp3,1
females\sample-098117.mp3,1
females\sample-098134.mp3,1
females\sample-098209.mp3,1
females\sample-098219.mp3,1
females\sample-098229.mp3,1
females\sample-098232.mp3,1
females\sample-098235.mp3,1
females\sample-098240.mp3,1
females\sample-098247.mp3,1
females\sample-098271.mp3,1
females\sample-098273.mp3,1
females\sample-098279.mp3,1
females\sample-098282.mp3,1
females\sample-098295.mp3,1
females\sample-098297.mp3,1
females\sample-098312.mp3,1
females\sample-098334.mp3,1
females\sample-098352.mp3,1
females\sample-098366.mp3,1
females\sample-098384.mp3,1
females\sample-098426.mp3,1
females\sample-098461.mp3,1
females\sample-098465.mp3,1
females\sample-098476.mp3,1
females\sample-098481.mp3,1
females\sample-098483.mp3,1
females\sample-098484.mp3,1
females\sample-098486.mp3,1
females\sample-098496.mp3,1
females\sample-098504.mp3,1
females\sample-098509.mp3,1
females\sample-098514.mp3,1
females\sample-098521.mp3,1
females\sample-098525.mp3,1
females\sample-098534.mp3,1
females\sample-098575.mp3,1
females\sample-098586.mp3,1
females\sample-098616.mp3,1
females\sample-098618.mp3,1
females\sample-098659.mp3,1
females\sample-098679.mp3,1
females\sample-098681.mp3,1
females\sample-098683.mp3,1
females\sample-098687.mp3,1
females\sample-098689.mp3,1
females\sample-098698.mp3,1
females\sample-098758.mp3,1
females\sample-098764.mp3,1
females\sample-098765.mp3,1
females\sample-098766.mp3,1
females\sample-098768.mp3,1
females\sample-098769.mp3,1
females\sample-098776.mp3,1
females\sample-098781.mp3,1
females\sample-098784.mp3,1
females\sample-098787.mp3,1
females\sample-098797.mp3,1
females\sample-098798.mp3,1
females\sample-098809.mp3,1
females\sample-098833.mp3,1
females\sample-098858.mp3,1
females\sample-098863.mp3,1
females\sample-098865.mp3,1
females\sample-098866.mp3,1
females\sample-098869.mp3,1
females\sample-098882.mp3,1
females\sample-098885.mp3,1
females\sample-098896.mp3,1
females\sample-098902.mp3,1
females\sample-098905.mp3,1
females\sample-098914.mp3,1
females\sample-098915.mp3,1
females\sample-098933.mp3,1
females\sample-098958.mp3,1
females\sample-098964.mp3,1
females\sample-098970.mp3,1
females\sample-098971.mp3,1
females\sample-098987.mp3,1
females\sample-099017.mp3,1
females\sample-099070.mp3,1
females\sample-099072.mp3,1
females\sample-099079.mp3,1
females\sample-099080.mp3,1
females\sample-099082.mp3,1
females\sample-099096.mp3,1
females\sample-099100.mp3,1
females\sample-099101.mp3,1
females\sample-099103.mp3,1
females\sample-099133.mp3,1
females\sample-099134.mp3,1
females\sample-099137.mp3,1
females\sample-099142.mp3,1
females\sample-099146.mp3,1
females\sample-099149.mp3,1
females\sample-099174.mp3,1
females\sample-099223.mp3,1
females\sample-099239.mp3,1
females\sample-099249.mp3,1
females\sample-099251.mp3,1
females\sample-099252.mp3,1
females\sample-099263.mp3,1
females\sample-099271.mp3,1
females\sample-099272.mp3,1
females\sample-099281.mp3,1
females\sample-099282.mp3,1
females\sample-099291.mp3,1
females\sample-099326.mp3,1
females\sample-099341.mp3,1
females\sample-099345.mp3,1
females\sample-099366.mp3,1
females\sample-099391.mp3,1
females\sample-099396.mp3,1
females\sample-099403.mp3,1
females\sample-099449.mp3,1
females\sample-099457.mp3,1
females\sample-099481.mp3,1
females\sample-099485.mp3,1
females\sample-099487.mp3,1
females\sample-099497.mp3,1
females\sample-099504.mp3,1
females\sample-099509.mp3,1
females\sample-099527.mp3,1
females\sample-099531.mp3,1
females\sample-099540.mp3,1
females\sample-099547.mp3,1
females\sample-099554.mp3,1
females\sample-099579.mp3,1
females\sample-099592.mp3,1
females\sample-099598.mp3,1
females\sample-099616.mp3,1
females\sample-099641.mp3,1
females\sample-099643.mp3,1
females\sample-099652.mp3,1
females\sample-099659.mp3,1
females\sample-099667.mp3,1
females\sample-099690.mp3,1
females\sample-099703.mp3,1
females\sample-099728.mp3,1
females\sample-099734.mp3,1
females\sample-099739.mp3,1
females\sample-099744.mp3,1
females\sample-099746.mp3,1
females\sample-099752.mp3,1
females\sample-099758.mp3,1
females\sample-099767.mp3,1
females\sample-099769.mp3,1
females\sample-099798.mp3,1
females\sample-099808.mp3,1
females\sample-099815.mp3,1
females\sample-099845.mp3,1
females\sample-099871.mp3,1
females\sample-099872.mp3,1
females\sample-099878.mp3,1
females\sample-099879.mp3,1
females\sample-099881.mp3,1
females\sample-099888.mp3,1
females\sample-099899.mp3,1
females\sample-099917.mp3,1
females\sample-099930.mp3,1
females\sample-099944.mp3,1
females\sample-099946.mp3,1
females\sample-099961.mp3,1
females\sample-099965.mp3,1
females\sample-099968.mp3,1
females\sample-099969.mp3,1
females\sample-099973.mp3,1
females\sample-099984.mp3,1
females\sample-100003.mp3,1
females\sample-100033.mp3,1
females\sample-100043.mp3,1
females\sample-100055.mp3,1
females\sample-100068.mp3,1
females\sample-100090.mp3,1
females\sample-100103.mp3,1
females\sample-100125.mp3,1
females\sample-100131.mp3,1
females\sample-100134.mp3,1
females\sample-100162.mp3,1
females\sample-100172.mp3,1
females\sample-100213.mp3,1
females\sample-100223.mp3,1
females\sample-100243.mp3,1
females\sample-100262.mp3,1
females\sample-100269.mp3,1
females\sample-100273.mp3,1
females\sample-100279.mp3,1
females\sample-100284.mp3,1
females\sample-100285.mp3,1
females\sample-100286.mp3,1
females\sample-100351.mp3,1
females\sample-100359.mp3,1
females\sample-100370.mp3,1
females\sample-100384.mp3,1
females\sample-100390.mp3,1
females\sample-100406.mp3,1
females\sample-100423.mp3,1
females\sample-100428.mp3,1
females\sample-100429.mp3,1
females\sample-100434.mp3,1
females\sample-100456.mp3,1
females\sample-100468.mp3,1
females\sample-100482.mp3,1
females\sample-100491.mp3,1
females\sample-100500.mp3,1
females\sample-100503.mp3,1
females\sample-100560.mp3,1
females\sample-100564.mp3,1
females\sample-100567.mp3,1
females\sample-100578.mp3,1
females\sample-100597.mp3,1
females\sample-100598.mp3,1
females\sample-100629.mp3,1
females\sample-100639.mp3,1
females\sample-100655.mp3,1
females\sample-100662.mp3,1
females\sample-100668.mp3,1
females\sample-100690.mp3,1
females\sample-100701.mp3,1
females\sample-100732.mp3,1
females\sample-100745.mp3,1
females\sample-100750.mp3,1
females\sample-100751.mp3,1
females\sample-100814.mp3,1
females\sample-100824.mp3,1
females\sample-100825.mp3,1
females\sample-100842.mp3,1
females\sample-100852.mp3,1
females\sample-100861.mp3,1
females\sample-100872.mp3,1
females\sample-100881.mp3,1
females\sample-100892.mp3,1
females\sample-100922.mp3,1
females\sample-100948.mp3,1
females\sample-100950.mp3,1
females\sample-100963.mp3,1
females\sample-100970.mp3,1
females\sample-100982.mp3,1
females\sample-100999.mp3,1
females\sample-101008.mp3,1
females\sample-101018.mp3,1
females\sample-101069.mp3,1
females\sample-101072.mp3,1
females\sample-101082.mp3,1
females\sample-101107.mp3,1
females\sample-101111.mp3,1
females\sample-101115.mp3,1
females\sample-101132.mp3,1
females\sample-101147.mp3,1
females\sample-101153.mp3,1
females\sample-101165.mp3,1
females\sample-101170.mp3,1
females\sample-101173.mp3,1
females\sample-101174.mp3,1
females\sample-101178.mp3,1
females\sample-101203.mp3,1
females\sample-101221.mp3,1
females\sample-101247.mp3,1
females\sample-101249.mp3,1
females\sample-101313.mp3,1
females\sample-101328.mp3,1
females\sample-101332.mp3,1
females\sample-101334.mp3,1
females\sample-101335.mp3,1
females\sample-101337.mp3,1
females\sample-101349.mp3,1
females\sample-101357.mp3,1
females\sample-101367.mp3,1
females\sample-101387.mp3,1
females\sample-101393.mp3,1
females\sample-101396.mp3,1
females\sample-101406.mp3,1
females\sample-101415.mp3,1
females\sample-101425.mp3,1
females\sample-101444.mp3,1
females\sample-101472.mp3,1
females\sample-101473.mp3,1
females\sample-101477.mp3,1
females\sample-101483.mp3,1
females\sample-101491.mp3,1
females\sample-101498.mp3,1
females\sample-101504.mp3,1
females\sample-101517.mp3,1
females\sample-101520.mp3,1
females\sample-101525.mp3,1
females\sample-101539.mp3,1
females\sample-101552.mp3,1
females\sample-101561.mp3,1
females\sample-101565.mp3,1
females\sample-101570.mp3,1
females\sample-101574.mp3,1
females\sample-101575.mp3,1
females\sample-101584.mp3,1
females\sample-101601.mp3,1
females\sample-101602.mp3,1
females\sample-101617.mp3,1
females\sample-101628.mp3,1
females\sample-101633.mp3,1
females\sample-101641.mp3,1
females\sample-101652.mp3,1
females\sample-101672.mp3,1
females\sample-101677.mp3,1
females\sample-101690.mp3,1
females\sample-101733.mp3,1
females\sample-101735.mp3,1
females\sample-101738.mp3,1
females\sample-101755.mp3,1
females\sample-101766.mp3,1
females\sample-101771.mp3,1
females\sample-101778.mp3,1
females\sample-101780.mp3,1
females\sample-101788.mp3,1
females\sample-101791.mp3,1
females\sample-101798.mp3,1
females\sample-101824.mp3,1
females\sample-101862.mp3,1
females\sample-101865.mp3,1
females\sample-101875.mp3,1
females\sample-101880.mp3,1
females\sample-101891.mp3,1
females\sample-101927.mp3,1
females\sample-101938.mp3,1
females\sample-101941.mp3,1
females\sample-101946.mp3,1
females\sample-101986.mp3,1
females\sample-101991.mp3,1
females\sample-101998.mp3,1
females\sample-102006.mp3,1
females\sample-102022.mp3,1
females\sample-102037.mp3,1
females\sample-102050.mp3,1
females\sample-102059.mp3,1
females\sample-102091.mp3,1
females\sample-102116.mp3,1
females\sample-102135.mp3,1
females\sample-102156.mp3,1
females\sample-102163.mp3,1
females\sample-102167.mp3,1
females\sample-102176.mp3,1
females\sample-102177.mp3,1
females\sample-102193.mp3,1
females\sample-102198.mp3,1
females\sample-102207.mp3,1
females\sample-102218.mp3,1
females\sample-102223.mp3,1
females\sample-102232.mp3,1
females\sample-102256.mp3,1
females\sample-102262.mp3,1
females\sample-102284.mp3,1
females\sample-102306.mp3,1
females\sample-102317.mp3,1
females\sample-102344.mp3,1
females\sample-102360.mp3,1
females\sample-102367.mp3,1
females\sample-102372.mp3,1
females\sample-102405.mp3,1
females\sample-102411.mp3,1
females\sample-102412.mp3,1
females\sample-102457.mp3,1
females\sample-102463.mp3,1
females\sample-102471.mp3,1
females\sample-102474.mp3,1
females\sample-102507.mp3,1
females\sample-102510.mp3,1
females\sample-102511.mp3,1
females\sample-102513.mp3,1
females\sample-102529.mp3,1
females\sample-102537.mp3,1
females\sample-102548.mp3,1
females\sample-102550.mp3,1
females\sample-102558.mp3,1
females\sample-102570.mp3,1
females\sample-102575.mp3,1
females\sample-102619.mp3,1
females\sample-102627.mp3,1
females\sample-102638.mp3,1
females\sample-102649.mp3,1
females\sample-102673.mp3,1
females\sample-102682.mp3,1
females\sample-102714.mp3,1
females\sample-102720.mp3,1
females\sample-102725.mp3,1
females\sample-102765.mp3,1
females\sample-102770.mp3,1
females\sample-102771.mp3,1
females\sample-102781.mp3,1
females\sample-102786.mp3,1
females\sample-102814.mp3,1
females\sample-102818.mp3,1
females\sample-102825.mp3,1
females\sample-102828.mp3,1
females\sample-102844.mp3,1
females\sample-102854.mp3,1
females\sample-102867.mp3,1
females\sample-102875.mp3,1
females\sample-102893.mp3,1
females\sample-102897.mp3,1
females\sample-102903.mp3,1
females\sample-102905.mp3,1
females\sample-102908.mp3,1
females\sample-102910.mp3,1
females\sample-102917.mp3,1
females\sample-102921.mp3,1
females\sample-102956.mp3,1
females\sample-102975.mp3,1
females\sample-102989.mp3,1
females\sample-103024.mp3,1
females\sample-103060.mp3,1
females\sample-103073.mp3,1
females\sample-103080.mp3,1
females\sample-103088.mp3,1
females\sample-103093.mp3,1
females\sample-103096.mp3,1
females\sample-103113.mp3,1
females\sample-103141.mp3,1
females\sample-103150.mp3,1
females\sample-103158.mp3,1
females\sample-103167.mp3,1
females\sample-103206.mp3,1
females\sample-103214.mp3,1
females\sample-103236.mp3,1
females\sample-103261.mp3,1
females\sample-103282.mp3,1
females\sample-103286.mp3,1
females\sample-103300.mp3,1
females\sample-103317.mp3,1
females\sample-103318.mp3,1
females\sample-103319.mp3,1
females\sample-103342.mp3,1
females\sample-103383.mp3,1
females\sample-103400.mp3,1
females\sample-103417.mp3,1
females\sample-103422.mp3,1
females\sample-103439.mp3,1
females\sample-103458.mp3,1
females\sample-103459.mp3,1
females\sample-103464.mp3,1
females\sample-103476.mp3,1
females\sample-103493.mp3,1
females\sample-103508.mp3,1
females\sample-103516.mp3,1
females\sample-103526.mp3,1
females\sample-103528.mp3,1
females\sample-103532.mp3,1
females\sample-103535.mp3,1
females\sample-103544.mp3,1
females\sample-103546.mp3,1
females\sample-103570.mp3,1
females\sample-103574.mp3,1
females\sample-103580.mp3,1
females\sample-103600.mp3,1
females\sample-103601.mp3,1
females\sample-103612.mp3,1
females\sample-103620.mp3,1
females\sample-103643.mp3,1
females\sample-103664.mp3,1
females\sample-103688.mp3,1
females\sample-103698.mp3,1
females\sample-103702.mp3,1
females\sample-103743.mp3,1
females\sample-103752.mp3,1
females\sample-103759.mp3,1
females\sample-103763.mp3,1
females\sample-103767.mp3,1
females\sample-103780.mp3,1
females\sample-103786.mp3,1
females\sample-103847.mp3,1
females\sample-103859.mp3,1
females\sample-103909.mp3,1
females\sample-103931.mp3,1
females\sample-103932.mp3,1
females\sample-103949.mp3,1
females\sample-103975.mp3,1
females\sample-103980.mp3,1
females\sample-103990.mp3,1
females\sample-103992.mp3,1
females\sample-104015.mp3,1
females\sample-104031.mp3,1
females\sample-104035.mp3,1
females\sample-104051.mp3,1
females\sample-104062.mp3,1
females\sample-104066.mp3,1
females\sample-104100.mp3,1
females\sample-104102.mp3,1
females\sample-104111.mp3,1
females\sample-104134.mp3,1
females\sample-104152.mp3,1
females\sample-104161.mp3,1
females\sample-104176.mp3,1
females\sample-104196.mp3,1
females\sample-104197.mp3,1
females\sample-104203.mp3,1
females\sample-104217.mp3,1
females\sample-104219.mp3,1
females\sample-104233.mp3,1
females\sample-104234.mp3,1
females\sample-104242.mp3,1
females\sample-104244.mp3,1
females\sample-104261.mp3,1
females\sample-104264.mp3,1
females\sample-104280.mp3,1
females\sample-104282.mp3,1
females\sample-104300.mp3,1
females\sample-104305.mp3,1
females\sample-104306.mp3,1
females\sample-104309.mp3,1
females\sample-104310.mp3,1
females\sample-104320.mp3,1
females\sample-104332.mp3,1
females\sample-104333.mp3,1
females\sample-104347.mp3,1
females\sample-104357.mp3,1
females\sample-104374.mp3,1
females\sample-104381.mp3,1
females\sample-104409.mp3,1
females\sample-104423.mp3,1
females\sample-104441.mp3,1
females\sample-104448.mp3,1
females\sample-104450.mp3,1
females\sample-104453.mp3,1
females\sample-104460.mp3,1
females\sample-104464.mp3,1
females\sample-104474.mp3,1
females\sample-104495.mp3,1
females\sample-104497.mp3,1
females\sample-104499.mp3,1
females\sample-104507.mp3,1
females\sample-104513.mp3,1
females\sample-104523.mp3,1
females\sample-104526.mp3,1
females\sample-104547.mp3,1
females\sample-104550.mp3,1
females\sample-104554.mp3,1
females\sample-104558.mp3,1
females\sample-104561.mp3,1
females\sample-104564.mp3,1
females\sample-104594.mp3,1
females\sample-104611.mp3,1
females\sample-104614.mp3,1
females\sample-104615.mp3,1
females\sample-104620.mp3,1
females\sample-104627.mp3,1
females\sample-104630.mp3,1
females\sample-104634.mp3,1
females\sample-104645.mp3,1
females\sample-104646.mp3,1
females\sample-104659.mp3,1
females\sample-104667.mp3,1
females\sample-104668.mp3,1
females\sample-104670.mp3,1
females\sample-104682.mp3,1
females\sample-104695.mp3,1
females\sample-104699.mp3,1
females\sample-104702.mp3,1
females\sample-104706.mp3,1
females\sample-104709.mp3,1
females\sample-104714.mp3,1
females\sample-104718.mp3,1
females\sample-104724.mp3,1
females\sample-104731.mp3,1
females\sample-104740.mp3,1
females\sample-104749.mp3,1
females\sample-104751.mp3,1
females\sample-104767.mp3,1
females\sample-104785.mp3,1
females\sample-104787.mp3,1
females\sample-104804.mp3,1
females\sample-104818.mp3,1
females\sample-104822.mp3,1
females\sample-104843.mp3,1
females\sample-104848.mp3,1
females\sample-104852.mp3,1
females\sample-104881.mp3,1
females\sample-104896.mp3,1
females\sample-104911.mp3,1
females\sample-104916.mp3,1
females\sample-104921.mp3,1
females\sample-104935.mp3,1
females\sample-104942.mp3,1
females\sample-104945.mp3,1
females\sample-104953.mp3,1
females\sample-104957.mp3,1
females\sample-104958.mp3,1
females\sample-104963.mp3,1
females\sample-104995.mp3,1
females\sample-105000.mp3,1
females\sample-105004.mp3,1
females\sample-105012.mp3,1
females\sample-105027.mp3,1
females\sample-105046.mp3,1
females\sample-105067.mp3,1
females\sample-105071.mp3,1
females\sample-105076.mp3,1
females\sample-105110.mp3,1
females\sample-105125.mp3,1
females\sample-105129.mp3,1
females\sample-105135.mp3,1
females\sample-105150.mp3,1
females\sample-105156.mp3,1
females\sample-105160.mp3,1
females\sample-105177.mp3,1
females\sample-105208.mp3,1
females\sample-105211.mp3,1
females\sample-105213.mp3,1
females\sample-105229.mp3,1
females\sample-105230.mp3,1
females\sample-105233.mp3,1
females\sample-105239.mp3,1
females\sample-105242.mp3,1
females\sample-105253.mp3,1
females\sample-105273.mp3,1
females\sample-105288.mp3,1
females\sample-105292.mp3,1
females\sample-105303.mp3,1
females\sample-105341.mp3,1
females\sample-105342.mp3,1
females\sample-105345.mp3,1
females\sample-105359.mp3,1
females\sample-105367.mp3,1
females\sample-105369.mp3,1
females\sample-105380.mp3,1
females\sample-105393.mp3,1
females\sample-105434.mp3,1
females\sample-105439.mp3,1
females\sample-105444.mp3,1
females\sample-105470.mp3,1
females\sample-105478.mp3,1
females\sample-105490.mp3,1
females\sample-105491.mp3,1
females\sample-105516.mp3,1
females\sample-105518.mp3,1
females\sample-105535.mp3,1
females\sample-105551.mp3,1
females\sample-105552.mp3,1
females\sample-105562.mp3,1
females\sample-105565.mp3,1
females\sample-105595.mp3,1
females\sample-105601.mp3,1
females\sample-105608.mp3,1
females\sample-105618.mp3,1
females\sample-105627.mp3,1
females\sample-105644.mp3,1
females\sample-105646.mp3,1
females\sample-105683.mp3,1
females\sample-105716.mp3,1
females\sample-105723.mp3,1
females\sample-105784.mp3,1
females\sample-105793.mp3,1
females\sample-105813.mp3,1
females\sample-105814.mp3,1
females\sample-105820.mp3,1
females\sample-105833.mp3,1
females\sample-105850.mp3,1
females\sample-105869.mp3,1
females\sample-105882.mp3,1
females\sample-105884.mp3,1
females\sample-105892.mp3,1
females\sample-105894.mp3,1
females\sample-105904.mp3,1
females\sample-105919.mp3,1
females\sample-105939.mp3,1
females\sample-105944.mp3,1
females\sample-105949.mp3,1
females\sample-105950.mp3,1
females\sample-105952.mp3,1
females\sample-105953.mp3,1
females\sample-105966.mp3,1
females\sample-105967.mp3,1
females\sample-105985.mp3,1
females\sample-106008.mp3,1
females\sample-106032.mp3,1
females\sample-106036.mp3,1
females\sample-106050.mp3,1
females\sample-106063.mp3,1
females\sample-106066.mp3,1
females\sample-106072.mp3,1
females\sample-106083.mp3,1
females\sample-106114.mp3,1
females\sample-106135.mp3,1
females\sample-106162.mp3,1
females\sample-106163.mp3,1
females\sample-106169.mp3,1
females\sample-106170.mp3,1
females\sample-106175.mp3,1
females\sample-106187.mp3,1
females\sample-106193.mp3,1
females\sample-106201.mp3,1
females\sample-106217.mp3,1
females\sample-106229.mp3,1
females\sample-106230.mp3,1
females\sample-106234.mp3,1
females\sample-106285.mp3,1
females\sample-106299.mp3,1
females\sample-106306.mp3,1
females\sample-106316.mp3,1
females\sample-106330.mp3,1
females\sample-106334.mp3,1
females\sample-106337.mp3,1
females\sample-106341.mp3,1
females\sample-106356.mp3,1
females\sample-106357.mp3,1
females\sample-106372.mp3,1
females\sample-106428.mp3,1
females\sample-106439.mp3,1
females\sample-106441.mp3,1
females\sample-106446.mp3,1
females\sample-106465.mp3,1
females\sample-106469.mp3,1
females\sample-106477.mp3,1
females\sample-106487.mp3,1
females\sample-106502.mp3,1
females\sample-106518.mp3,1
females\sample-106534.mp3,1
females\sample-106542.mp3,1
females\sample-106543.mp3,1
females\sample-106547.mp3,1
females\sample-106549.mp3,1
females\sample-106561.mp3,1
females\sample-106562.mp3,1
females\sample-106577.mp3,1
females\sample-106583.mp3,1
females\sample-106586.mp3,1
females\sample-106588.mp3,1
females\sample-106618.mp3,1
females\sample-106624.mp3,1
females\sample-106625.mp3,1
females\sample-106665.mp3,1
females\sample-106667.mp3,1
females\sample-106677.mp3,1
females\sample-106698.mp3,1
females\sample-106714.mp3,1
females\sample-106718.mp3,1
females\sample-106733.mp3,1
females\sample-106741.mp3,1
females\sample-106749.mp3,1
females\sample-106755.mp3,1
females\sample-106792.mp3,1
females\sample-106794.mp3,1
females\sample-106797.mp3,1
females\sample-106804.mp3,1
females\sample-106809.mp3,1
females\sample-106830.mp3,1
females\sample-106840.mp3,1
females\sample-106851.mp3,1
females\sample-106858.mp3,1
females\sample-106867.mp3,1
females\sample-106887.mp3,1
females\sample-106889.mp3,1
females\sample-106899.mp3,1
females\sample-106913.mp3,1
females\sample-106916.mp3,1
females\sample-106923.mp3,1
females\sample-106931.mp3,1
females\sample-106934.mp3,1
females\sample-106973.mp3,1
females\sample-106978.mp3,1
females\sample-107001.mp3,1
females\sample-107029.mp3,1
females\sample-107030.mp3,1
females\sample-107056.mp3,1
females\sample-107082.mp3,1
females\sample-107086.mp3,1
females\sample-107114.mp3,1
females\sample-107125.mp3,1
females\sample-107128.mp3,1
females\sample-107133.mp3,1
females\sample-107147.mp3,1
females\sample-107158.mp3,1
females\sample-107163.mp3,1
females\sample-107181.mp3,1
females\sample-107193.mp3,1
females\sample-107214.mp3,1
females\sample-107251.mp3,1
females\sample-107263.mp3,1
females\sample-107287.mp3,1
females\sample-107289.mp3,1
females\sample-107322.mp3,1
females\sample-107324.mp3,1
females\sample-107337.mp3,1
females\sample-107358.mp3,1
females\sample-107369.mp3,1
females\sample-107380.mp3,1
females\sample-107388.mp3,1
females\sample-107398.mp3,1
females\sample-107446.mp3,1
females\sample-107467.mp3,1
females\sample-107471.mp3,1
females\sample-107476.mp3,1
females\sample-107495.mp3,1
females\sample-107496.mp3,1
females\sample-107528.mp3,1
females\sample-107531.mp3,1
females\sample-107532.mp3,1
females\sample-107539.mp3,1
females\sample-107548.mp3,1
females\sample-107573.mp3,1
females\sample-107588.mp3,1
females\sample-107606.mp3,1
females\sample-107624.mp3,1
females\sample-107639.mp3,1
females\sample-107658.mp3,1
females\sample-107661.mp3,1
females\sample-107663.mp3,1
females\sample-107688.mp3,1
females\sample-107710.mp3,1
females\sample-107743.mp3,1
females\sample-107749.mp3,1
females\sample-107770.mp3,1
females\sample-107771.mp3,1
females\sample-107776.mp3,1
females\sample-107779.mp3,1
females\sample-107782.mp3,1
females\sample-107786.mp3,1
females\sample-107787.mp3,1
females\sample-107801.mp3,1
females\sample-107803.mp3,1
females\sample-107809.mp3,1
females\sample-107814.mp3,1
females\sample-107836.mp3,1
females\sample-107842.mp3,1
females\sample-107854.mp3,1
females\sample-107860.mp3,1
females\sample-107880.mp3,1
females\sample-107886.mp3,1
females\sample-107887.mp3,1
females\sample-107912.mp3,1
females\sample-107918.mp3,1
females\sample-107976.mp3,1
females\sample-107987.mp3,1
females\sample-107988.mp3,1
females\sample-107989.mp3,1
females\sample-107992.mp3,1
females\sample-107995.mp3,1
females\sample-108023.mp3,1
females\sample-108025.mp3,1
females\sample-108031.mp3,1
females\sample-108037.mp3,1
females\sample-108057.mp3,1
females\sample-108060.mp3,1
females\sample-108063.mp3,1
females\sample-108071.mp3,1
females\sample-108074.mp3,1
females\sample-108115.mp3,1
females\sample-108119.mp3,1
females\sample-108153.mp3,1
females\sample-108156.mp3,1
females\sample-108161.mp3,1
females\sample-108173.mp3,1
females\sample-108174.mp3,1
females\sample-108185.mp3,1
females\sample-108190.mp3,1
females\sample-108200.mp3,1
females\sample-108236.mp3,1
females\sample-108237.mp3,1
females\sample-108241.mp3,1
females\sample-108242.mp3,1
females\sample-108248.mp3,1
females\sample-108300.mp3,1
females\sample-108310.mp3,1
females\sample-108350.mp3,1
females\sample-108356.mp3,1
females\sample-108375.mp3,1
females\sample-108386.mp3,1
females\sample-108390.mp3,1
females\sample-108392.mp3,1
females\sample-108417.mp3,1
females\sample-108426.mp3,1
females\sample-108439.mp3,1
females\sample-108446.mp3,1
females\sample-108447.mp3,1
females\sample-108459.mp3,1
females\sample-108468.mp3,1
females\sample-108469.mp3,1
females\sample-108471.mp3,1
females\sample-108507.mp3,1
females\sample-108508.mp3,1
females\sample-108517.mp3,1
females\sample-108524.mp3,1
females\sample-108526.mp3,1
females\sample-108537.mp3,1
females\sample-108539.mp3,1
females\sample-108549.mp3,1
females\sample-108558.mp3,1
females\sample-108586.mp3,1
females\sample-108590.mp3,1
females\sample-108594.mp3,1
females\sample-108613.mp3,1
females\sample-108620.mp3,1
females\sample-108623.mp3,1
females\sample-108692.mp3,1
females\sample-108695.mp3,1
females\sample-108708.mp3,1
females\sample-108721.mp3,1
females\sample-108764.mp3,1
females\sample-108770.mp3,1
females\sample-108775.mp3,1
females\sample-108782.mp3,1
females\sample-108803.mp3,1
females\sample-108811.mp3,1
females\sample-108853.mp3,1
females\sample-108887.mp3,1
females\sample-108923.mp3,1
females\sample-108932.mp3,1
females\sample-108939.mp3,1
females\sample-108952.mp3,1
females\sample-108954.mp3,1
females\sample-108958.mp3,1
females\sample-108972.mp3,1
females\sample-108975.mp3,1
females\sample-108981.mp3,1
females\sample-109000.mp3,1
females\sample-109016.mp3,1
females\sample-109021.mp3,1
females\sample-109049.mp3,1
females\sample-109050.mp3,1
females\sample-109052.mp3,1
females\sample-109056.mp3,1
females\sample-109076.mp3,1
females\sample-109094.mp3,1
females\sample-109100.mp3,1
females\sample-109117.mp3,1
females\sample-109122.mp3,1
females\sample-109123.mp3,1
females\sample-109163.mp3,1
females\sample-109169.mp3,1
females\sample-109171.mp3,1
females\sample-109190.mp3,1
females\sample-109200.mp3,1
females\sample-109212.mp3,1
females\sample-109215.mp3,1
females\sample-109224.mp3,1
females\sample-109230.mp3,1
females\sample-109251.mp3,1
females\sample-109260.mp3,1
females\sample-109263.mp3,1
females\sample-109264.mp3,1
females\sample-109265.mp3,1
females\sample-109275.mp3,1
females\sample-109277.mp3,1
females\sample-109294.mp3,1
females\sample-109295.mp3,1
females\sample-109303.mp3,1
females\sample-109309.mp3,1
females\sample-109313.mp3,1
females\sample-109323.mp3,1
females\sample-109328.mp3,1
females\sample-109342.mp3,1
females\sample-109344.mp3,1
females\sample-109353.mp3,1
females\sample-109354.mp3,1
females\sample-109395.mp3,1
females\sample-109401.mp3,1
females\sample-109406.mp3,1
females\sample-109421.mp3,1
females\sample-109422.mp3,1
females\sample-109437.mp3,1
females\sample-109448.mp3,1
females\sample-109463.mp3,1
females\sample-109471.mp3,1
females\sample-109493.mp3,1
females\sample-109509.mp3,1
females\sample-109520.mp3,1
females\sample-109526.mp3,1
females\sample-109534.mp3,1
females\sample-109542.mp3,1
females\sample-109557.mp3,1
females\sample-109562.mp3,1
females\sample-109574.mp3,1
females\sample-109582.mp3,1
females\sample-109591.mp3,1
females\sample-109608.mp3,1
females\sample-109610.mp3,1
females\sample-109634.mp3,1
females\sample-109656.mp3,1
females\sample-109665.mp3,1
females\sample-109666.mp3,1
females\sample-109680.mp3,1
females\sample-109682.mp3,1
females\sample-109707.mp3,1
females\sample-109730.mp3,1
females\sample-109741.mp3,1
females\sample-109746.mp3,1
females\sample-109753.mp3,1
females\sample-109765.mp3,1
females\sample-109768.mp3,1
females\sample-109772.mp3,1
females\sample-109774.mp3,1
females\sample-109776.mp3,1
females\sample-109784.mp3,1
females\sample-109785.mp3,1
females\sample-109791.mp3,1
females\sample-109797.mp3,1
females\sample-109798.mp3,1
females\sample-109825.mp3,1
females\sample-109840.mp3,1
females\sample-109841.mp3,1
females\sample-109848.mp3,1
females\sample-109878.mp3,1
females\sample-109898.mp3,1
females\sample-109911.mp3,1
females\sample-109917.mp3,1
females\sample-109922.mp3,1
females\sample-109942.mp3,1
females\sample-109944.mp3,1
females\sample-109957.mp3,1
females\sample-109971.mp3,1
females\sample-109974.mp3,1
females\sample-109990.mp3,1
females\sample-110009.mp3,1
females\sample-110010.mp3,1
females\sample-110021.mp3,1
females\sample-110049.mp3,1
females\sample-110059.mp3,1
females\sample-110060.mp3,1
females\sample-110084.mp3,1
females\sample-110089.mp3,1
females\sample-110091.mp3,1
females\sample-110112.mp3,1
females\sample-110148.mp3,1
females\sample-110180.mp3,1
females\sample-110183.mp3,1
females\sample-110184.mp3,1
females\sample-110197.mp3,1
females\sample-110201.mp3,1
females\sample-110202.mp3,1
females\sample-110203.mp3,1
females\sample-110222.mp3,1
females\sample-110223.mp3,1
females\sample-110227.mp3,1
females\sample-110241.mp3,1
females\sample-110274.mp3,1
females\sample-110281.mp3,1
females\sample-110283.mp3,1
females\sample-110289.mp3,1
females\sample-110299.mp3,1
females\sample-110300.mp3,1
females\sample-110311.mp3,1
females\sample-110332.mp3,1
females\sample-110336.mp3,1
females\sample-110344.mp3,1
females\sample-110345.mp3,1
females\sample-110355.mp3,1
females\sample-110360.mp3,1
females\sample-110379.mp3,1
females\sample-110392.mp3,1
females\sample-110395.mp3,1
females\sample-110429.mp3,1
females\sample-110437.mp3,1
females\sample-110438.mp3,1
females\sample-110462.mp3,1
females\sample-110465.mp3,1
females\sample-110485.mp3,1
females\sample-110512.mp3,1
females\sample-110515.mp3,1
females\sample-110527.mp3,1
females\sample-110529.mp3,1
females\sample-110555.mp3,1
females\sample-110565.mp3,1
females\sample-110582.mp3,1
females\sample-110589.mp3,1
females\sample-110590.mp3,1
females\sample-110619.mp3,1
females\sample-110705.mp3,1
females\sample-110715.mp3,1
females\sample-110731.mp3,1
females\sample-110733.mp3,1
females\sample-110735.mp3,1
females\sample-110753.mp3,1
females\sample-110758.mp3,1
females\sample-110761.mp3,1
females\sample-110786.mp3,1
females\sample-110802.mp3,1
females\sample-110813.mp3,1
females\sample-110823.mp3,1
females\sample-110829.mp3,1
females\sample-110830.mp3,1
females\sample-110836.mp3,1
females\sample-110845.mp3,1
females\sample-110851.mp3,1
females\sample-110852.mp3,1
females\sample-110858.mp3,1
females\sample-110865.mp3,1
females\sample-110869.mp3,1
females\sample-110891.mp3,1
females\sample-110902.mp3,1
females\sample-110931.mp3,1
females\sample-110932.mp3,1
females\sample-110954.mp3,1
females\sample-110957.mp3,1
females\sample-110974.mp3,1
females\sample-110988.mp3,1
females\sample-111000.mp3,1
females\sample-111001.mp3,1
females\sample-111020.mp3,1
females\sample-111061.mp3,1
females\sample-111069.mp3,1
females\sample-111077.mp3,1
females\sample-111078.mp3,1
females\sample-111082.mp3,1
females\sample-111087.mp3,1
females\sample-111100.mp3,1
females\sample-111106.mp3,1
females\sample-111112.mp3,1
females\sample-111116.mp3,1
females\sample-111123.mp3,1
females\sample-111134.mp3,1
females\sample-111142.mp3,1
females\sample-111160.mp3,1
females\sample-111192.mp3,1
females\sample-111212.mp3,1
females\sample-111223.mp3,1
females\sample-111233.mp3,1
females\sample-111237.mp3,1
females\sample-111273.mp3,1
females\sample-111278.mp3,1
females\sample-111284.mp3,1
females\sample-111295.mp3,1
females\sample-111316.mp3,1
females\sample-111325.mp3,1
females\sample-111342.mp3,1
females\sample-111381.mp3,1
females\sample-111390.mp3,1
females\sample-111414.mp3,1
females\sample-111422.mp3,1
females\sample-111423.mp3,1
females\sample-111473.mp3,1
females\sample-111484.mp3,1
females\sample-111490.mp3,1
females\sample-111500.mp3,1
females\sample-111518.mp3,1
females\sample-111527.mp3,1
females\sample-111542.mp3,1
females\sample-111549.mp3,1
females\sample-111550.mp3,1
females\sample-111593.mp3,1
females\sample-111609.mp3,1
females\sample-111620.mp3,1
females\sample-111645.mp3,1
females\sample-111649.mp3,1
females\sample-111658.mp3,1
females\sample-111680.mp3,1
females\sample-111681.mp3,1
females\sample-111708.mp3,1
females\sample-111734.mp3,1
females\sample-111782.mp3,1
females\sample-111855.mp3,1
females\sample-111888.mp3,1
females\sample-111918.mp3,1
females\sample-111932.mp3,1
females\sample-111959.mp3,1
females\sample-111975.mp3,1
females\sample-111980.mp3,1
females\sample-111984.mp3,1
females\sample-111987.mp3,1
females\sample-111990.mp3,1
females\sample-111991.mp3,1
females\sample-112004.mp3,1
females\sample-112005.mp3,1
females\sample-112014.mp3,1
females\sample-112020.mp3,1
females\sample-112022.mp3,1
females\sample-112023.mp3,1
females\sample-112031.mp3,1
females\sample-112035.mp3,1
females\sample-112058.mp3,1
females\sample-112066.mp3,1
females\sample-112068.mp3,1
females\sample-112074.mp3,1
females\sample-112080.mp3,1
females\sample-112084.mp3,1
females\sample-112102.mp3,1
females\sample-112114.mp3,1
females\sample-112120.mp3,1
females\sample-112122.mp3,1
females\sample-112126.mp3,1
females\sample-112139.mp3,1
females\sample-112145.mp3,1
females\sample-112146.mp3,1
females\sample-112159.mp3,1
females\sample-112160.mp3,1
females\sample-112175.mp3,1
females\sample-112183.mp3,1
females\sample-112186.mp3,1
females\sample-112200.mp3,1
females\sample-112212.mp3,1
females\sample-112217.mp3,1
females\sample-112227.mp3,1
females\sample-112244.mp3,1
females\sample-112256.mp3,1
females\sample-112273.mp3,1
females\sample-112285.mp3,1
females\sample-112286.mp3,1
females\sample-112296.mp3,1
females\sample-112309.mp3,1
females\sample-112372.mp3,1
females\sample-112373.mp3,1
females\sample-112381.mp3,1
females\sample-112386.mp3,1
females\sample-112388.mp3,1
females\sample-112395.mp3,1
females\sample-112420.mp3,1
females\sample-112421.mp3,1
females\sample-112432.mp3,1
females\sample-112434.mp3,1
females\sample-112437.mp3,1
females\sample-112445.mp3,1
females\sample-112452.mp3,1
females\sample-112455.mp3,1
females\sample-112467.mp3,1
females\sample-112476.mp3,1
females\sample-112496.mp3,1
females\sample-112520.mp3,1
females\sample-112527.mp3,1
females\sample-112554.mp3,1
females\sample-112555.mp3,1
females\sample-112562.mp3,1
females\sample-112563.mp3,1
females\sample-112615.mp3,1
females\sample-112616.mp3,1
females\sample-112620.mp3,1
females\sample-112638.mp3,1
females\sample-112641.mp3,1
females\sample-112642.mp3,1
females\sample-112644.mp3,1
females\sample-112663.mp3,1
females\sample-112664.mp3,1
females\sample-112666.mp3,1
females\sample-112671.mp3,1
females\sample-112672.mp3,1
females\sample-112680.mp3,1
females\sample-112715.mp3,1
females\sample-112728.mp3,1
females\sample-112761.mp3,1
females\sample-112767.mp3,1
females\sample-112771.mp3,1
females\sample-112791.mp3,1
females\sample-112799.mp3,1
females\sample-112805.mp3,1
females\sample-112816.mp3,1
females\sample-112846.mp3,1
females\sample-112856.mp3,1
females\sample-112859.mp3,1
females\sample-112875.mp3,1
females\sample-112877.mp3,1
females\sample-112883.mp3,1
females\sample-112893.mp3,1
females\sample-112899.mp3,1
females\sample-112917.mp3,1
females\sample-112919.mp3,1
females\sample-112926.mp3,1
females\sample-112940.mp3,1
females\sample-112952.mp3,1
females\sample-112956.mp3,1
females\sample-112962.mp3,1
females\sample-112969.mp3,1
females\sample-112972.mp3,1
females\sample-112978.mp3,1
females\sample-112983.mp3,1
females\sample-112986.mp3,1
females\sample-112987.mp3,1
females\sample-112991.mp3,1
females\sample-113019.mp3,1
females\sample-113033.mp3,1
females\sample-113036.mp3,1
females\sample-113063.mp3,1
females\sample-113088.mp3,1
females\sample-113103.mp3,1
females\sample-113109.mp3,1
females\sample-113115.mp3,1
females\sample-113135.mp3,1
females\sample-113140.mp3,1
females\sample-113164.mp3,1
females\sample-113175.mp3,1
females\sample-113186.mp3,1
females\sample-113254.mp3,1
females\sample-113257.mp3,1
females\sample-113260.mp3,1
females\sample-113263.mp3,1
females\sample-113273.mp3,1
females\sample-113297.mp3,1
females\sample-113312.mp3,1
females\sample-113362.mp3,1
females\sample-113370.mp3,1
females\sample-113390.mp3,1
females\sample-113397.mp3,1
females\sample-113429.mp3,1
females\sample-113431.mp3,1
females\sample-113433.mp3,1
females\sample-113449.mp3,1
females\sample-113460.mp3,1
females\sample-113473.mp3,1
females\sample-113513.mp3,1
females\sample-113539.mp3,1
females\sample-113543.mp3,1
females\sample-113566.mp3,1
females\sample-113570.mp3,1
females\sample-113579.mp3,1
females\sample-113586.mp3,1
females\sample-113607.mp3,1
females\sample-113611.mp3,1
females\sample-113612.mp3,1
females\sample-113619.mp3,1
females\sample-113623.mp3,1
females\sample-113628.mp3,1
females\sample-113629.mp3,1
females\sample-113632.mp3,1
females\sample-113668.mp3,1
females\sample-113691.mp3,1
females\sample-113693.mp3,1
females\sample-113732.mp3,1
females\sample-113737.mp3,1
females\sample-113740.mp3,1
females\sample-113792.mp3,1
females\sample-113800.mp3,1
females\sample-113804.mp3,1
females\sample-113805.mp3,1
females\sample-113809.mp3,1
females\sample-113852.mp3,1
females\sample-113853.mp3,1
females\sample-113883.mp3,1
females\sample-113891.mp3,1
females\sample-113900.mp3,1
females\sample-113902.mp3,1
females\sample-113923.mp3,1
females\sample-113926.mp3,1
females\sample-113953.mp3,1
females\sample-113971.mp3,1
females\sample-113974.mp3,1
females\sample-113978.mp3,1
females\sample-113979.mp3,1
females\sample-113988.mp3,1
females\sample-114001.mp3,1
females\sample-114027.mp3,1
females\sample-114028.mp3,1
females\sample-114062.mp3,1
females\sample-114072.mp3,1
females\sample-114075.mp3,1
females\sample-114098.mp3,1
females\sample-114099.mp3,1
females\sample-114108.mp3,1
females\sample-114112.mp3,1
females\sample-114114.mp3,1
females\sample-114118.mp3,1
females\sample-114131.mp3,1
females\sample-114155.mp3,1
females\sample-114163.mp3,1
females\sample-114165.mp3,1
females\sample-114179.mp3,1
females\sample-114181.mp3,1
females\sample-114183.mp3,1
females\sample-114213.mp3,1
females\sample-114232.mp3,1
females\sample-114253.mp3,1
females\sample-114258.mp3,1
females\sample-114286.mp3,1
females\sample-114300.mp3,1
females\sample-114316.mp3,1
females\sample-114322.mp3,1
females\sample-114333.mp3,1
females\sample-114334.mp3,1
females\sample-114339.mp3,1
females\sample-114342.mp3,1
females\sample-114355.mp3,1
females\sample-114361.mp3,1
females\sample-114366.mp3,1
females\sample-114374.mp3,1
females\sample-114389.mp3,1
females\sample-114397.mp3,1
females\sample-114401.mp3,1
females\sample-114413.mp3,1
females\sample-114417.mp3,1
females\sample-114435.mp3,1
females\sample-114478.mp3,1
females\sample-114482.mp3,1
females\sample-114513.mp3,1
females\sample-114517.mp3,1
females\sample-114534.mp3,1
females\sample-114538.mp3,1
females\sample-114543.mp3,1
females\sample-114550.mp3,1
females\sample-114564.mp3,1
females\sample-114565.mp3,1
females\sample-114579.mp3,1
females\sample-114580.mp3,1
females\sample-114586.mp3,1
females\sample-114590.mp3,1
females\sample-114594.mp3,1
females\sample-114612.mp3,1
females\sample-114632.mp3,1
females\sample-114646.mp3,1
females\sample-114653.mp3,1
females\sample-114685.mp3,1
females\sample-114700.mp3,1
females\sample-114702.mp3,1
females\sample-114703.mp3,1
females\sample-114708.mp3,1
females\sample-114721.mp3,1
females\sample-114728.mp3,1
females\sample-114729.mp3,1
females\sample-114742.mp3,1
females\sample-114747.mp3,1
females\sample-114755.mp3,1
females\sample-114778.mp3,1
females\sample-114783.mp3,1
females\sample-114784.mp3,1
females\sample-114789.mp3,1
females\sample-114790.mp3,1
females\sample-114799.mp3,1
females\sample-114816.mp3,1
females\sample-114820.mp3,1
females\sample-114824.mp3,1
females\sample-114846.mp3,1
females\sample-114855.mp3,1
females\sample-114861.mp3,1
females\sample-114880.mp3,1
females\sample-114888.mp3,1
females\sample-114896.mp3,1
females\sample-114911.mp3,1
females\sample-114915.mp3,1
females\sample-114922.mp3,1
females\sample-114937.mp3,1
females\sample-114949.mp3,1
females\sample-114956.mp3,1
females\sample-114958.mp3,1
females\sample-114968.mp3,1
females\sample-114971.mp3,1
females\sample-114982.mp3,1
females\sample-115002.mp3,1
females\sample-115013.mp3,1
females\sample-115019.mp3,1
females\sample-115051.mp3,1
females\sample-115054.mp3,1
females\sample-115060.mp3,1
females\sample-115061.mp3,1
females\sample-115076.mp3,1
females\sample-115079.mp3,1
females\sample-115091.mp3,1
females\sample-115097.mp3,1
females\sample-115107.mp3,1
females\sample-115108.mp3,1
females\sample-115110.mp3,1
females\sample-115119.mp3,1
females\sample-115122.mp3,1
females\sample-115124.mp3,1
females\sample-115156.mp3,1
females\sample-115171.mp3,1
females\sample-115173.mp3,1
females\sample-115196.mp3,1
females\sample-115204.mp3,1
females\sample-115213.mp3,1
females\sample-115220.mp3,1
females\sample-115225.mp3,1
females\sample-115230.mp3,1
females\sample-115242.mp3,1
females\sample-115243.mp3,1
females\sample-115248.mp3,1
females\sample-115260.mp3,1
females\sample-115266.mp3,1
females\sample-115281.mp3,1
females\sample-115289.mp3,1
females\sample-115299.mp3,1
females\sample-115310.mp3,1
females\sample-115316.mp3,1
females\sample-115324.mp3,1
females\sample-115331.mp3,1
females\sample-115339.mp3,1
females\sample-115344.mp3,1
females\sample-115357.mp3,1
females\sample-115363.mp3,1
females\sample-115384.mp3,1
females\sample-115386.mp3,1
females\sample-115394.mp3,1
females\sample-115395.mp3,1
females\sample-115403.mp3,1
females\sample-115414.mp3,1
females\sample-115425.mp3,1
females\sample-115426.mp3,1
females\sample-115433.mp3,1
females\sample-115434.mp3,1
females\sample-115454.mp3,1
females\sample-115469.mp3,1
females\sample-115478.mp3,1
females\sample-115479.mp3,1
females\sample-115490.mp3,1
females\sample-115492.mp3,1
females\sample-115505.mp3,1
females\sample-115508.mp3,1
females\sample-115510.mp3,1
females\sample-115520.mp3,1
females\sample-115531.mp3,1
females\sample-115552.mp3,1
females\sample-115573.mp3,1
females\sample-115583.mp3,1
females\sample-115606.mp3,1
females\sample-115625.mp3,1
females\sample-115631.mp3,1
females\sample-115644.mp3,1
females\sample-115651.mp3,1
females\sample-115668.mp3,1
females\sample-115670.mp3,1
females\sample-115671.mp3,1
females\sample-115672.mp3,1
females\sample-115673.mp3,1
females\sample-115702.mp3,1
females\sample-115716.mp3,1
females\sample-115736.mp3,1
females\sample-115737.mp3,1
females\sample-115749.mp3,1
females\sample-115758.mp3,1
females\sample-115768.mp3,1
females\sample-115771.mp3,1
females\sample-115779.mp3,1
females\sample-115800.mp3,1
females\sample-115804.mp3,1
females\sample-115812.mp3,1
females\sample-115813.mp3,1
females\sample-115814.mp3,1
females\sample-115815.mp3,1
females\sample-115820.mp3,1
females\sample-115824.mp3,1
females\sample-115826.mp3,1
females\sample-115835.mp3,1
females\sample-115858.mp3,1
females\sample-115861.mp3,1
females\sample-115866.mp3,1
females\sample-115871.mp3,1
females\sample-115880.mp3,1
females\sample-115884.mp3,1
females\sample-115888.mp3,1
females\sample-115900.mp3,1
females\sample-115921.mp3,1
females\sample-115925.mp3,1
females\sample-115957.mp3,1
females\sample-115972.mp3,1
females\sample-115981.mp3,1
females\sample-115988.mp3,1
females\sample-115994.mp3,1
females\sample-116008.mp3,1
females\sample-116012.mp3,1
females\sample-116013.mp3,1
females\sample-116029.mp3,1
females\sample-116049.mp3,1
females\sample-116059.mp3,1
females\sample-116061.mp3,1
females\sample-116075.mp3,1
females\sample-116078.mp3,1
females\sample-116079.mp3,1
females\sample-116087.mp3,1
females\sample-116089.mp3,1
females\sample-116091.mp3,1
females\sample-116101.mp3,1
females\sample-116130.mp3,1
females\sample-116136.mp3,1
females\sample-116158.mp3,1
females\sample-116159.mp3,1
females\sample-116166.mp3,1
females\sample-116170.mp3,1
females\sample-116171.mp3,1
females\sample-116197.mp3,1
females\sample-116231.mp3,1
females\sample-116238.mp3,1
females\sample-116239.mp3,1
females\sample-116267.mp3,1
females\sample-116270.mp3,1
females\sample-116271.mp3,1
females\sample-116276.mp3,1
females\sample-116327.mp3,1
females\sample-116333.mp3,1
females\sample-116343.mp3,1
females\sample-116378.mp3,1
females\sample-116395.mp3,1
females\sample-116396.mp3,1
females\sample-116411.mp3,1
females\sample-116412.mp3,1
females\sample-116419.mp3,1
females\sample-116428.mp3,1
females\sample-116439.mp3,1
females\sample-116440.mp3,1
females\sample-116449.mp3,1
females\sample-116463.mp3,1
females\sample-116469.mp3,1
females\sample-116487.mp3,1
females\sample-116503.mp3,1
females\sample-116504.mp3,1
females\sample-116505.mp3,1
females\sample-116512.mp3,1
females\sample-116516.mp3,1
females\sample-116517.mp3,1
females\sample-116523.mp3,1
females\sample-116526.mp3,1
females\sample-116544.mp3,1
females\sample-116555.mp3,1
females\sample-116558.mp3,1
females\sample-116561.mp3,1
females\sample-116565.mp3,1
females\sample-116569.mp3,1
females\sample-116593.mp3,1
females\sample-116611.mp3,1
females\sample-116625.mp3,1
females\sample-116634.mp3,1
females\sample-116650.mp3,1
females\sample-116657.mp3,1
females\sample-116685.mp3,1
females\sample-116694.mp3,1
females\sample-116697.mp3,1
females\sample-116718.mp3,1
females\sample-116730.mp3,1
females\sample-116735.mp3,1
females\sample-116738.mp3,1
females\sample-116749.mp3,1
females\sample-116756.mp3,1
females\sample-116775.mp3,1
females\sample-116821.mp3,1
females\sample-116822.mp3,1
females\sample-116839.mp3,1
females\sample-116849.mp3,1
females\sample-116910.mp3,1
females\sample-116921.mp3,1
females\sample-116924.mp3,1
females\sample-116928.mp3,1
females\sample-116929.mp3,1
females\sample-116930.mp3,1
females\sample-116972.mp3,1
females\sample-116981.mp3,1
females\sample-116983.mp3,1
females\sample-117012.mp3,1
females\sample-117017.mp3,1
females\sample-117026.mp3,1
females\sample-117035.mp3,1
females\sample-117047.mp3,1
females\sample-117059.mp3,1
females\sample-117073.mp3,1
females\sample-117081.mp3,1
females\sample-117091.mp3,1
females\sample-117102.mp3,1
females\sample-117105.mp3,1
females\sample-117193.mp3,1
females\sample-117209.mp3,1
females\sample-117214.mp3,1
females\sample-117240.mp3,1
females\sample-117258.mp3,1
females\sample-117270.mp3,1
females\sample-117278.mp3,1
females\sample-117302.mp3,1
females\sample-117309.mp3,1
females\sample-117338.mp3,1
females\sample-117341.mp3,1
females\sample-117362.mp3,1
females\sample-117366.mp3,1
females\sample-117377.mp3,1
females\sample-117379.mp3,1
females\sample-117389.mp3,1
females\sample-117404.mp3,1
females\sample-117406.mp3,1
females\sample-117410.mp3,1
females\sample-117426.mp3,1
females\sample-117440.mp3,1
females\sample-117452.mp3,1
females\sample-117466.mp3,1
females\sample-117468.mp3,1
females\sample-117469.mp3,1
females\sample-117472.mp3,1
females\sample-117481.mp3,1
females\sample-117488.mp3,1
females\sample-117521.mp3,1
females\sample-117529.mp3,1
females\sample-117590.mp3,1
females\sample-117606.mp3,1
females\sample-117608.mp3,1
females\sample-117611.mp3,1
females\sample-117626.mp3,1
females\sample-117627.mp3,1
females\sample-117639.mp3,1
females\sample-117642.mp3,1
females\sample-117643.mp3,1
females\sample-117649.mp3,1
females\sample-117653.mp3,1
females\sample-117661.mp3,1
females\sample-117662.mp3,1
females\sample-117679.mp3,1
females\sample-117687.mp3,1
females\sample-117690.mp3,1
females\sample-117699.mp3,1
females\sample-117706.mp3,1
females\sample-117718.mp3,1
females\sample-117759.mp3,1
females\sample-117764.mp3,1
females\sample-117765.mp3,1
females\sample-117767.mp3,1
females\sample-117777.mp3,1
females\sample-117784.mp3,1
females\sample-117816.mp3,1
females\sample-117818.mp3,1
females\sample-117833.mp3,1
females\sample-117840.mp3,1
females\sample-117857.mp3,1
females\sample-117863.mp3,1
females\sample-117869.mp3,1
females\sample-117878.mp3,1
females\sample-117890.mp3,1
females\sample-117906.mp3,1
females\sample-117909.mp3,1
females\sample-117912.mp3,1
females\sample-117925.mp3,1
females\sample-117939.mp3,1
females\sample-117951.mp3,1
females\sample-117973.mp3,1
females\sample-117984.mp3,1
females\sample-117985.mp3,1
females\sample-117994.mp3,1
females\sample-118011.mp3,1
females\sample-118021.mp3,1
females\sample-118022.mp3,1
females\sample-118045.mp3,1
females\sample-118047.mp3,1
females\sample-118102.mp3,1
females\sample-118115.mp3,1
females\sample-118124.mp3,1
females\sample-118132.mp3,1
females\sample-118133.mp3,1
females\sample-118147.mp3,1
females\sample-118160.mp3,1
females\sample-118164.mp3,1
females\sample-118170.mp3,1
females\sample-118172.mp3,1
females\sample-118174.mp3,1
females\sample-118175.mp3,1
females\sample-118186.mp3,1
females\sample-118191.mp3,1
females\sample-118223.mp3,1
females\sample-118244.mp3,1
females\sample-118248.mp3,1
females\sample-118282.mp3,1
females\sample-118288.mp3,1
females\sample-118296.mp3,1
females\sample-118325.mp3,1
females\sample-118336.mp3,1
females\sample-118362.mp3,1
females\sample-118383.mp3,1
females\sample-118387.mp3,1
females\sample-118399.mp3,1
females\sample-118401.mp3,1
females\sample-118402.mp3,1
females\sample-118422.mp3,1
females\sample-118434.mp3,1
females\sample-118444.mp3,1
females\sample-118447.mp3,1
females\sample-118452.mp3,1
females\sample-118454.mp3,1
females\sample-118457.mp3,1
females\sample-118466.mp3,1
females\sample-118491.mp3,1
females\sample-118506.mp3,1
females\sample-118560.mp3,1
females\sample-118597.mp3,1
females\sample-118603.mp3,1
females\sample-118607.mp3,1
females\sample-118608.mp3,1
females\sample-118614.mp3,1
females\sample-118623.mp3,1
females\sample-118629.mp3,1
females\sample-118630.mp3,1
females\sample-118643.mp3,1
females\sample-118657.mp3,1
females\sample-118683.mp3,1
females\sample-118688.mp3,1
females\sample-118693.mp3,1
females\sample-118694.mp3,1
females\sample-118716.mp3,1
females\sample-118722.mp3,1
females\sample-118735.mp3,1
females\sample-118736.mp3,1
females\sample-118741.mp3,1
females\sample-118744.mp3,1
females\sample-118761.mp3,1
females\sample-118777.mp3,1
females\sample-118780.mp3,1
females\sample-118782.mp3,1
females\sample-118786.mp3,1
females\sample-118789.mp3,1
females\sample-118799.mp3,1
females\sample-118809.mp3,1
females\sample-118822.mp3,1
females\sample-118833.mp3,1
females\sample-118834.mp3,1
females\sample-118845.mp3,1
females\sample-118858.mp3,1
females\sample-118863.mp3,1
females\sample-118870.mp3,1
females\sample-118876.mp3,1
females\sample-118878.mp3,1
females\sample-118883.mp3,1
females\sample-118898.mp3,1
females\sample-118910.mp3,1
females\sample-118917.mp3,1
females\sample-118919.mp3,1
females\sample-118921.mp3,1
females\sample-118970.mp3,1
females\sample-118975.mp3,1
females\sample-118976.mp3,1
females\sample-118995.mp3,1
females\sample-119002.mp3,1
females\sample-119033.mp3,1
females\sample-119037.mp3,1
females\sample-119040.mp3,1
females\sample-119041.mp3,1
females\sample-119051.mp3,1
females\sample-119054.mp3,1
females\sample-119062.mp3,1
females\sample-119064.mp3,1
females\sample-119070.mp3,1
females\sample-119075.mp3,1
females\sample-119109.mp3,1
females\sample-119124.mp3,1
females\sample-119125.mp3,1
females\sample-119129.mp3,1
females\sample-119153.mp3,1
females\sample-119164.mp3,1
females\sample-119173.mp3,1
females\sample-119210.mp3,1
females\sample-119212.mp3,1
females\sample-119216.mp3,1
females\sample-119234.mp3,1
females\sample-119237.mp3,1
females\sample-119240.mp3,1
females\sample-119250.mp3,1
females\sample-119267.mp3,1
females\sample-119271.mp3,1
females\sample-119298.mp3,1
females\sample-119319.mp3,1
females\sample-119322.mp3,1
females\sample-119349.mp3,1
females\sample-119353.mp3,1
females\sample-119356.mp3,1
females\sample-119364.mp3,1
females\sample-119376.mp3,1
females\sample-119382.mp3,1
females\sample-119400.mp3,1
females\sample-119407.mp3,1
females\sample-119411.mp3,1
females\sample-119416.mp3,1
females\sample-119419.mp3,1
females\sample-119456.mp3,1
females\sample-119484.mp3,1
females\sample-119489.mp3,1
females\sample-119497.mp3,1
females\sample-119500.mp3,1
females\sample-119544.mp3,1
females\sample-119545.mp3,1
females\sample-119558.mp3,1
females\sample-119566.mp3,1
females\sample-119576.mp3,1
females\sample-119590.mp3,1
females\sample-119595.mp3,1
females\sample-119599.mp3,1
females\sample-119612.mp3,1
females\sample-119615.mp3,1
females\sample-119624.mp3,1
females\sample-119628.mp3,1
females\sample-119631.mp3,1
females\sample-119643.mp3,1
females\sample-119653.mp3,1
females\sample-119661.mp3,1
females\sample-119662.mp3,1
females\sample-119664.mp3,1
females\sample-119675.mp3,1
females\sample-119685.mp3,1
females\sample-119691.mp3,1
females\sample-119708.mp3,1
females\sample-119710.mp3,1
females\sample-119726.mp3,1
females\sample-119732.mp3,1
females\sample-119734.mp3,1
females\sample-119742.mp3,1
females\sample-119745.mp3,1
females\sample-119747.mp3,1
females\sample-119783.mp3,1
females\sample-119788.mp3,1
females\sample-119792.mp3,1
females\sample-119794.mp3,1
females\sample-119799.mp3,1
females\sample-119805.mp3,1
females\sample-119827.mp3,1
females\sample-119832.mp3,1
females\sample-119833.mp3,1
females\sample-119838.mp3,1
females\sample-119847.mp3,1
females\sample-119857.mp3,1
females\sample-119860.mp3,1
females\sample-119861.mp3,1
females\sample-119874.mp3,1
females\sample-119876.mp3,1
females\sample-119907.mp3,1
females\sample-119916.mp3,1
females\sample-119934.mp3,1
females\sample-119949.mp3,1
females\sample-119956.mp3,1
females\sample-119983.mp3,1
females\sample-119991.mp3,1
females\sample-119996.mp3,1
females\sample-120000.mp3,1
females\sample-120024.mp3,1
females\sample-120026.mp3,1
females\sample-120031.mp3,1
females\sample-120043.mp3,1
females\sample-120054.mp3,1
females\sample-120055.mp3,1
females\sample-120068.mp3,1
females\sample-120121.mp3,1
females\sample-120137.mp3,1
females\sample-120151.mp3,1
females\sample-120157.mp3,1
females\sample-120162.mp3,1
females\sample-120171.mp3,1
females\sample-120177.mp3,1
females\sample-120182.mp3,1
females\sample-120192.mp3,1
females\sample-120193.mp3,1
females\sample-120194.mp3,1
females\sample-120196.mp3,1
females\sample-120198.mp3,1
females\sample-120208.mp3,1
females\sample-120212.mp3,1
females\sample-120213.mp3,1
females\sample-120223.mp3,1
females\sample-120225.mp3,1
females\sample-120234.mp3,1
females\sample-120236.mp3,1
females\sample-120242.mp3,1
females\sample-120245.mp3,1
females\sample-120257.mp3,1
females\sample-120259.mp3,1
females\sample-120260.mp3,1
females\sample-120279.mp3,1
females\sample-120299.mp3,1
females\sample-120302.mp3,1
females\sample-120306.mp3,1
females\sample-120322.mp3,1
females\sample-120333.mp3,1
females\sample-120345.mp3,1
females\sample-120348.mp3,1
females\sample-120360.mp3,1
females\sample-120367.mp3,1
females\sample-120375.mp3,1
females\sample-120378.mp3,1
females\sample-120383.mp3,1
females\sample-120385.mp3,1
females\sample-120386.mp3,1
females\sample-120402.mp3,1
females\sample-120405.mp3,1
females\sample-120429.mp3,1
females\sample-120438.mp3,1
females\sample-120439.mp3,1
females\sample-120441.mp3,1
females\sample-120461.mp3,1
females\sample-120475.mp3,1
females\sample-120481.mp3,1
females\sample-120498.mp3,1
females\sample-120528.mp3,1
females\sample-120563.mp3,1
females\sample-120564.mp3,1
females\sample-120568.mp3,1
females\sample-120571.mp3,1
females\sample-120591.mp3,1
females\sample-120606.mp3,1
females\sample-120609.mp3,1
females\sample-120622.mp3,1
females\sample-120632.mp3,1
females\sample-120652.mp3,1
females\sample-120657.mp3,1
females\sample-120690.mp3,1
females\sample-120695.mp3,1
females\sample-120712.mp3,1
females\sample-120719.mp3,1
females\sample-120744.mp3,1
females\sample-120745.mp3,1
females\sample-120758.mp3,1
females\sample-120762.mp3,1
females\sample-120764.mp3,1
females\sample-120776.mp3,1
females\sample-120778.mp3,1
females\sample-120829.mp3,1
females\sample-120850.mp3,1
females\sample-120853.mp3,1
females\sample-120876.mp3,1
females\sample-120886.mp3,1
females\sample-120896.mp3,1
females\sample-120936.mp3,1
females\sample-120939.mp3,1
females\sample-120948.mp3,1
females\sample-120955.mp3,1
females\sample-120968.mp3,1
females\sample-120973.mp3,1
females\sample-120976.mp3,1
females\sample-121028.mp3,1
females\sample-121029.mp3,1
females\sample-121037.mp3,1
females\sample-121040.mp3,1
females\sample-121053.mp3,1
females\sample-121054.mp3,1
females\sample-121068.mp3,1
females\sample-121084.mp3,1
females\sample-121102.mp3,1
females\sample-121104.mp3,1
females\sample-121111.mp3,1
females\sample-121132.mp3,1
females\sample-121185.mp3,1
females\sample-121202.mp3,1
females\sample-121247.mp3,1
females\sample-121274.mp3,1
females\sample-121301.mp3,1
females\sample-121303.mp3,1
females\sample-121310.mp3,1
females\sample-121315.mp3,1
females\sample-121343.mp3,1
females\sample-121361.mp3,1
females\sample-121382.mp3,1
females\sample-121400.mp3,1
females\sample-121419.mp3,1
females\sample-121420.mp3,1
females\sample-121432.mp3,1
females\sample-121439.mp3,1
females\sample-121446.mp3,1
females\sample-121452.mp3,1
females\sample-121458.mp3,1
females\sample-121463.mp3,1
females\sample-121464.mp3,1
females\sample-121466.mp3,1
females\sample-121468.mp3,1
females\sample-121478.mp3,1
females\sample-121484.mp3,1
females\sample-121493.mp3,1
females\sample-121496.mp3,1
females\sample-121506.mp3,1
females\sample-121510.mp3,1
females\sample-121524.mp3,1
females\sample-121530.mp3,1
females\sample-121541.mp3,1
females\sample-121544.mp3,1
females\sample-121572.mp3,1
females\sample-121574.mp3,1
females\sample-121591.mp3,1
females\sample-121599.mp3,1
females\sample-121616.mp3,1
females\sample-121617.mp3,1
females\sample-121619.mp3,1
females\sample-121624.mp3,1
females\sample-121646.mp3,1
females\sample-121651.mp3,1
females\sample-121659.mp3,1
females\sample-121681.mp3,1
females\sample-121682.mp3,1
females\sample-121689.mp3,1
females\sample-121693.mp3,1
females\sample-121698.mp3,1
females\sample-121729.mp3,1
females\sample-121735.mp3,1
females\sample-121745.mp3,1
females\sample-121759.mp3,1
females\sample-121777.mp3,1
females\sample-121780.mp3,1
females\sample-121792.mp3,1
females\sample-121851.mp3,1
females\sample-121870.mp3,1
females\sample-121883.mp3,1
females\sample-121890.mp3,1
females\sample-121895.mp3,1
females\sample-121910.mp3,1
females\sample-121915.mp3,1
females\sample-121923.mp3,1
females\sample-121929.mp3,1
females\sample-121934.mp3,1
females\sample-121958.mp3,1
females\sample-121964.mp3,1
females\sample-121983.mp3,1
females\sample-122011.mp3,1
females\sample-122012.mp3,1
females\sample-122013.mp3,1
females\sample-122079.mp3,1
females\sample-122083.mp3,1
females\sample-122092.mp3,1
females\sample-122098.mp3,1
females\sample-122102.mp3,1
females\sample-122114.mp3,1
females\sample-122129.mp3,1
females\sample-122136.mp3,1
females\sample-122147.mp3,1
females\sample-122158.mp3,1
females\sample-122167.mp3,1
females\sample-122194.mp3,1
females\sample-122195.mp3,1
females\sample-122206.mp3,1
females\sample-122215.mp3,1
females\sample-122217.mp3,1
females\sample-122226.mp3,1
females\sample-122240.mp3,1
females\sample-122256.mp3,1
females\sample-122270.mp3,1
females\sample-122275.mp3,1
females\sample-122278.mp3,1
females\sample-122293.mp3,1
females\sample-122302.mp3,1
females\sample-122310.mp3,1
females\sample-122311.mp3,1
females\sample-122312.mp3,1
females\sample-122351.mp3,1
females\sample-122382.mp3,1
females\sample-122396.mp3,1
females\sample-122416.mp3,1
females\sample-122422.mp3,1
females\sample-122431.mp3,1
females\sample-122457.mp3,1
females\sample-122467.mp3,1
females\sample-122469.mp3,1
females\sample-122471.mp3,1
females\sample-122486.mp3,1
females\sample-122489.mp3,1
females\sample-122507.mp3,1
females\sample-122508.mp3,1
females\sample-122520.mp3,1
females\sample-122526.mp3,1
females\sample-122529.mp3,1
females\sample-122533.mp3,1
females\sample-122534.mp3,1
females\sample-122542.mp3,1
females\sample-122547.mp3,1
females\sample-122557.mp3,1
females\sample-122562.mp3,1
females\sample-122568.mp3,1
females\sample-122570.mp3,1
females\sample-122576.mp3,1
females\sample-122578.mp3,1
females\sample-122590.mp3,1
females\sample-122597.mp3,1
females\sample-122613.mp3,1
females\sample-122620.mp3,1
females\sample-122623.mp3,1
females\sample-122627.mp3,1
females\sample-122658.mp3,1
females\sample-122665.mp3,1
females\sample-122674.mp3,1
females\sample-122694.mp3,1
females\sample-122701.mp3,1
females\sample-122713.mp3,1
females\sample-122732.mp3,1
females\sample-122751.mp3,1
females\sample-122758.mp3,1
females\sample-122771.mp3,1
females\sample-122772.mp3,1
females\sample-122782.mp3,1
females\sample-122786.mp3,1
females\sample-122797.mp3,1
females\sample-122799.mp3,1
females\sample-122805.mp3,1
females\sample-122816.mp3,1
females\sample-122826.mp3,1
females\sample-122859.mp3,1
females\sample-122865.mp3,1
females\sample-122870.mp3,1
females\sample-122883.mp3,1
females\sample-122887.mp3,1
females\sample-122899.mp3,1
females\sample-122902.mp3,1
females\sample-122912.mp3,1
females\sample-122913.mp3,1
females\sample-122914.mp3,1
females\sample-122921.mp3,1
females\sample-122925.mp3,1
females\sample-122931.mp3,1
females\sample-122932.mp3,1
females\sample-122938.mp3,1
females\sample-122941.mp3,1
females\sample-122956.mp3,1
females\sample-122960.mp3,1
females\sample-122966.mp3,1
females\sample-122988.mp3,1
females\sample-122989.mp3,1
females\sample-122999.mp3,1
females\sample-123030.mp3,1
females\sample-123035.mp3,1
females\sample-123041.mp3,1
females\sample-123042.mp3,1
females\sample-123052.mp3,1
females\sample-123088.mp3,1
females\sample-123109.mp3,1
females\sample-123111.mp3,1
females\sample-123115.mp3,1
females\sample-123117.mp3,1
females\sample-123120.mp3,1
females\sample-123125.mp3,1
females\sample-123128.mp3,1
females\sample-123142.mp3,1
females\sample-123147.mp3,1
females\sample-123153.mp3,1
females\sample-123191.mp3,1
females\sample-123215.mp3,1
females\sample-123217.mp3,1
females\sample-123219.mp3,1
females\sample-123225.mp3,1
females\sample-123241.mp3,1
females\sample-123265.mp3,1
females\sample-123266.mp3,1
females\sample-123285.mp3,1
females\sample-123291.mp3,1
females\sample-123293.mp3,1
females\sample-123322.mp3,1
females\sample-123329.mp3,1
females\sample-123330.mp3,1
females\sample-123332.mp3,1
females\sample-123341.mp3,1
females\sample-123345.mp3,1
females\sample-123353.mp3,1
females\sample-123364.mp3,1
females\sample-123384.mp3,1
females\sample-123392.mp3,1
females\sample-123415.mp3,1
females\sample-123433.mp3,1
females\sample-123458.mp3,1
females\sample-123520.mp3,1
females\sample-123522.mp3,1
females\sample-123539.mp3,1
females\sample-123549.mp3,1
females\sample-123553.mp3,1
females\sample-123574.mp3,1
females\sample-123578.mp3,1
females\sample-123586.mp3,1
females\sample-123595.mp3,1
females\sample-123601.mp3,1
females\sample-123613.mp3,1
females\sample-123639.mp3,1
females\sample-123649.mp3,1
females\sample-123657.mp3,1
females\sample-123677.mp3,1
females\sample-123693.mp3,1
females\sample-123714.mp3,1
females\sample-123718.mp3,1
females\sample-123758.mp3,1
females\sample-123762.mp3,1
females\sample-123764.mp3,1
females\sample-123765.mp3,1
females\sample-123779.mp3,1
females\sample-123783.mp3,1
females\sample-123791.mp3,1
females\sample-123794.mp3,1
females\sample-123795.mp3,1
females\sample-123796.mp3,1
females\sample-123801.mp3,1
females\sample-123814.mp3,1
females\sample-123823.mp3,1
females\sample-123827.mp3,1
females\sample-123828.mp3,1
females\sample-123833.mp3,1
females\sample-123836.mp3,1
females\sample-123849.mp3,1
females\sample-123856.mp3,1
females\sample-123865.mp3,1
females\sample-123881.mp3,1
females\sample-123886.mp3,1
females\sample-123913.mp3,1
females\sample-123915.mp3,1
females\sample-123929.mp3,1
females\sample-123939.mp3,1
females\sample-123965.mp3,1
females\sample-123966.mp3,1
females\sample-123974.mp3,1
females\sample-123984.mp3,1
females\sample-124019.mp3,1
females\sample-124020.mp3,1
females\sample-124038.mp3,1
females\sample-124050.mp3,1
females\sample-124051.mp3,1
females\sample-124057.mp3,1
females\sample-124066.mp3,1
females\sample-124069.mp3,1
females\sample-124077.mp3,1
females\sample-124081.mp3,1
females\sample-124091.mp3,1
females\sample-124102.mp3,1
females\sample-124117.mp3,1
females\sample-124132.mp3,1
females\sample-124136.mp3,1
females\sample-124147.mp3,1
females\sample-124161.mp3,1
females\sample-124190.mp3,1
females\sample-124203.mp3,1
females\sample-124207.mp3,1
females\sample-124212.mp3,1
females\sample-124220.mp3,1
females\sample-124244.mp3,1
females\sample-124251.mp3,1
females\sample-124267.mp3,1
females\sample-124268.mp3,1
females\sample-124270.mp3,1
females\sample-124277.mp3,1
females\sample-124280.mp3,1
females\sample-124295.mp3,1
females\sample-124312.mp3,1
females\sample-124324.mp3,1
females\sample-124334.mp3,1
females\sample-124342.mp3,1
females\sample-124344.mp3,1
females\sample-124351.mp3,1
females\sample-124362.mp3,1
females\sample-124375.mp3,1
females\sample-124405.mp3,1
females\sample-124427.mp3,1
females\sample-124451.mp3,1
females\sample-124453.mp3,1
females\sample-124468.mp3,1
females\sample-124487.mp3,1
females\sample-124496.mp3,1
females\sample-124503.mp3,1
females\sample-124504.mp3,1
females\sample-124505.mp3,1
females\sample-124516.mp3,1
females\sample-124518.mp3,1
females\sample-124524.mp3,1
females\sample-124534.mp3,1
females\sample-124557.mp3,1
females\sample-124569.mp3,1
females\sample-124578.mp3,1
females\sample-124581.mp3,1
females\sample-124589.mp3,1
females\sample-124598.mp3,1
females\sample-124601.mp3,1
females\sample-124621.mp3,1
females\sample-124631.mp3,1
females\sample-124639.mp3,1
females\sample-124640.mp3,1
females\sample-124644.mp3,1
females\sample-124646.mp3,1
females\sample-124651.mp3,1
females\sample-124654.mp3,1
females\sample-124694.mp3,1
females\sample-124710.mp3,1
females\sample-124712.mp3,1
females\sample-124716.mp3,1
females\sample-124717.mp3,1
females\sample-124730.mp3,1
females\sample-124748.mp3,1
females\sample-124773.mp3,1
females\sample-124777.mp3,1
females\sample-124789.mp3,1
females\sample-124792.mp3,1
females\sample-124816.mp3,1
females\sample-124832.mp3,1
females\sample-124835.mp3,1
females\sample-124845.mp3,1
females\sample-124850.mp3,1
females\sample-124855.mp3,1
females\sample-124863.mp3,1
females\sample-124891.mp3,1
females\sample-124904.mp3,1
females\sample-124909.mp3,1
females\sample-124918.mp3,1
females\sample-124923.mp3,1
females\sample-124928.mp3,1
females\sample-124937.mp3,1
females\sample-124940.mp3,1
females\sample-124944.mp3,1
females\sample-124957.mp3,1
females\sample-124966.mp3,1
females\sample-124991.mp3,1
females\sample-125018.mp3,1
females\sample-125035.mp3,1
females\sample-125037.mp3,1
females\sample-125047.mp3,1
females\sample-125061.mp3,1
females\sample-125066.mp3,1
females\sample-125094.mp3,1
females\sample-125111.mp3,1
females\sample-125119.mp3,1
females\sample-125121.mp3,1
females\sample-125122.mp3,1
females\sample-125153.mp3,1
females\sample-125158.mp3,1
females\sample-125178.mp3,1
females\sample-125204.mp3,1
females\sample-125208.mp3,1
females\sample-125214.mp3,1
females\sample-125229.mp3,1
females\sample-125289.mp3,1
females\sample-125291.mp3,1
females\sample-125297.mp3,1
females\sample-125298.mp3,1
females\sample-125301.mp3,1
females\sample-125302.mp3,1
females\sample-125321.mp3,1
females\sample-125342.mp3,1
females\sample-125350.mp3,1
females\sample-125355.mp3,1
females\sample-125357.mp3,1
females\sample-125360.mp3,1
females\sample-125362.mp3,1
females\sample-125367.mp3,1
females\sample-125370.mp3,1
females\sample-125387.mp3,1
females\sample-125403.mp3,1
females\sample-125416.mp3,1
females\sample-125419.mp3,1
females\sample-125444.mp3,1
females\sample-125451.mp3,1
females\sample-125453.mp3,1
females\sample-125491.mp3,1
females\sample-125500.mp3,1
females\sample-125514.mp3,1
females\sample-125517.mp3,1
females\sample-125518.mp3,1
females\sample-125519.mp3,1
females\sample-125535.mp3,1
females\sample-125537.mp3,1
females\sample-125559.mp3,1
females\sample-125560.mp3,1
females\sample-125578.mp3,1
females\sample-125598.mp3,1
females\sample-125648.mp3,1
females\sample-125657.mp3,1
females\sample-125670.mp3,1
females\sample-125680.mp3,1
females\sample-125721.mp3,1
females\sample-125727.mp3,1
females\sample-125729.mp3,1
females\sample-125738.mp3,1
females\sample-125743.mp3,1
females\sample-125748.mp3,1
females\sample-125753.mp3,1
females\sample-125764.mp3,1
females\sample-125781.mp3,1
females\sample-125807.mp3,1
females\sample-125809.mp3,1
females\sample-125833.mp3,1
females\sample-125834.mp3,1
females\sample-125837.mp3,1
females\sample-125839.mp3,1
females\sample-125843.mp3,1
females\sample-125844.mp3,1
females\sample-125855.mp3,1
females\sample-125859.mp3,1
females\sample-125872.mp3,1
females\sample-125905.mp3,1
females\sample-125920.mp3,1
females\sample-125940.mp3,1
females\sample-125943.mp3,1
females\sample-125956.mp3,1
females\sample-125972.mp3,1
females\sample-125982.mp3,1
females\sample-125987.mp3,1
females\sample-125999.mp3,1
females\sample-126002.mp3,1
females\sample-126007.mp3,1
females\sample-126013.mp3,1
females\sample-126019.mp3,1
females\sample-126020.mp3,1
females\sample-126040.mp3,1
females\sample-126044.mp3,1
females\sample-126047.mp3,1
females\sample-126089.mp3,1
females\sample-126097.mp3,1
females\sample-126100.mp3,1
females\sample-126111.mp3,1
females\sample-126136.mp3,1
females\sample-126138.mp3,1
females\sample-126143.mp3,1
females\sample-126151.mp3,1
females\sample-126160.mp3,1
females\sample-126169.mp3,1
females\sample-126175.mp3,1
females\sample-126185.mp3,1
females\sample-126186.mp3,1
females\sample-126189.mp3,1
females\sample-126209.mp3,1
females\sample-126219.mp3,1
females\sample-126223.mp3,1
females\sample-126252.mp3,1
females\sample-126253.mp3,1
females\sample-126259.mp3,1
females\sample-126264.mp3,1
females\sample-126269.mp3,1
females\sample-126276.mp3,1
females\sample-126279.mp3,1
females\sample-126294.mp3,1
females\sample-126302.mp3,1
females\sample-126312.mp3,1
females\sample-126316.mp3,1
females\sample-126320.mp3,1
females\sample-126329.mp3,1
females\sample-126334.mp3,1
females\sample-126340.mp3,1
females\sample-126343.mp3,1
females\sample-126351.mp3,1
females\sample-126363.mp3,1
females\sample-126364.mp3,1
females\sample-126380.mp3,1
females\sample-126389.mp3,1
females\sample-126393.mp3,1
females\sample-126399.mp3,1
females\sample-126406.mp3,1
females\sample-126417.mp3,1
females\sample-126425.mp3,1
females\sample-126432.mp3,1
females\sample-126478.mp3,1
females\sample-126485.mp3,1
females\sample-126488.mp3,1
females\sample-126498.mp3,1
females\sample-126520.mp3,1
females\sample-126525.mp3,1
females\sample-126532.mp3,1
females\sample-126534.mp3,1
females\sample-126552.mp3,1
females\sample-126554.mp3,1
females\sample-126593.mp3,1
females\sample-126594.mp3,1
females\sample-126597.mp3,1
females\sample-126611.mp3,1
females\sample-126634.mp3,1
females\sample-126671.mp3,1
females\sample-126678.mp3,1
females\sample-126680.mp3,1
females\sample-126689.mp3,1
females\sample-126712.mp3,1
females\sample-126713.mp3,1
females\sample-126715.mp3,1
females\sample-126720.mp3,1
females\sample-126742.mp3,1
females\sample-126747.mp3,1
females\sample-126748.mp3,1
females\sample-126760.mp3,1
females\sample-126783.mp3,1
females\sample-126799.mp3,1
females\sample-126808.mp3,1
females\sample-126817.mp3,1
females\sample-126832.mp3,1
females\sample-126838.mp3,1
females\sample-126860.mp3,1
females\sample-126867.mp3,1
females\sample-126884.mp3,1
females\sample-126890.mp3,1
females\sample-126894.mp3,1
females\sample-126896.mp3,1
females\sample-126898.mp3,1
females\sample-126900.mp3,1
females\sample-126901.mp3,1
females\sample-126906.mp3,1
females\sample-126908.mp3,1
females\sample-126951.mp3,1
females\sample-126977.mp3,1
females\sample-126996.mp3,1
females\sample-127003.mp3,1
females\sample-127011.mp3,1
females\sample-127014.mp3,1
females\sample-127016.mp3,1
females\sample-127025.mp3,1
females\sample-127031.mp3,1
females\sample-127060.mp3,1
females\sample-127061.mp3,1
females\sample-127064.mp3,1
females\sample-127072.mp3,1
females\sample-127077.mp3,1
females\sample-127080.mp3,1
females\sample-127091.mp3,1
females\sample-127107.mp3,1
females\sample-127108.mp3,1
females\sample-127133.mp3,1
females\sample-127135.mp3,1
females\sample-127154.mp3,1
females\sample-127156.mp3,1
females\sample-127184.mp3,1
females\sample-127187.mp3,1
females\sample-127204.mp3,1
females\sample-127213.mp3,1
females\sample-127217.mp3,1
females\sample-127230.mp3,1
females\sample-127245.mp3,1
females\sample-127267.mp3,1
females\sample-127273.mp3,1
females\sample-127281.mp3,1
females\sample-127288.mp3,1
females\sample-127318.mp3,1
females\sample-127322.mp3,1
females\sample-127342.mp3,1
females\sample-127372.mp3,1
females\sample-127418.mp3,1
females\sample-127419.mp3,1
females\sample-127420.mp3,1
females\sample-127423.mp3,1
females\sample-127434.mp3,1
females\sample-127440.mp3,1
females\sample-127482.mp3,1
females\sample-127491.mp3,1
females\sample-127494.mp3,1
females\sample-127522.mp3,1
females\sample-127524.mp3,1
females\sample-127530.mp3,1
females\sample-127531.mp3,1
females\sample-127550.mp3,1
females\sample-127551.mp3,1
females\sample-127561.mp3,1
females\sample-127566.mp3,1
females\sample-127584.mp3,1
females\sample-127585.mp3,1
females\sample-127598.mp3,1
females\sample-127600.mp3,1
females\sample-127616.mp3,1
females\sample-127627.mp3,1
females\sample-127664.mp3,1
females\sample-127680.mp3,1
females\sample-127681.mp3,1
females\sample-127709.mp3,1
females\sample-127721.mp3,1
females\sample-127728.mp3,1
females\sample-127769.mp3,1
females\sample-127770.mp3,1
females\sample-127773.mp3,1
females\sample-127775.mp3,1
females\sample-127777.mp3,1
females\sample-127786.mp3,1
females\sample-127795.mp3,1
females\sample-127805.mp3,1
females\sample-127852.mp3,1
females\sample-127858.mp3,1
females\sample-127888.mp3,1
females\sample-127896.mp3,1
females\sample-127897.mp3,1
females\sample-127910.mp3,1
females\sample-127915.mp3,1
females\sample-127924.mp3,1
females\sample-127925.mp3,1
females\sample-127926.mp3,1
females\sample-127928.mp3,1
females\sample-127941.mp3,1
females\sample-127943.mp3,1
females\sample-127971.mp3,1
females\sample-127998.mp3,1
females\sample-128001.mp3,1
females\sample-128002.mp3,1
females\sample-128022.mp3,1
females\sample-128024.mp3,1
females\sample-128026.mp3,1
females\sample-128035.mp3,1
females\sample-128046.mp3,1
females\sample-128053.mp3,1
females\sample-128055.mp3,1
females\sample-128071.mp3,1
females\sample-128091.mp3,1
females\sample-128117.mp3,1
females\sample-128126.mp3,1
females\sample-128167.mp3,1
females\sample-128170.mp3,1
females\sample-128204.mp3,1
females\sample-128209.mp3,1
females\sample-128219.mp3,1
females\sample-128220.mp3,1
females\sample-128244.mp3,1
females\sample-128249.mp3,1
females\sample-128257.mp3,1
females\sample-128288.mp3,1
females\sample-128310.mp3,1
females\sample-128318.mp3,1
females\sample-128326.mp3,1
females\sample-128331.mp3,1
females\sample-128359.mp3,1
females\sample-128377.mp3,1
females\sample-128391.mp3,1
females\sample-128425.mp3,1
females\sample-128426.mp3,1
females\sample-128434.mp3,1
females\sample-128437.mp3,1
females\sample-128449.mp3,1
females\sample-128467.mp3,1
females\sample-128475.mp3,1
females\sample-128483.mp3,1
females\sample-128485.mp3,1
females\sample-128498.mp3,1
females\sample-128504.mp3,1
females\sample-128519.mp3,1
females\sample-128523.mp3,1
females\sample-128525.mp3,1
females\sample-128531.mp3,1
females\sample-128534.mp3,1
females\sample-128550.mp3,1
females\sample-128557.mp3,1
females\sample-128572.mp3,1
females\sample-128605.mp3,1
females\sample-128621.mp3,1
females\sample-128629.mp3,1
females\sample-128632.mp3,1
females\sample-128633.mp3,1
females\sample-128645.mp3,1
females\sample-128667.mp3,1
females\sample-128685.mp3,1
females\sample-128687.mp3,1
females\sample-128689.mp3,1
females\sample-128690.mp3,1
females\sample-128700.mp3,1
females\sample-128712.mp3,1
females\sample-128713.mp3,1
females\sample-128740.mp3,1
females\sample-128742.mp3,1
females\sample-128745.mp3,1
females\sample-128750.mp3,1
females\sample-128751.mp3,1
females\sample-128764.mp3,1
females\sample-128765.mp3,1
females\sample-128770.mp3,1
females\sample-128776.mp3,1
females\sample-128781.mp3,1
females\sample-128782.mp3,1
females\sample-128784.mp3,1
females\sample-128786.mp3,1
females\sample-128802.mp3,1
females\sample-128816.mp3,1
females\sample-128821.mp3,1
females\sample-128825.mp3,1
females\sample-128838.mp3,1
females\sample-128843.mp3,1
females\sample-128878.mp3,1
females\sample-128881.mp3,1
females\sample-128909.mp3,1
females\sample-128914.mp3,1
females\sample-128931.mp3,1
females\sample-128936.mp3,1
females\sample-128942.mp3,1
females\sample-128943.mp3,1
females\sample-128946.mp3,1
females\sample-128967.mp3,1
females\sample-128975.mp3,1
females\sample-128986.mp3,1
females\sample-128987.mp3,1
females\sample-128991.mp3,1
females\sample-128994.mp3,1
females\sample-129007.mp3,1
females\sample-129026.mp3,1
females\sample-129041.mp3,1
females\sample-129045.mp3,1
females\sample-129051.mp3,1
females\sample-129053.mp3,1
females\sample-129062.mp3,1
females\sample-129063.mp3,1
females\sample-129074.mp3,1
females\sample-129112.mp3,1
females\sample-129134.mp3,1
females\sample-129143.mp3,1
females\sample-129146.mp3,1
females\sample-129178.mp3,1
females\sample-129192.mp3,1
females\sample-129204.mp3,1
females\sample-129214.mp3,1
females\sample-129254.mp3,1
females\sample-129260.mp3,1
females\sample-129266.mp3,1
females\sample-129274.mp3,1
females\sample-129279.mp3,1
females\sample-129290.mp3,1
females\sample-129291.mp3,1
females\sample-129300.mp3,1
females\sample-129316.mp3,1
females\sample-129317.mp3,1
females\sample-129318.mp3,1
females\sample-129341.mp3,1
females\sample-129348.mp3,1
females\sample-129374.mp3,1
females\sample-129376.mp3,1
females\sample-129379.mp3,1
females\sample-129384.mp3,1
females\sample-129398.mp3,1
females\sample-129405.mp3,1
females\sample-129452.mp3,1
females\sample-129456.mp3,1
females\sample-129459.mp3,1
females\sample-129464.mp3,1
females\sample-129467.mp3,1
females\sample-129492.mp3,1
females\sample-129493.mp3,1
females\sample-129496.mp3,1
females\sample-129515.mp3,1
females\sample-129523.mp3,1
females\sample-129552.mp3,1
females\sample-129558.mp3,1
females\sample-129561.mp3,1
females\sample-129563.mp3,1
females\sample-129577.mp3,1
females\sample-129580.mp3,1
females\sample-129582.mp3,1
females\sample-129594.mp3,1
females\sample-129598.mp3,1
females\sample-129603.mp3,1
females\sample-129619.mp3,1
females\sample-129620.mp3,1
females\sample-129621.mp3,1
females\sample-129627.mp3,1
females\sample-129632.mp3,1
females\sample-129635.mp3,1
females\sample-129639.mp3,1
females\sample-129646.mp3,1
females\sample-129650.mp3,1
females\sample-129656.mp3,1
females\sample-129670.mp3,1
females\sample-129672.mp3,1
females\sample-129675.mp3,1
females\sample-129683.mp3,1
females\sample-129689.mp3,1
females\sample-129691.mp3,1
females\sample-129724.mp3,1
females\sample-129725.mp3,1
females\sample-129728.mp3,1
females\sample-129732.mp3,1
females\sample-129734.mp3,1
females\sample-129737.mp3,1
females\sample-129740.mp3,1
females\sample-129754.mp3,1
females\sample-129755.mp3,1
females\sample-129766.mp3,1
females\sample-129775.mp3,1
females\sample-129776.mp3,1
females\sample-129796.mp3,1
females\sample-129833.mp3,1
females\sample-129841.mp3,1
females\sample-129856.mp3,1
females\sample-129857.mp3,1
females\sample-129881.mp3,1
females\sample-129906.mp3,1
females\sample-129912.mp3,1
females\sample-129921.mp3,1
females\sample-129933.mp3,1
females\sample-129941.mp3,1
females\sample-129946.mp3,1
females\sample-129955.mp3,1
females\sample-129972.mp3,1
females\sample-129973.mp3,1
females\sample-129982.mp3,1
females\sample-129983.mp3,1
females\sample-130030.mp3,1
females\sample-130037.mp3,1
females\sample-130043.mp3,1
females\sample-130053.mp3,1
females\sample-130079.mp3,1
females\sample-130094.mp3,1
females\sample-130123.mp3,1
females\sample-130146.mp3,1
females\sample-130149.mp3,1
females\sample-130179.mp3,1
females\sample-130180.mp3,1
females\sample-130182.mp3,1
females\sample-130194.mp3,1
females\sample-130225.mp3,1
females\sample-130226.mp3,1
females\sample-130237.mp3,1
females\sample-130240.mp3,1
females\sample-130257.mp3,1
females\sample-130259.mp3,1
females\sample-130303.mp3,1
females\sample-130307.mp3,1
females\sample-130309.mp3,1
females\sample-130315.mp3,1
females\sample-130322.mp3,1
females\sample-130333.mp3,1
females\sample-130338.mp3,1
females\sample-130346.mp3,1
females\sample-130349.mp3,1
females\sample-130351.mp3,1
females\sample-130356.mp3,1
females\sample-130358.mp3,1
females\sample-130372.mp3,1
females\sample-130392.mp3,1
females\sample-130398.mp3,1
females\sample-130416.mp3,1
females\sample-130423.mp3,1
females\sample-130434.mp3,1
females\sample-130437.mp3,1
females\sample-130455.mp3,1
females\sample-130470.mp3,1
females\sample-130472.mp3,1
females\sample-130479.mp3,1
females\sample-130480.mp3,1
females\sample-130485.mp3,1
females\sample-130486.mp3,1
females\sample-130489.mp3,1
females\sample-130494.mp3,1
females\sample-130509.mp3,1
females\sample-130512.mp3,1
females\sample-130541.mp3,1
females\sample-130549.mp3,1
females\sample-130566.mp3,1
females\sample-130580.mp3,1
females\sample-130585.mp3,1
females\sample-130599.mp3,1
females\sample-130603.mp3,1
females\sample-130606.mp3,1
females\sample-130621.mp3,1
females\sample-130628.mp3,1
females\sample-130637.mp3,1
females\sample-130663.mp3,1
females\sample-130677.mp3,1
females\sample-130679.mp3,1
females\sample-130716.mp3,1
females\sample-130724.mp3,1
females\sample-130727.mp3,1
females\sample-130735.mp3,1
females\sample-130740.mp3,1
females\sample-130770.mp3,1
females\sample-130789.mp3,1
females\sample-130793.mp3,1
females\sample-130804.mp3,1
females\sample-130814.mp3,1
females\sample-130827.mp3,1
females\sample-130831.mp3,1
females\sample-130834.mp3,1
females\sample-130837.mp3,1
females\sample-130848.mp3,1
females\sample-130860.mp3,1
females\sample-130877.mp3,1
females\sample-130878.mp3,1
females\sample-130931.mp3,1
females\sample-130940.mp3,1
females\sample-130944.mp3,1
females\sample-130958.mp3,1
females\sample-130963.mp3,1
females\sample-130979.mp3,1
females\sample-130994.mp3,1
females\sample-130996.mp3,1
females\sample-131000.mp3,1
females\sample-131007.mp3,1
females\sample-131025.mp3,1
females\sample-131028.mp3,1
females\sample-131036.mp3,1
females\sample-131042.mp3,1
females\sample-131044.mp3,1
females\sample-131050.mp3,1
females\sample-131085.mp3,1
females\sample-131121.mp3,1
females\sample-131132.mp3,1
females\sample-131138.mp3,1
females\sample-131142.mp3,1
females\sample-131155.mp3,1
females\sample-131159.mp3,1
females\sample-131165.mp3,1
females\sample-131170.mp3,1
females\sample-131176.mp3,1
females\sample-131181.mp3,1
females\sample-131183.mp3,1
females\sample-131199.mp3,1
females\sample-131214.mp3,1
females\sample-131236.mp3,1
females\sample-131241.mp3,1
females\sample-131281.mp3,1
females\sample-131283.mp3,1
females\sample-131305.mp3,1
females\sample-131309.mp3,1
females\sample-131313.mp3,1
females\sample-131327.mp3,1
females\sample-131330.mp3,1
females\sample-131337.mp3,1
females\sample-131346.mp3,1
females\sample-131356.mp3,1
females\sample-131370.mp3,1
females\sample-131378.mp3,1
females\sample-131392.mp3,1
females\sample-131395.mp3,1
females\sample-131405.mp3,1
females\sample-131410.mp3,1
females\sample-131414.mp3,1
females\sample-131435.mp3,1
females\sample-131437.mp3,1
females\sample-131449.mp3,1
females\sample-131450.mp3,1
females\sample-131452.mp3,1
females\sample-131463.mp3,1
females\sample-131465.mp3,1
females\sample-131473.mp3,1
females\sample-131475.mp3,1
females\sample-131477.mp3,1
females\sample-131481.mp3,1
females\sample-131485.mp3,1
females\sample-131486.mp3,1
females\sample-131488.mp3,1
females\sample-131496.mp3,1
females\sample-131498.mp3,1
females\sample-131529.mp3,1
females\sample-131534.mp3,1
females\sample-131563.mp3,1
females\sample-131576.mp3,1
females\sample-131579.mp3,1
females\sample-131585.mp3,1
females\sample-131597.mp3,1
females\sample-131605.mp3,1
females\sample-131618.mp3,1
females\sample-131623.mp3,1
females\sample-131672.mp3,1
females\sample-131676.mp3,1
females\sample-131688.mp3,1
females\sample-131695.mp3,1
females\sample-131710.mp3,1
females\sample-131714.mp3,1
females\sample-131729.mp3,1
females\sample-131730.mp3,1
females\sample-131755.mp3,1
females\sample-131784.mp3,1
females\sample-131808.mp3,1
females\sample-131824.mp3,1
females\sample-131832.mp3,1
females\sample-131851.mp3,1
females\sample-131864.mp3,1
females\sample-131865.mp3,1
females\sample-131867.mp3,1
females\sample-131880.mp3,1
females\sample-131883.mp3,1
females\sample-131887.mp3,1
females\sample-131892.mp3,1
females\sample-131903.mp3,1
females\sample-131910.mp3,1
females\sample-131911.mp3,1
females\sample-131968.mp3,1
females\sample-131972.mp3,1
females\sample-131992.mp3,1
females\sample-132037.mp3,1
females\sample-132066.mp3,1
females\sample-132068.mp3,1
females\sample-132092.mp3,1
females\sample-132094.mp3,1
females\sample-132099.mp3,1
females\sample-132104.mp3,1
females\sample-132105.mp3,1
females\sample-132134.mp3,1
females\sample-132144.mp3,1
females\sample-132147.mp3,1
females\sample-132182.mp3,1
females\sample-132183.mp3,1
females\sample-132186.mp3,1
females\sample-132210.mp3,1
females\sample-132238.mp3,1
females\sample-132243.mp3,1
females\sample-132246.mp3,1
females\sample-132248.mp3,1
females\sample-132272.mp3,1
females\sample-132278.mp3,1
females\sample-132281.mp3,1
females\sample-132282.mp3,1
females\sample-132288.mp3,1
females\sample-132298.mp3,1
females\sample-132313.mp3,1
females\sample-132326.mp3,1
females\sample-132329.mp3,1
females\sample-132336.mp3,1
females\sample-132339.mp3,1
females\sample-132343.mp3,1
females\sample-132347.mp3,1
females\sample-132376.mp3,1
females\sample-132386.mp3,1
females\sample-132392.mp3,1
females\sample-132406.mp3,1
females\sample-132407.mp3,1
females\sample-132414.mp3,1
females\sample-132423.mp3,1
females\sample-132435.mp3,1
females\sample-132442.mp3,1
females\sample-132454.mp3,1
females\sample-132455.mp3,1
females\sample-132463.mp3,1
females\sample-132465.mp3,1
females\sample-132476.mp3,1
females\sample-132478.mp3,1
females\sample-132482.mp3,1
females\sample-132508.mp3,1
females\sample-132513.mp3,1
females\sample-132521.mp3,1
females\sample-132525.mp3,1
females\sample-132535.mp3,1
females\sample-132539.mp3,1
females\sample-132544.mp3,1
females\sample-132547.mp3,1
females\sample-132553.mp3,1
females\sample-132557.mp3,1
females\sample-132627.mp3,1
females\sample-132645.mp3,1
females\sample-132647.mp3,1
females\sample-132676.mp3,1
females\sample-132688.mp3,1
females\sample-132699.mp3,1
females\sample-132703.mp3,1
females\sample-132709.mp3,1
females\sample-132726.mp3,1
females\sample-132734.mp3,1
females\sample-132742.mp3,1
females\sample-132744.mp3,1
females\sample-132747.mp3,1
females\sample-132770.mp3,1
females\sample-132771.mp3,1
females\sample-132780.mp3,1
females\sample-132785.mp3,1
females\sample-132789.mp3,1
females\sample-132794.mp3,1
females\sample-132796.mp3,1
females\sample-132798.mp3,1
females\sample-132813.mp3,1
females\sample-132824.mp3,1
females\sample-132829.mp3,1
females\sample-132831.mp3,1
females\sample-132842.mp3,1
females\sample-132872.mp3,1
females\sample-132893.mp3,1
females\sample-132895.mp3,1
females\sample-132932.mp3,1
females\sample-132964.mp3,1
females\sample-133000.mp3,1
females\sample-133009.mp3,1
females\sample-133025.mp3,1
females\sample-133036.mp3,1
females\sample-133050.mp3,1
females\sample-133065.mp3,1
females\sample-133092.mp3,1
females\sample-133101.mp3,1
females\sample-133119.mp3,1
females\sample-133129.mp3,1
females\sample-133154.mp3,1
females\sample-133157.mp3,1
females\sample-133159.mp3,1
females\sample-133169.mp3,1
females\sample-133174.mp3,1
females\sample-133176.mp3,1
females\sample-133183.mp3,1
females\sample-133194.mp3,1
females\sample-133209.mp3,1
females\sample-133212.mp3,1
females\sample-133231.mp3,1
females\sample-133238.mp3,1
females\sample-133248.mp3,1
females\sample-133254.mp3,1
females\sample-133279.mp3,1
females\sample-133288.mp3,1
females\sample-133289.mp3,1
females\sample-133292.mp3,1
females\sample-133297.mp3,1
females\sample-133299.mp3,1
females\sample-133345.mp3,1
females\sample-133362.mp3,1
females\sample-133373.mp3,1
females\sample-133376.mp3,1
females\sample-133379.mp3,1
females\sample-133380.mp3,1
females\sample-133383.mp3,1
females\sample-133385.mp3,1
females\sample-133386.mp3,1
females\sample-133404.mp3,1
females\sample-133413.mp3,1
females\sample-133418.mp3,1
females\sample-133422.mp3,1
females\sample-133435.mp3,1
females\sample-133471.mp3,1
females\sample-133472.mp3,1
females\sample-133478.mp3,1
females\sample-133495.mp3,1
females\sample-133503.mp3,1
females\sample-133504.mp3,1
females\sample-133505.mp3,1
females\sample-133510.mp3,1
females\sample-133526.mp3,1
females\sample-133528.mp3,1
females\sample-133530.mp3,1
females\sample-133541.mp3,1
females\sample-133545.mp3,1
females\sample-133574.mp3,1
females\sample-133577.mp3,1
females\sample-133582.mp3,1
females\sample-133595.mp3,1
females\sample-133605.mp3,1
females\sample-133606.mp3,1
females\sample-133608.mp3,1
females\sample-133610.mp3,1
females\sample-133614.mp3,1
females\sample-133622.mp3,1
females\sample-133624.mp3,1
females\sample-133635.mp3,1
females\sample-133637.mp3,1
females\sample-133642.mp3,1
females\sample-133648.mp3,1
females\sample-133663.mp3,1
females\sample-133675.mp3,1
females\sample-133713.mp3,1
females\sample-133722.mp3,1
females\sample-133729.mp3,1
females\sample-133732.mp3,1
females\sample-133735.mp3,1
females\sample-133739.mp3,1
females\sample-133741.mp3,1
females\sample-133768.mp3,1
females\sample-133769.mp3,1
females\sample-133778.mp3,1
females\sample-133791.mp3,1
females\sample-133794.mp3,1
females\sample-133809.mp3,1
females\sample-133815.mp3,1
females\sample-133816.mp3,1
females\sample-133821.mp3,1
females\sample-133824.mp3,1
females\sample-133828.mp3,1
females\sample-133831.mp3,1
females\sample-133833.mp3,1
females\sample-133874.mp3,1
females\sample-133881.mp3,1
females\sample-133896.mp3,1
females\sample-133897.mp3,1
females\sample-133910.mp3,1
females\sample-133916.mp3,1
females\sample-133935.mp3,1
females\sample-133941.mp3,1
females\sample-133942.mp3,1
females\sample-133944.mp3,1
females\sample-133945.mp3,1
females\sample-133947.mp3,1
females\sample-133948.mp3,1
females\sample-133950.mp3,1
females\sample-133956.mp3,1
females\sample-133964.mp3,1
females\sample-133968.mp3,1
females\sample-133974.mp3,1
females\sample-133975.mp3,1
females\sample-133983.mp3,1
females\sample-133989.mp3,1
females\sample-134019.mp3,1
females\sample-134032.mp3,1
females\sample-134033.mp3,1
females\sample-134041.mp3,1
females\sample-134104.mp3,1
females\sample-134145.mp3,1
females\sample-134146.mp3,1
females\sample-134150.mp3,1
females\sample-134160.mp3,1
females\sample-134164.mp3,1
females\sample-134178.mp3,1
females\sample-134186.mp3,1
females\sample-134210.mp3,1
females\sample-134219.mp3,1
females\sample-134227.mp3,1
females\sample-134228.mp3,1
females\sample-134243.mp3,1
females\sample-134244.mp3,1
females\sample-134297.mp3,1
females\sample-134302.mp3,1
females\sample-134306.mp3,1
females\sample-134312.mp3,1
females\sample-134329.mp3,1
females\sample-134339.mp3,1
females\sample-134343.mp3,1
females\sample-134347.mp3,1
females\sample-134364.mp3,1
females\sample-134386.mp3,1
females\sample-134390.mp3,1
females\sample-134392.mp3,1
females\sample-134398.mp3,1
females\sample-134413.mp3,1
females\sample-134431.mp3,1
females\sample-134437.mp3,1
females\sample-134442.mp3,1
females\sample-134455.mp3,1
females\sample-134471.mp3,1
females\sample-134478.mp3,1
females\sample-134526.mp3,1
females\sample-134538.mp3,1
females\sample-134544.mp3,1
females\sample-134548.mp3,1
females\sample-134558.mp3,1
females\sample-134561.mp3,1
females\sample-134566.mp3,1
females\sample-134568.mp3,1
females\sample-134569.mp3,1
females\sample-134580.mp3,1
females\sample-134597.mp3,1
females\sample-134604.mp3,1
females\sample-134606.mp3,1
females\sample-134626.mp3,1
females\sample-134640.mp3,1
females\sample-134661.mp3,1
females\sample-134667.mp3,1
females\sample-134672.mp3,1
females\sample-134674.mp3,1
females\sample-134682.mp3,1
females\sample-134684.mp3,1
females\sample-134696.mp3,1
females\sample-134701.mp3,1
females\sample-134703.mp3,1
females\sample-134718.mp3,1
females\sample-134723.mp3,1
females\sample-134731.mp3,1
females\sample-134761.mp3,1
females\sample-134768.mp3,1
females\sample-134771.mp3,1
females\sample-134781.mp3,1
females\sample-134791.mp3,1
females\sample-134806.mp3,1
females\sample-134833.mp3,1
females\sample-134843.mp3,1
females\sample-134848.mp3,1
females\sample-134850.mp3,1
females\sample-134852.mp3,1
females\sample-134866.mp3,1
females\sample-134868.mp3,1
females\sample-134878.mp3,1
females\sample-134918.mp3,1
females\sample-134924.mp3,1
females\sample-134935.mp3,1
females\sample-134942.mp3,1
females\sample-134943.mp3,1
females\sample-134961.mp3,1
females\sample-134977.mp3,1
females\sample-134992.mp3,1
females\sample-135011.mp3,1
females\sample-135017.mp3,1
females\sample-135018.mp3,1
females\sample-135022.mp3,1
females\sample-135023.mp3,1
females\sample-135031.mp3,1
females\sample-135036.mp3,1
females\sample-135047.mp3,1
females\sample-135048.mp3,1
females\sample-135062.mp3,1
females\sample-135081.mp3,1
females\sample-135082.mp3,1
females\sample-135084.mp3,1
females\sample-135092.mp3,1
females\sample-135095.mp3,1
females\sample-135122.mp3,1
females\sample-135133.mp3,1
females\sample-135134.mp3,1
females\sample-135147.mp3,1
females\sample-135154.mp3,1
females\sample-135181.mp3,1
females\sample-135197.mp3,1
females\sample-135205.mp3,1
females\sample-135206.mp3,1
females\sample-135211.mp3,1
females\sample-135224.mp3,1
females\sample-135226.mp3,1
females\sample-135242.mp3,1
females\sample-135248.mp3,1
females\sample-135254.mp3,1
females\sample-135257.mp3,1
females\sample-135261.mp3,1
females\sample-135268.mp3,1
females\sample-135272.mp3,1
females\sample-135273.mp3,1
females\sample-135284.mp3,1
females\sample-135327.mp3,1
females\sample-135332.mp3,1
females\sample-135357.mp3,1
females\sample-135364.mp3,1
females\sample-135409.mp3,1
females\sample-135413.mp3,1
females\sample-135422.mp3,1
females\sample-135424.mp3,1
females\sample-135436.mp3,1
females\sample-135440.mp3,1
females\sample-135447.mp3,1
females\sample-135448.mp3,1
females\sample-135478.mp3,1
females\sample-135482.mp3,1
females\sample-135508.mp3,1
females\sample-135534.mp3,1
females\sample-135558.mp3,1
females\sample-135566.mp3,1
females\sample-135608.mp3,1
females\sample-135614.mp3,1
females\sample-135619.mp3,1
females\sample-135621.mp3,1
females\sample-135624.mp3,1
females\sample-135636.mp3,1
females\sample-135640.mp3,1
females\sample-135652.mp3,1
females\sample-135654.mp3,1
females\sample-135657.mp3,1
females\sample-135678.mp3,1
females\sample-135699.mp3,1
females\sample-135701.mp3,1
females\sample-135703.mp3,1
females\sample-135708.mp3,1
females\sample-135715.mp3,1
females\sample-135719.mp3,1
females\sample-135725.mp3,1
females\sample-135733.mp3,1
females\sample-135736.mp3,1
females\sample-135760.mp3,1
females\sample-135772.mp3,1
females\sample-135782.mp3,1
females\sample-135786.mp3,1
females\sample-135788.mp3,1
females\sample-135791.mp3,1
females\sample-135801.mp3,1
females\sample-135802.mp3,1
females\sample-135826.mp3,1
females\sample-135827.mp3,1
females\sample-135831.mp3,1
females\sample-135848.mp3,1
females\sample-135849.mp3,1
females\sample-135851.mp3,1
females\sample-135857.mp3,1
females\sample-135868.mp3,1
females\sample-135870.mp3,1
females\sample-135883.mp3,1
females\sample-135887.mp3,1
females\sample-135896.mp3,1
females\sample-135901.mp3,1
females\sample-135908.mp3,1
females\sample-135933.mp3,1
females\sample-135958.mp3,1
females\sample-135962.mp3,1
females\sample-136010.mp3,1
females\sample-136028.mp3,1
females\sample-136050.mp3,1
females\sample-136056.mp3,1
females\sample-136096.mp3,1
females\sample-136103.mp3,1
females\sample-136126.mp3,1
females\sample-136133.mp3,1
females\sample-136163.mp3,1
females\sample-136179.mp3,1
females\sample-136189.mp3,1
females\sample-136190.mp3,1
females\sample-136193.mp3,1
females\sample-136194.mp3,1
females\sample-136195.mp3,1
females\sample-136209.mp3,1
females\sample-136222.mp3,1
females\sample-136229.mp3,1
females\sample-136232.mp3,1
females\sample-136233.mp3,1
females\sample-136237.mp3,1
females\sample-136254.mp3,1
females\sample-136257.mp3,1
females\sample-136260.mp3,1
females\sample-136264.mp3,1
females\sample-136275.mp3,1
females\sample-136288.mp3,1
females\sample-136322.mp3,1
females\sample-136343.mp3,1
females\sample-136351.mp3,1
females\sample-136364.mp3,1
females\sample-136374.mp3,1
females\sample-136379.mp3,1
females\sample-136380.mp3,1
females\sample-136398.mp3,1
females\sample-136404.mp3,1
females\sample-136432.mp3,1
females\sample-136436.mp3,1
females\sample-136440.mp3,1
females\sample-136448.mp3,1
females\sample-136469.mp3,1
females\sample-136480.mp3,1
females\sample-136494.mp3,1
females\sample-136517.mp3,1
females\sample-136592.mp3,1
females\sample-136594.mp3,1
females\sample-136605.mp3,1
females\sample-136608.mp3,1
females\sample-136621.mp3,1
females\sample-136625.mp3,1
females\sample-136650.mp3,1
females\sample-136655.mp3,1
females\sample-136657.mp3,1
females\sample-136667.mp3,1
females\sample-136671.mp3,1
females\sample-136676.mp3,1
females\sample-136682.mp3,1
females\sample-136702.mp3,1
females\sample-136717.mp3,1
females\sample-136730.mp3,1
females\sample-136732.mp3,1
females\sample-136733.mp3,1
females\sample-136734.mp3,1
females\sample-136745.mp3,1
females\sample-136746.mp3,1
females\sample-136751.mp3,1
females\sample-136776.mp3,1
females\sample-136807.mp3,1
females\sample-136809.mp3,1
females\sample-136822.mp3,1
females\sample-136833.mp3,1
females\sample-136838.mp3,1
females\sample-136841.mp3,1
females\sample-136854.mp3,1
females\sample-136869.mp3,1
females\sample-136885.mp3,1
females\sample-136897.mp3,1
females\sample-136935.mp3,1
females\sample-136939.mp3,1
females\sample-136967.mp3,1
females\sample-136989.mp3,1
females\sample-136996.mp3,1
females\sample-137041.mp3,1
females\sample-137044.mp3,1
females\sample-137051.mp3,1
females\sample-137052.mp3,1
females\sample-137068.mp3,1
females\sample-137083.mp3,1
females\sample-137086.mp3,1
females\sample-137103.mp3,1
females\sample-137106.mp3,1
females\sample-137109.mp3,1
females\sample-137111.mp3,1
females\sample-137125.mp3,1
females\sample-137156.mp3,1
females\sample-137163.mp3,1
females\sample-137174.mp3,1
females\sample-137179.mp3,1
females\sample-137183.mp3,1
females\sample-137186.mp3,1
females\sample-137194.mp3,1
females\sample-137201.mp3,1
females\sample-137237.mp3,1
females\sample-137243.mp3,1
females\sample-137246.mp3,1
females\sample-137249.mp3,1
females\sample-137257.mp3,1
females\sample-137261.mp3,1
females\sample-137274.mp3,1
females\sample-137305.mp3,1
females\sample-137306.mp3,1
females\sample-137322.mp3,1
females\sample-137325.mp3,1
females\sample-137332.mp3,1
females\sample-137335.mp3,1
females\sample-137337.mp3,1
females\sample-137338.mp3,1
females\sample-137349.mp3,1
females\sample-137350.mp3,1
females\sample-137355.mp3,1
females\sample-137370.mp3,1
females\sample-137371.mp3,1
females\sample-137373.mp3,1
females\sample-137393.mp3,1
females\sample-137416.mp3,1
females\sample-137417.mp3,1
females\sample-137441.mp3,1
females\sample-137442.mp3,1
females\sample-137443.mp3,1
females\sample-137458.mp3,1
females\sample-137463.mp3,1
females\sample-137493.mp3,1
females\sample-137495.mp3,1
females\sample-137502.mp3,1
females\sample-137506.mp3,1
females\sample-137527.mp3,1
females\sample-137541.mp3,1
females\sample-137545.mp3,1
females\sample-137570.mp3,1
females\sample-137571.mp3,1
females\sample-137578.mp3,1
females\sample-137583.mp3,1
females\sample-137591.mp3,1
females\sample-137597.mp3,1
females\sample-137603.mp3,1
females\sample-137640.mp3,1
females\sample-137665.mp3,1
females\sample-137668.mp3,1
females\sample-137672.mp3,1
females\sample-137673.mp3,1
females\sample-137674.mp3,1
females\sample-137679.mp3,1
females\sample-137680.mp3,1
females\sample-137686.mp3,1
females\sample-137687.mp3,1
females\sample-137691.mp3,1
females\sample-137698.mp3,1
females\sample-137719.mp3,1
females\sample-137729.mp3,1
females\sample-137734.mp3,1
females\sample-137750.mp3,1
females\sample-137754.mp3,1
females\sample-137758.mp3,1
females\sample-137779.mp3,1
females\sample-137784.mp3,1
females\sample-137789.mp3,1
females\sample-137796.mp3,1
females\sample-137802.mp3,1
females\sample-137803.mp3,1
females\sample-137819.mp3,1
females\sample-137821.mp3,1
females\sample-137832.mp3,1
females\sample-137853.mp3,1
females\sample-137861.mp3,1
females\sample-137869.mp3,1
females\sample-137882.mp3,1
females\sample-137883.mp3,1
females\sample-137912.mp3,1
females\sample-137949.mp3,1
females\sample-137957.mp3,1
females\sample-137985.mp3,1
females\sample-137990.mp3,1
females\sample-137991.mp3,1
females\sample-137995.mp3,1
females\sample-138014.mp3,1
females\sample-138048.mp3,1
females\sample-138051.mp3,1
females\sample-138068.mp3,1
females\sample-138106.mp3,1
females\sample-138110.mp3,1
females\sample-138120.mp3,1
females\sample-138127.mp3,1
females\sample-138133.mp3,1
females\sample-138141.mp3,1
females\sample-138169.mp3,1
females\sample-138180.mp3,1
females\sample-138185.mp3,1
females\sample-138214.mp3,1
females\sample-138228.mp3,1
females\sample-138236.mp3,1
females\sample-138237.mp3,1
females\sample-138266.mp3,1
females\sample-138282.mp3,1
females\sample-138291.mp3,1
females\sample-138304.mp3,1
females\sample-138316.mp3,1
females\sample-138332.mp3,1
females\sample-138357.mp3,1
females\sample-138369.mp3,1
females\sample-138371.mp3,1
females\sample-138379.mp3,1
females\sample-138420.mp3,1
females\sample-138425.mp3,1
females\sample-138426.mp3,1
females\sample-138430.mp3,1
females\sample-138434.mp3,1
females\sample-138450.mp3,1
females\sample-138453.mp3,1
females\sample-138468.mp3,1
females\sample-138474.mp3,1
females\sample-138477.mp3,1
females\sample-138488.mp3,1
females\sample-138510.mp3,1
females\sample-138517.mp3,1
females\sample-138549.mp3,1
females\sample-138585.mp3,1
females\sample-138598.mp3,1
females\sample-138600.mp3,1
females\sample-138603.mp3,1
females\sample-138621.mp3,1
females\sample-138639.mp3,1
females\sample-138662.mp3,1
females\sample-138666.mp3,1
females\sample-138676.mp3,1
females\sample-138688.mp3,1
females\sample-138701.mp3,1
females\sample-138708.mp3,1
females\sample-138717.mp3,1
females\sample-138724.mp3,1
females\sample-138737.mp3,1
females\sample-138745.mp3,1
females\sample-138750.mp3,1
females\sample-138767.mp3,1
females\sample-138770.mp3,1
females\sample-138779.mp3,1
females\sample-138785.mp3,1
females\sample-138811.mp3,1
females\sample-138820.mp3,1
females\sample-138822.mp3,1
females\sample-138828.mp3,1
females\sample-138845.mp3,1
females\sample-138867.mp3,1
females\sample-138875.mp3,1
females\sample-138896.mp3,1
females\sample-138910.mp3,1
females\sample-138911.mp3,1
females\sample-138922.mp3,1
females\sample-138927.mp3,1
females\sample-138933.mp3,1
females\sample-138938.mp3,1
females\sample-138951.mp3,1
females\sample-138969.mp3,1
females\sample-138973.mp3,1
females\sample-138995.mp3,1
females\sample-139007.mp3,1
females\sample-139010.mp3,1
females\sample-139012.mp3,1
females\sample-139018.mp3,1
females\sample-139025.mp3,1
females\sample-139026.mp3,1
females\sample-139034.mp3,1
females\sample-139040.mp3,1
females\sample-139043.mp3,1
females\sample-139049.mp3,1
females\sample-139068.mp3,1
females\sample-139090.mp3,1
females\sample-139098.mp3,1
females\sample-139110.mp3,1
females\sample-139119.mp3,1
females\sample-139120.mp3,1
females\sample-139124.mp3,1
females\sample-139127.mp3,1
females\sample-139137.mp3,1
females\sample-139143.mp3,1
females\sample-139144.mp3,1
females\sample-139156.mp3,1
females\sample-139171.mp3,1
females\sample-139178.mp3,1
females\sample-139192.mp3,1
females\sample-139195.mp3,1
females\sample-139214.mp3,1
females\sample-139234.mp3,1
females\sample-139239.mp3,1
females\sample-139241.mp3,1
females\sample-139254.mp3,1
females\sample-139264.mp3,1
females\sample-139266.mp3,1
females\sample-139283.mp3,1
females\sample-139285.mp3,1
females\sample-139300.mp3,1
females\sample-139301.mp3,1
females\sample-139310.mp3,1
females\sample-139331.mp3,1
females\sample-139335.mp3,1
females\sample-139381.mp3,1
females\sample-139418.mp3,1
females\sample-139422.mp3,1
females\sample-139442.mp3,1
females\sample-139460.mp3,1
females\sample-139478.mp3,1
females\sample-139487.mp3,1
females\sample-139491.mp3,1
females\sample-139499.mp3,1
females\sample-139531.mp3,1
females\sample-139532.mp3,1
females\sample-139537.mp3,1
females\sample-139546.mp3,1
females\sample-139549.mp3,1
females\sample-139551.mp3,1
females\sample-139558.mp3,1
females\sample-139563.mp3,1
females\sample-139571.mp3,1
females\sample-139572.mp3,1
females\sample-139578.mp3,1
females\sample-139602.mp3,1
females\sample-139610.mp3,1
females\sample-139612.mp3,1
females\sample-139613.mp3,1
females\sample-139618.mp3,1
females\sample-139621.mp3,1
females\sample-139624.mp3,1
females\sample-139633.mp3,1
females\sample-139634.mp3,1
females\sample-139656.mp3,1
females\sample-139658.mp3,1
females\sample-139669.mp3,1
females\sample-139674.mp3,1
females\sample-139683.mp3,1
females\sample-139687.mp3,1
females\sample-139688.mp3,1
females\sample-139689.mp3,1
females\sample-139711.mp3,1
females\sample-139719.mp3,1
females\sample-139726.mp3,1
females\sample-139757.mp3,1
females\sample-139769.mp3,1
females\sample-139776.mp3,1
females\sample-139786.mp3,1
females\sample-139790.mp3,1
females\sample-139793.mp3,1
females\sample-139795.mp3,1
females\sample-139797.mp3,1
females\sample-139805.mp3,1
females\sample-139806.mp3,1
females\sample-139807.mp3,1
females\sample-139817.mp3,1
females\sample-139820.mp3,1
females\sample-139843.mp3,1
females\sample-139846.mp3,1
females\sample-139863.mp3,1
females\sample-139871.mp3,1
females\sample-139873.mp3,1
females\sample-139882.mp3,1
females\sample-139885.mp3,1
females\sample-139895.mp3,1
females\sample-139921.mp3,1
females\sample-139923.mp3,1
females\sample-139938.mp3,1
females\sample-139968.mp3,1
females\sample-139971.mp3,1
females\sample-139975.mp3,1
females\sample-139978.mp3,1
females\sample-139989.mp3,1
females\sample-139997.mp3,1
females\sample-139998.mp3,1
females\sample-140001.mp3,1
females\sample-140006.mp3,1
females\sample-140014.mp3,1
females\sample-140022.mp3,1
females\sample-140032.mp3,1
females\sample-140042.mp3,1
females\sample-140071.mp3,1
females\sample-140081.mp3,1
females\sample-140083.mp3,1
females\sample-140109.mp3,1
females\sample-140124.mp3,1
females\sample-140142.mp3,1
females\sample-140163.mp3,1
females\sample-140166.mp3,1
females\sample-140174.mp3,1
females\sample-140177.mp3,1
females\sample-140179.mp3,1
females\sample-140191.mp3,1
females\sample-140199.mp3,1
females\sample-140210.mp3,1
females\sample-140213.mp3,1
females\sample-140216.mp3,1
females\sample-140219.mp3,1
females\sample-140229.mp3,1
females\sample-140231.mp3,1
females\sample-140259.mp3,1
females\sample-140261.mp3,1
females\sample-140265.mp3,1
females\sample-140271.mp3,1
females\sample-140286.mp3,1
females\sample-140313.mp3,1
females\sample-140321.mp3,1
females\sample-140338.mp3,1
females\sample-140339.mp3,1
females\sample-140345.mp3,1
females\sample-140349.mp3,1
females\sample-140358.mp3,1
females\sample-140375.mp3,1
females\sample-140397.mp3,1
females\sample-140409.mp3,1
females\sample-140410.mp3,1
females\sample-140414.mp3,1
females\sample-140423.mp3,1
females\sample-140425.mp3,1
females\sample-140440.mp3,1
females\sample-140446.mp3,1
females\sample-140463.mp3,1
females\sample-140486.mp3,1
females\sample-140501.mp3,1
females\sample-140519.mp3,1
females\sample-140524.mp3,1
females\sample-140535.mp3,1
females\sample-140558.mp3,1
females\sample-140560.mp3,1
females\sample-140570.mp3,1
females\sample-140574.mp3,1
females\sample-140580.mp3,1
females\sample-140584.mp3,1
females\sample-140586.mp3,1
females\sample-140589.mp3,1
females\sample-140592.mp3,1
females\sample-140598.mp3,1
females\sample-140607.mp3,1
females\sample-140613.mp3,1
females\sample-140635.mp3,1
females\sample-140645.mp3,1
females\sample-140656.mp3,1
females\sample-140675.mp3,1
females\sample-140676.mp3,1
females\sample-140695.mp3,1
females\sample-140710.mp3,1
females\sample-140739.mp3,1
females\sample-140740.mp3,1
females\sample-140745.mp3,1
females\sample-140751.mp3,1
females\sample-140764.mp3,1
females\sample-140778.mp3,1
females\sample-140779.mp3,1
females\sample-140797.mp3,1
females\sample-140829.mp3,1
females\sample-140854.mp3,1
females\sample-140859.mp3,1
females\sample-140865.mp3,1
females\sample-140867.mp3,1
females\sample-140868.mp3,1
females\sample-140899.mp3,1
females\sample-140904.mp3,1
females\sample-140906.mp3,1
females\sample-140919.mp3,1
females\sample-140925.mp3,1
females\sample-140937.mp3,1
females\sample-140942.mp3,1
females\sample-140969.mp3,1
females\sample-140988.mp3,1
females\sample-140999.mp3,1
females\sample-141039.mp3,1
females\sample-141040.mp3,1
females\sample-141057.mp3,1
females\sample-141059.mp3,1
females\sample-141076.mp3,1
females\sample-141084.mp3,1
females\sample-141091.mp3,1
females\sample-141107.mp3,1
females\sample-141108.mp3,1
females\sample-141110.mp3,1
females\sample-141115.mp3,1
females\sample-141120.mp3,1
females\sample-141125.mp3,1
females\sample-141126.mp3,1
females\sample-141127.mp3,1
females\sample-141132.mp3,1
females\sample-141147.mp3,1
females\sample-141160.mp3,1
females\sample-141161.mp3,1
females\sample-141167.mp3,1
females\sample-141185.mp3,1
females\sample-141188.mp3,1
females\sample-141190.mp3,1
females\sample-141199.mp3,1
females\sample-141200.mp3,1
females\sample-141220.mp3,1
females\sample-141235.mp3,1
females\sample-141251.mp3,1
females\sample-141256.mp3,1
females\sample-141282.mp3,1
females\sample-141294.mp3,1
females\sample-141297.mp3,1
females\sample-141305.mp3,1
females\sample-141309.mp3,1
females\sample-141312.mp3,1
females\sample-141336.mp3,1
females\sample-141380.mp3,1
females\sample-141392.mp3,1
females\sample-141422.mp3,1
females\sample-141425.mp3,1
females\sample-141434.mp3,1
females\sample-141439.mp3,1
females\sample-141440.mp3,1
females\sample-141451.mp3,1
females\sample-141499.mp3,1
females\sample-141507.mp3,1
females\sample-141534.mp3,1
females\sample-141541.mp3,1
females\sample-141563.mp3,1
females\sample-141564.mp3,1
females\sample-141571.mp3,1
females\sample-141583.mp3,1
females\sample-141586.mp3,1
females\sample-141587.mp3,1
females\sample-141601.mp3,1
females\sample-141609.mp3,1
females\sample-141623.mp3,1
females\sample-141637.mp3,1
females\sample-141644.mp3,1
females\sample-141651.mp3,1
females\sample-141663.mp3,1
females\sample-141672.mp3,1
females\sample-141707.mp3,1
females\sample-141719.mp3,1
females\sample-141720.mp3,1
females\sample-141722.mp3,1
females\sample-141726.mp3,1
females\sample-141727.mp3,1
females\sample-141771.mp3,1
females\sample-141785.mp3,1
females\sample-141791.mp3,1
females\sample-141793.mp3,1
females\sample-141796.mp3,1
females\sample-141829.mp3,1
females\sample-141836.mp3,1
females\sample-141838.mp3,1
females\sample-141849.mp3,1
females\sample-141857.mp3,1
females\sample-141862.mp3,1
females\sample-141877.mp3,1
females\sample-141878.mp3,1
females\sample-141894.mp3,1
females\sample-141903.mp3,1
females\sample-141907.mp3,1
females\sample-141911.mp3,1
females\sample-141927.mp3,1
females\sample-141930.mp3,1
females\sample-141948.mp3,1
females\sample-141949.mp3,1
females\sample-141970.mp3,1
females\sample-142015.mp3,1
females\sample-142018.mp3,1
females\sample-142022.mp3,1
females\sample-142024.mp3,1
females\sample-142049.mp3,1
females\sample-142059.mp3,1
females\sample-142067.mp3,1
females\sample-142069.mp3,1
females\sample-142070.mp3,1
females\sample-142088.mp3,1
females\sample-142092.mp3,1
females\sample-142099.mp3,1
females\sample-142100.mp3,1
females\sample-142117.mp3,1
females\sample-142159.mp3,1
females\sample-142167.mp3,1
females\sample-142176.mp3,1
females\sample-142201.mp3,1
females\sample-142223.mp3,1
females\sample-142229.mp3,1
females\sample-142259.mp3,1
females\sample-142272.mp3,1
females\sample-142276.mp3,1
females\sample-142289.mp3,1
females\sample-142308.mp3,1
females\sample-142325.mp3,1
females\sample-142343.mp3,1
females\sample-142347.mp3,1
females\sample-142369.mp3,1
females\sample-142383.mp3,1
females\sample-142384.mp3,1
females\sample-142396.mp3,1
females\sample-142405.mp3,1
females\sample-142407.mp3,1
females\sample-142413.mp3,1
females\sample-142416.mp3,1
females\sample-142423.mp3,1
females\sample-142437.mp3,1
females\sample-142443.mp3,1
females\sample-142445.mp3,1
females\sample-142456.mp3,1
females\sample-142465.mp3,1
females\sample-142467.mp3,1
females\sample-142505.mp3,1
females\sample-142506.mp3,1
females\sample-142513.mp3,1
females\sample-142525.mp3,1
females\sample-142534.mp3,1
females\sample-142540.mp3,1
females\sample-142549.mp3,1
females\sample-142550.mp3,1
females\sample-142561.mp3,1
females\sample-142562.mp3,1
females\sample-142584.mp3,1
females\sample-142594.mp3,1
females\sample-142598.mp3,1
females\sample-142606.mp3,1
females\sample-142608.mp3,1
females\sample-142628.mp3,1
females\sample-142629.mp3,1
females\sample-142632.mp3,1
females\sample-142634.mp3,1
females\sample-142643.mp3,1
females\sample-142646.mp3,1
females\sample-142652.mp3,1
females\sample-142674.mp3,1
females\sample-142678.mp3,1
females\sample-142693.mp3,1
females\sample-142695.mp3,1
females\sample-142708.mp3,1
females\sample-142713.mp3,1
females\sample-142716.mp3,1
females\sample-142730.mp3,1
females\sample-142745.mp3,1
females\sample-142757.mp3,1
females\sample-142765.mp3,1
females\sample-142768.mp3,1
females\sample-142770.mp3,1
females\sample-142794.mp3,1
females\sample-142797.mp3,1
females\sample-142800.mp3,1
females\sample-142821.mp3,1
females\sample-142828.mp3,1
females\sample-142830.mp3,1
females\sample-142837.mp3,1
females\sample-142843.mp3,1
females\sample-142862.mp3,1
females\sample-142874.mp3,1
females\sample-142891.mp3,1
females\sample-142902.mp3,1
females\sample-142904.mp3,1
females\sample-142907.mp3,1
females\sample-142911.mp3,1
females\sample-142930.mp3,1
females\sample-142950.mp3,1
females\sample-142957.mp3,1
females\sample-142958.mp3,1
females\sample-142966.mp3,1
females\sample-142968.mp3,1
females\sample-142998.mp3,1
females\sample-142999.mp3,1
females\sample-143004.mp3,1
females\sample-143011.mp3,1
females\sample-143037.mp3,1
females\sample-143053.mp3,1
females\sample-143068.mp3,1
females\sample-143085.mp3,1
females\sample-143087.mp3,1
females\sample-143090.mp3,1
females\sample-143097.mp3,1
females\sample-143098.mp3,1
females\sample-143105.mp3,1
females\sample-143115.mp3,1
females\sample-143122.mp3,1
females\sample-143123.mp3,1
females\sample-143135.mp3,1
females\sample-143141.mp3,1
females\sample-143159.mp3,1
females\sample-143168.mp3,1
females\sample-143180.mp3,1
females\sample-143201.mp3,1
females\sample-143209.mp3,1
females\sample-143225.mp3,1
females\sample-143237.mp3,1
females\sample-143239.mp3,1
females\sample-143246.mp3,1
females\sample-143260.mp3,1
females\sample-143274.mp3,1
females\sample-143278.mp3,1
females\sample-143280.mp3,1
females\sample-143288.mp3,1
females\sample-143293.mp3,1
females\sample-143303.mp3,1
females\sample-143315.mp3,1
females\sample-143331.mp3,1
females\sample-143332.mp3,1
females\sample-143337.mp3,1
females\sample-143346.mp3,1
females\sample-143349.mp3,1
females\sample-143353.mp3,1
females\sample-143358.mp3,1
females\sample-143364.mp3,1
females\sample-143375.mp3,1
females\sample-143390.mp3,1
females\sample-143400.mp3,1
females\sample-143410.mp3,1
females\sample-143421.mp3,1
females\sample-143426.mp3,1
females\sample-143429.mp3,1
females\sample-143439.mp3,1
females\sample-143456.mp3,1
females\sample-143468.mp3,1
females\sample-143474.mp3,1
females\sample-143477.mp3,1
females\sample-143486.mp3,1
females\sample-143490.mp3,1
females\sample-143493.mp3,1
females\sample-143501.mp3,1
females\sample-143511.mp3,1
females\sample-143537.mp3,1
females\sample-143551.mp3,1
females\sample-143568.mp3,1
females\sample-143585.mp3,1
females\sample-143588.mp3,1
females\sample-143592.mp3,1
females\sample-143604.mp3,1
females\sample-143627.mp3,1
females\sample-143635.mp3,1
females\sample-143636.mp3,1
females\sample-143663.mp3,1
females\sample-143670.mp3,1
females\sample-143680.mp3,1
females\sample-143681.mp3,1
females\sample-143685.mp3,1
females\sample-143734.mp3,1
females\sample-143741.mp3,1
females\sample-143756.mp3,1
females\sample-143768.mp3,1
females\sample-143775.mp3,1
females\sample-143781.mp3,1
females\sample-143789.mp3,1
females\sample-143790.mp3,1
females\sample-143831.mp3,1
females\sample-143834.mp3,1
females\sample-143843.mp3,1
females\sample-143927.mp3,1
females\sample-143929.mp3,1
females\sample-143930.mp3,1
females\sample-143933.mp3,1
females\sample-143938.mp3,1
females\sample-143955.mp3,1
females\sample-143981.mp3,1
females\sample-143986.mp3,1
females\sample-144000.mp3,1
females\sample-144016.mp3,1
females\sample-144018.mp3,1
females\sample-144027.mp3,1
females\sample-144029.mp3,1
females\sample-144039.mp3,1
females\sample-144044.mp3,1
females\sample-144055.mp3,1
females\sample-144063.mp3,1
females\sample-144064.mp3,1
females\sample-144074.mp3,1
females\sample-144082.mp3,1
females\sample-144088.mp3,1
females\sample-144096.mp3,1
females\sample-144099.mp3,1
females\sample-144105.mp3,1
females\sample-144110.mp3,1
females\sample-144121.mp3,1
females\sample-144126.mp3,1
females\sample-144141.mp3,1
females\sample-144144.mp3,1
females\sample-144145.mp3,1
females\sample-144146.mp3,1
females\sample-144152.mp3,1
females\sample-144169.mp3,1
females\sample-144171.mp3,1
females\sample-144191.mp3,1
females\sample-144200.mp3,1
females\sample-144213.mp3,1
females\sample-144217.mp3,1
females\sample-144218.mp3,1
females\sample-144220.mp3,1
females\sample-144221.mp3,1
females\sample-144222.mp3,1
females\sample-144225.mp3,1
females\sample-144226.mp3,1
females\sample-144228.mp3,1
females\sample-144229.mp3,1
females\sample-144230.mp3,1
females\sample-144234.mp3,1
females\sample-144271.mp3,1
females\sample-144284.mp3,1
females\sample-144309.mp3,1
females\sample-144310.mp3,1
females\sample-144314.mp3,1
females\sample-144330.mp3,1
females\sample-144338.mp3,1
females\sample-144354.mp3,1
females\sample-144357.mp3,1
females\sample-144371.mp3,1
females\sample-144377.mp3,1
females\sample-144382.mp3,1
females\sample-144396.mp3,1
females\sample-144404.mp3,1
females\sample-144406.mp3,1
females\sample-144424.mp3,1
females\sample-144438.mp3,1
females\sample-144440.mp3,1
females\sample-144444.mp3,1
females\sample-144447.mp3,1
females\sample-144457.mp3,1
females\sample-144484.mp3,1
females\sample-144492.mp3,1
females\sample-144500.mp3,1
females\sample-144510.mp3,1
females\sample-144512.mp3,1
females\sample-144527.mp3,1
females\sample-144557.mp3,1
females\sample-144570.mp3,1
females\sample-144574.mp3,1
females\sample-144586.mp3,1
females\sample-144593.mp3,1
females\sample-144603.mp3,1
females\sample-144612.mp3,1
females\sample-144613.mp3,1
females\sample-144616.mp3,1
females\sample-144645.mp3,1
females\sample-144657.mp3,1
females\sample-144661.mp3,1
females\sample-144663.mp3,1
females\sample-144681.mp3,1
females\sample-144688.mp3,1
females\sample-144704.mp3,1
females\sample-144709.mp3,1
females\sample-144719.mp3,1
females\sample-144726.mp3,1
females\sample-144732.mp3,1
females\sample-144736.mp3,1
females\sample-144746.mp3,1
females\sample-144754.mp3,1
females\sample-144774.mp3,1
females\sample-144801.mp3,1
females\sample-144817.mp3,1
females\sample-144836.mp3,1
females\sample-144841.mp3,1
females\sample-144853.mp3,1
females\sample-144883.mp3,1
females\sample-144915.mp3,1
females\sample-144919.mp3,1
females\sample-144925.mp3,1
females\sample-144948.mp3,1
females\sample-144971.mp3,1
females\sample-145005.mp3,1
females\sample-145008.mp3,1
females\sample-145009.mp3,1
females\sample-145011.mp3,1
females\sample-145012.mp3,1
females\sample-145016.mp3,1
females\sample-145031.mp3,1
females\sample-145034.mp3,1
females\sample-145035.mp3,1
females\sample-145041.mp3,1
females\sample-145048.mp3,1
females\sample-145065.mp3,1
females\sample-145068.mp3,1
females\sample-145073.mp3,1
females\sample-145076.mp3,1
females\sample-145091.mp3,1
females\sample-145101.mp3,1
females\sample-145116.mp3,1
females\sample-145119.mp3,1
females\sample-145123.mp3,1
females\sample-170843.mp3,1
females\sample-170847.mp3,1
females\sample-170859.mp3,1
females\sample-170868.mp3,1
females\sample-170877.mp3,1
females\sample-170889.mp3,1
females\sample-170894.mp3,1
females\sample-170897.mp3,1
females\sample-170910.mp3,1
females\sample-170914.mp3,1
females\sample-170917.mp3,1
females\sample-170922.mp3,1
females\sample-170939.mp3,1
females\sample-170942.mp3,1
females\sample-170965.mp3,1
females\sample-170975.mp3,1
females\sample-170981.mp3,1
females\sample-170983.mp3,1
females\sample-170990.mp3,1
females\sample-170997.mp3,1
females\sample-171002.mp3,1
females\sample-171013.mp3,1
females\sample-171019.mp3,1
females\sample-171027.mp3,1
females\sample-171059.mp3,1
females\sample-171063.mp3,1
females\sample-171084.mp3,1
females\sample-171089.mp3,1
females\sample-171104.mp3,1
females\sample-171114.mp3,1
females\sample-171117.mp3,1
females\sample-171122.mp3,1
females\sample-171141.mp3,1
females\sample-171144.mp3,1
females\sample-171160.mp3,1
females\sample-171173.mp3,1
females\sample-171197.mp3,1
females\sample-171213.mp3,1
females\sample-171234.mp3,1
females\sample-171246.mp3,1
females\sample-171283.mp3,1
females\sample-171307.mp3,1
females\sample-171330.mp3,1
females\sample-171333.mp3,1
females\sample-171345.mp3,1
females\sample-171358.mp3,1
females\sample-171359.mp3,1
females\sample-171361.mp3,1
females\sample-171367.mp3,1
females\sample-171370.mp3,1
females\sample-171398.mp3,1
females\sample-171400.mp3,1
females\sample-171419.mp3,1
females\sample-171420.mp3,1
females\sample-171421.mp3,1
females\sample-171433.mp3,1
females\sample-171440.mp3,1
females\sample-171450.mp3,1
females\sample-171452.mp3,1
females\sample-171457.mp3,1
females\sample-171459.mp3,1
females\sample-171461.mp3,1
females\sample-171464.mp3,1
females\sample-171471.mp3,1
females\sample-171473.mp3,1
females\sample-171486.mp3,1
females\sample-171510.mp3,1
females\sample-171555.mp3,1
females\sample-171574.mp3,1
females\sample-171577.mp3,1
females\sample-171581.mp3,1
females\sample-171583.mp3,1
females\sample-171595.mp3,1
females\sample-171608.mp3,1
females\sample-171631.mp3,1
females\sample-171639.mp3,1
females\sample-171640.mp3,1
females\sample-171647.mp3,1
females\sample-171691.mp3,1
females\sample-171703.mp3,1
females\sample-171720.mp3,1
females\sample-171726.mp3,1
females\sample-171744.mp3,1
females\sample-171761.mp3,1
females\sample-171765.mp3,1
females\sample-171779.mp3,1
females\sample-171785.mp3,1
females\sample-171800.mp3,1
females\sample-171808.mp3,1
females\sample-171822.mp3,1
females\sample-171835.mp3,1
females\sample-171836.mp3,1
females\sample-171838.mp3,1
females\sample-171871.mp3,1
females\sample-171872.mp3,1
females\sample-171883.mp3,1
females\sample-171895.mp3,1
females\sample-171901.mp3,1
females\sample-171908.mp3,1
females\sample-171925.mp3,1
females\sample-171935.mp3,1
females\sample-171940.mp3,1
females\sample-171946.mp3,1
females\sample-171955.mp3,1
females\sample-171957.mp3,1
females\sample-171962.mp3,1
females\sample-171966.mp3,1
females\sample-171979.mp3,1
females\sample-171980.mp3,1
females\sample-171985.mp3,1
females\sample-172004.mp3,1
females\sample-172007.mp3,1
females\sample-172021.mp3,1
females\sample-172065.mp3,1
females\sample-172073.mp3,1
females\sample-172074.mp3,1
females\sample-172090.mp3,1
females\sample-172114.mp3,1
females\sample-172128.mp3,1
females\sample-172133.mp3,1
females\sample-172156.mp3,1
females\sample-172164.mp3,1
females\sample-172167.mp3,1
females\sample-172168.mp3,1
females\sample-172172.mp3,1
females\sample-172199.mp3,1
females\sample-172208.mp3,1
females\sample-172214.mp3,1
females\sample-172224.mp3,1
females\sample-172228.mp3,1
females\sample-172240.mp3,1
females\sample-172248.mp3,1
females\sample-172266.mp3,1
females\sample-172271.mp3,1
females\sample-172280.mp3,1
females\sample-172324.mp3,1
females\sample-172355.mp3,1
females\sample-172363.mp3,1
females\sample-172367.mp3,1
females\sample-172370.mp3,1
females\sample-172385.mp3,1
females\sample-172392.mp3,1
females\sample-172396.mp3,1
females\sample-172410.mp3,1
females\sample-172411.mp3,1
females\sample-172434.mp3,1
females\sample-172456.mp3,1
females\sample-172471.mp3,1
females\sample-172472.mp3,1
females\sample-172476.mp3,1
females\sample-172486.mp3,1
females\sample-172493.mp3,1
females\sample-172507.mp3,1
females\sample-172520.mp3,1
females\sample-172533.mp3,1
females\sample-172535.mp3,1
females\sample-172536.mp3,1
females\sample-172541.mp3,1
females\sample-172543.mp3,1
females\sample-172544.mp3,1
females\sample-172568.mp3,1
females\sample-172572.mp3,1
females\sample-172577.mp3,1
females\sample-172580.mp3,1
females\sample-172615.mp3,1
females\sample-172635.mp3,1
females\sample-172646.mp3,1
females\sample-172666.mp3,1
females\sample-172682.mp3,1
females\sample-172688.mp3,1
females\sample-172696.mp3,1
females\sample-172698.mp3,1
females\sample-172699.mp3,1
females\sample-172700.mp3,1
females\sample-172708.mp3,1
females\sample-172716.mp3,1
females\sample-172724.mp3,1
females\sample-172761.mp3,1
females\sample-172767.mp3,1
females\sample-172779.mp3,1
females\sample-172788.mp3,1
females\sample-172802.mp3,1
females\sample-172803.mp3,1
females\sample-172808.mp3,1
females\sample-172813.mp3,1
females\sample-172828.mp3,1
females\sample-172830.mp3,1
females\sample-172831.mp3,1
females\sample-172832.mp3,1
females\sample-172835.mp3,1
females\sample-172862.mp3,1
females\sample-172890.mp3,1
females\sample-172892.mp3,1
females\sample-172901.mp3,1
females\sample-172903.mp3,1
females\sample-172928.mp3,1
females\sample-172932.mp3,1
females\sample-172943.mp3,1
females\sample-172945.mp3,1
females\sample-172946.mp3,1
females\sample-172951.mp3,1
females\sample-172953.mp3,1
females\sample-172965.mp3,1
females\sample-172978.mp3,1
females\sample-172984.mp3,1
females\sample-172987.mp3,1
females\sample-172989.mp3,1
females\sample-172991.mp3,1
females\sample-173009.mp3,1
females\sample-173012.mp3,1
females\sample-173020.mp3,1
females\sample-173030.mp3,1
females\sample-173048.mp3,1
females\sample-173061.mp3,1
females\sample-173064.mp3,1
females\sample-173073.mp3,1
females\sample-173074.mp3,1
females\sample-173080.mp3,1
females\sample-173081.mp3,1
females\sample-173085.mp3,1
females\sample-173093.mp3,1
females\sample-173142.mp3,1
females\sample-173147.mp3,1
females\sample-173156.mp3,1
females\sample-173164.mp3,1
females\sample-173175.mp3,1
females\sample-173180.mp3,1
females\sample-173186.mp3,1
females\sample-173187.mp3,1
females\sample-173226.mp3,1
females\sample-173238.mp3,1
females\sample-173255.mp3,1
females\sample-173290.mp3,1
females\sample-173299.mp3,1
females\sample-173344.mp3,1
females\sample-173349.mp3,1
females\sample-173350.mp3,1
females\sample-173367.mp3,1
females\sample-173379.mp3,1
females\sample-173388.mp3,1
females\sample-173390.mp3,1
females\sample-173406.mp3,1
females\sample-173407.mp3,1
females\sample-173420.mp3,1
females\sample-173454.mp3,1
females\sample-173465.mp3,1
females\sample-173484.mp3,1
females\sample-173487.mp3,1
females\sample-173504.mp3,1
females\sample-173509.mp3,1
females\sample-173526.mp3,1
females\sample-173538.mp3,1
females\sample-173553.mp3,1
females\sample-173556.mp3,1
females\sample-173563.mp3,1
females\sample-173575.mp3,1
females\sample-173580.mp3,1
females\sample-173605.mp3,1
females\sample-173620.mp3,1
females\sample-173626.mp3,1
females\sample-173628.mp3,1
females\sample-173635.mp3,1
females\sample-173642.mp3,1
females\sample-173645.mp3,1
females\sample-173646.mp3,1
females\sample-173647.mp3,1
females\sample-173650.mp3,1
females\sample-173655.mp3,1
females\sample-173669.mp3,1
females\sample-173675.mp3,1
females\sample-173698.mp3,1
females\sample-173714.mp3,1
females\sample-173719.mp3,1
females\sample-173727.mp3,1
females\sample-173729.mp3,1
females\sample-173733.mp3,1
females\sample-173742.mp3,1
females\sample-173754.mp3,1
females\sample-173787.mp3,1
females\sample-173842.mp3,1
females\sample-173843.mp3,1
females\sample-173845.mp3,1
females\sample-173847.mp3,1
females\sample-173870.mp3,1
females\sample-173895.mp3,1
females\sample-173924.mp3,1
females\sample-173939.mp3,1
females\sample-173945.mp3,1
females\sample-173948.mp3,1
females\sample-173952.mp3,1
females\sample-173960.mp3,1
females\sample-173977.mp3,1
females\sample-173981.mp3,1
females\sample-173995.mp3,1
females\sample-174006.mp3,1
females\sample-174008.mp3,1
females\sample-174022.mp3,1
females\sample-174036.mp3,1
females\sample-174069.mp3,1
females\sample-174100.mp3,1
females\sample-174103.mp3,1
females\sample-174139.mp3,1
females\sample-174144.mp3,1
females\sample-174165.mp3,1
females\sample-174183.mp3,1
females\sample-174184.mp3,1
females\sample-174190.mp3,1
females\sample-174218.mp3,1
females\sample-174223.mp3,1
females\sample-174241.mp3,1
females\sample-174252.mp3,1
females\sample-174265.mp3,1
females\sample-174266.mp3,1
females\sample-174279.mp3,1
females\sample-174292.mp3,1
females\sample-174303.mp3,1
females\sample-174340.mp3,1
females\sample-174342.mp3,1
females\sample-174345.mp3,1
females\sample-174359.mp3,1
females\sample-174381.mp3,1
females\sample-174389.mp3,1
females\sample-174392.mp3,1
females\sample-174393.mp3,1
females\sample-174395.mp3,1
females\sample-174401.mp3,1
females\sample-174437.mp3,1
females\sample-174446.mp3,1
females\sample-174456.mp3,1
females\sample-174511.mp3,1
females\sample-174524.mp3,1
females\sample-174544.mp3,1
females\sample-174566.mp3,1
females\sample-174572.mp3,1
females\sample-174573.mp3,1
females\sample-174598.mp3,1
females\sample-174614.mp3,1
females\sample-174658.mp3,1
females\sample-174661.mp3,1
females\sample-174664.mp3,1
females\sample-174673.mp3,1
females\sample-174689.mp3,1
females\sample-174696.mp3,1
females\sample-174700.mp3,1
females\sample-174707.mp3,1
females\sample-174717.mp3,1
females\sample-174734.mp3,1
females\sample-174735.mp3,1
females\sample-174757.mp3,1
females\sample-174785.mp3,1
females\sample-174791.mp3,1
females\sample-174816.mp3,1
females\sample-174818.mp3,1
females\sample-174822.mp3,1
females\sample-174841.mp3,1
females\sample-174854.mp3,1
females\sample-174883.mp3,1
females\sample-174897.mp3,1
females\sample-174909.mp3,1
females\sample-174916.mp3,1
females\sample-174918.mp3,1
females\sample-174920.mp3,1
females\sample-174936.mp3,1
females\sample-174938.mp3,1
females\sample-174941.mp3,1
females\sample-174945.mp3,1
females\sample-174965.mp3,1
females\sample-174972.mp3,1
females\sample-174975.mp3,1
females\sample-174976.mp3,1
females\sample-174998.mp3,1
females\sample-175028.mp3,1
females\sample-175034.mp3,1
females\sample-175056.mp3,1
females\sample-175065.mp3,1
females\sample-175079.mp3,1
females\sample-175098.mp3,1
females\sample-175100.mp3,1
females\sample-175106.mp3,1
females\sample-175107.mp3,1
females\sample-175111.mp3,1
females\sample-175117.mp3,1
females\sample-175122.mp3,1
females\sample-175134.mp3,1
females\sample-175147.mp3,1
females\sample-175161.mp3,1
females\sample-175164.mp3,1
females\sample-175167.mp3,1
females\sample-175173.mp3,1
females\sample-175176.mp3,1
females\sample-175181.mp3,1
females\sample-175190.mp3,1
females\sample-175231.mp3,1
females\sample-175251.mp3,1
females\sample-175261.mp3,1
females\sample-175266.mp3,1
females\sample-175268.mp3,1
females\sample-175278.mp3,1
females\sample-175283.mp3,1
females\sample-175291.mp3,1
females\sample-175299.mp3,1
females\sample-175309.mp3,1
females\sample-175313.mp3,1
females\sample-175336.mp3,1
females\sample-175341.mp3,1
females\sample-175342.mp3,1
females\sample-175351.mp3,1
females\sample-175371.mp3,1
females\sample-175376.mp3,1
females\sample-175386.mp3,1
females\sample-175389.mp3,1
females\sample-175399.mp3,1
females\sample-175406.mp3,1
females\sample-175447.mp3,1
females\sample-175458.mp3,1
females\sample-175459.mp3,1
females\sample-175467.mp3,1
females\sample-175481.mp3,1
females\sample-175495.mp3,1
females\sample-175499.mp3,1
females\sample-175507.mp3,1
females\sample-175520.mp3,1
females\sample-175522.mp3,1
females\sample-175542.mp3,1
females\sample-175550.mp3,1
females\sample-175565.mp3,1
females\sample-175568.mp3,1
females\sample-175576.mp3,1
females\sample-175592.mp3,1
females\sample-175613.mp3,1
females\sample-175637.mp3,1
females\sample-175646.mp3,1
females\sample-175654.mp3,1
females\sample-175655.mp3,1
females\sample-175656.mp3,1
females\sample-175662.mp3,1
females\sample-175664.mp3,1
females\sample-175673.mp3,1
females\sample-175684.mp3,1
females\sample-175700.mp3,1
females\sample-175703.mp3,1
females\sample-175716.mp3,1
females\sample-175721.mp3,1
females\sample-175724.mp3,1
females\sample-175728.mp3,1
females\sample-175730.mp3,1
females\sample-175736.mp3,1
females\sample-175756.mp3,1
females\sample-175764.mp3,1
females\sample-175765.mp3,1
females\sample-175768.mp3,1
females\sample-175770.mp3,1
females\sample-175781.mp3,1
females\sample-175782.mp3,1
females\sample-175787.mp3,1
females\sample-175836.mp3,1
females\sample-175840.mp3,1
females\sample-175848.mp3,1
females\sample-175889.mp3,1
females\sample-175925.mp3,1
females\sample-175939.mp3,1
females\sample-175961.mp3,1
females\sample-175986.mp3,1
females\sample-175990.mp3,1
females\sample-176006.mp3,1
females\sample-176015.mp3,1
females\sample-176028.mp3,1
females\sample-176030.mp3,1
females\sample-176053.mp3,1
females\sample-176070.mp3,1
females\sample-176072.mp3,1
females\sample-176079.mp3,1
females\sample-176085.mp3,1
females\sample-176086.mp3,1
females\sample-176090.mp3,1
females\sample-176097.mp3,1
females\sample-176101.mp3,1
females\sample-176102.mp3,1
females\sample-176104.mp3,1
females\sample-176106.mp3,1
females\sample-176117.mp3,1
females\sample-176141.mp3,1
females\sample-176158.mp3,1
females\sample-176182.mp3,1
females\sample-176194.mp3,1
females\sample-176230.mp3,1
females\sample-176241.mp3,1
females\sample-176251.mp3,1
females\sample-176260.mp3,1
females\sample-176263.mp3,1
females\sample-176270.mp3,1
females\sample-176285.mp3,1
females\sample-176296.mp3,1
females\sample-176321.mp3,1
females\sample-176322.mp3,1
females\sample-176325.mp3,1
females\sample-176328.mp3,1
females\sample-176330.mp3,1
females\sample-176342.mp3,1
females\sample-176373.mp3,1
females\sample-176374.mp3,1
females\sample-176377.mp3,1
females\sample-176386.mp3,1
females\sample-176395.mp3,1
females\sample-176396.mp3,1
females\sample-176414.mp3,1
females\sample-176426.mp3,1
females\sample-176429.mp3,1
females\sample-176431.mp3,1
females\sample-176435.mp3,1
females\sample-176445.mp3,1
females\sample-176461.mp3,1
females\sample-176479.mp3,1
females\sample-176483.mp3,1
females\sample-176514.mp3,1
females\sample-176529.mp3,1
females\sample-176542.mp3,1
females\sample-176543.mp3,1
females\sample-176546.mp3,1
females\sample-176549.mp3,1
females\sample-176576.mp3,1
females\sample-176622.mp3,1
females\sample-176635.mp3,1
females\sample-176638.mp3,1
females\sample-176658.mp3,1
females\sample-176663.mp3,1
females\sample-176668.mp3,1
females\sample-176683.mp3,1
females\sample-176705.mp3,1
females\sample-176712.mp3,1
females\sample-176717.mp3,1
females\sample-176752.mp3,1
females\sample-176766.mp3,1
females\sample-176767.mp3,1
females\sample-176774.mp3,1
females\sample-176776.mp3,1
females\sample-176778.mp3,1
females\sample-176792.mp3,1
females\sample-176793.mp3,1
females\sample-176808.mp3,1
females\sample-176816.mp3,1
females\sample-176842.mp3,1
females\sample-176856.mp3,1
females\sample-176872.mp3,1
females\sample-176875.mp3,1
females\sample-176887.mp3,1
females\sample-176888.mp3,1
females\sample-176889.mp3,1
females\sample-176926.mp3,1
females\sample-176941.mp3,1
females\sample-176945.mp3,1
females\sample-176966.mp3,1
females\sample-176980.mp3,1
females\sample-176998.mp3,1
females\sample-176999.mp3,1
females\sample-177010.mp3,1
females\sample-177014.mp3,1
females\sample-177023.mp3,1
females\sample-177032.mp3,1
females\sample-177042.mp3,1
females\sample-177043.mp3,1
females\sample-177046.mp3,1
females\sample-177050.mp3,1
females\sample-177065.mp3,1
females\sample-177069.mp3,1
females\sample-177076.mp3,1
females\sample-177102.mp3,1
females\sample-177132.mp3,1
females\sample-177161.mp3,1
females\sample-177173.mp3,1
females\sample-177177.mp3,1
females\sample-177180.mp3,1
females\sample-177197.mp3,1
females\sample-177211.mp3,1
females\sample-177215.mp3,1
females\sample-177228.mp3,1
females\sample-177271.mp3,1
females\sample-177297.mp3,1
females\sample-177307.mp3,1
females\sample-177309.mp3,1
females\sample-177331.mp3,1
females\sample-177335.mp3,1
females\sample-177349.mp3,1
females\sample-177358.mp3,1
females\sample-177362.mp3,1
females\sample-177377.mp3,1
females\sample-177399.mp3,1
females\sample-177410.mp3,1
females\sample-177432.mp3,1
females\sample-177453.mp3,1
females\sample-177463.mp3,1
females\sample-177466.mp3,1
females\sample-177469.mp3,1
females\sample-177477.mp3,1
females\sample-177489.mp3,1
females\sample-177519.mp3,1
females\sample-177525.mp3,1
females\sample-177526.mp3,1
females\sample-177534.mp3,1
females\sample-177553.mp3,1
females\sample-177554.mp3,1
females\sample-177556.mp3,1
females\sample-177566.mp3,1
females\sample-177585.mp3,1
females\sample-177588.mp3,1
females\sample-177592.mp3,1
females\sample-177598.mp3,1
females\sample-177601.mp3,1
females\sample-177603.mp3,1
females\sample-177604.mp3,1
females\sample-177622.mp3,1
females\sample-177638.mp3,1
females\sample-177663.mp3,1
females\sample-177671.mp3,1
females\sample-177675.mp3,1
females\sample-177678.mp3,1
females\sample-177680.mp3,1
females\sample-177683.mp3,1
females\sample-177686.mp3,1
females\sample-177688.mp3,1
females\sample-177692.mp3,1
females\sample-177700.mp3,1
females\sample-177701.mp3,1
females\sample-177711.mp3,1
females\sample-177735.mp3,1
females\sample-177748.mp3,1
females\sample-177751.mp3,1
females\sample-177761.mp3,1
females\sample-177787.mp3,1
females\sample-177792.mp3,1
females\sample-177795.mp3,1
females\sample-177799.mp3,1
females\sample-177815.mp3,1
females\sample-177822.mp3,1
females\sample-177844.mp3,1
females\sample-177852.mp3,1
females\sample-177854.mp3,1
females\sample-177882.mp3,1
females\sample-177886.mp3,1
females\sample-177898.mp3,1
females\sample-177902.mp3,1
females\sample-177903.mp3,1
females\sample-177904.mp3,1
females\sample-177911.mp3,1
females\sample-177946.mp3,1
females\sample-177961.mp3,1
females\sample-177962.mp3,1
females\sample-177963.mp3,1
females\sample-177972.mp3,1
females\sample-177979.mp3,1
females\sample-178001.mp3,1
females\sample-178006.mp3,1
females\sample-178008.mp3,1
females\sample-178011.mp3,1
females\sample-178012.mp3,1
females\sample-178035.mp3,1
females\sample-178038.mp3,1
females\sample-178040.mp3,1
females\sample-178044.mp3,1
females\sample-178052.mp3,1
females\sample-178074.mp3,1
females\sample-178086.mp3,1
females\sample-178096.mp3,1
females\sample-178098.mp3,1
females\sample-178121.mp3,1
females\sample-178125.mp3,1
females\sample-178145.mp3,1
females\sample-178174.mp3,1
females\sample-178175.mp3,1
females\sample-178200.mp3,1
females\sample-178203.mp3,1
females\sample-178207.mp3,1
females\sample-178223.mp3,1
females\sample-178229.mp3,1
females\sample-178245.mp3,1
females\sample-178287.mp3,1
females\sample-178294.mp3,1
females\sample-178296.mp3,1
females\sample-178309.mp3,1
females\sample-178340.mp3,1
females\sample-178341.mp3,1
females\sample-178354.mp3,1
females\sample-178356.mp3,1
females\sample-178370.mp3,1
females\sample-178387.mp3,1
females\sample-178401.mp3,1
females\sample-178407.mp3,1
females\sample-178419.mp3,1
females\sample-178422.mp3,1
females\sample-178455.mp3,1
females\sample-178469.mp3,1
females\sample-178477.mp3,1
females\sample-178486.mp3,1
females\sample-178488.mp3,1
females\sample-178495.mp3,1
females\sample-178498.mp3,1
females\sample-178501.mp3,1
females\sample-178515.mp3,1
females\sample-178525.mp3,1
females\sample-178527.mp3,1
females\sample-178530.mp3,1
females\sample-178541.mp3,1
females\sample-178542.mp3,1
females\sample-178557.mp3,1
females\sample-178561.mp3,1
females\sample-178567.mp3,1
females\sample-178581.mp3,1
females\sample-178619.mp3,1
females\sample-178628.mp3,1
females\sample-178684.mp3,1
females\sample-178686.mp3,1
females\sample-178701.mp3,1
females\sample-178718.mp3,1
females\sample-178732.mp3,1
females\sample-178744.mp3,1
females\sample-178753.mp3,1
females\sample-178783.mp3,1
females\sample-178800.mp3,1
females\sample-178806.mp3,1
females\sample-178820.mp3,1
females\sample-178833.mp3,1
females\sample-178836.mp3,1
females\sample-178840.mp3,1
females\sample-178845.mp3,1
females\sample-178863.mp3,1
females\sample-178872.mp3,1
females\sample-178875.mp3,1
females\sample-178903.mp3,1
females\sample-178923.mp3,1
females\sample-178928.mp3,1
females\sample-178941.mp3,1
females\sample-178954.mp3,1
females\sample-178956.mp3,1
females\sample-178988.mp3,1
females\sample-179031.mp3,1
females\sample-179034.mp3,1
females\sample-179049.mp3,1
females\sample-179051.mp3,1
females\sample-179052.mp3,1
females\sample-179065.mp3,1
females\sample-179068.mp3,1
females\sample-179081.mp3,1
females\sample-179099.mp3,1
females\sample-179104.mp3,1
females\sample-179118.mp3,1
females\sample-179121.mp3,1
females\sample-179156.mp3,1
females\sample-179159.mp3,1
females\sample-179162.mp3,1
females\sample-179167.mp3,1
females\sample-179170.mp3,1
females\sample-179189.mp3,1
females\sample-179191.mp3,1
females\sample-179193.mp3,1
females\sample-179196.mp3,1
females\sample-179211.mp3,1
females\sample-179216.mp3,1
females\sample-179238.mp3,1
females\sample-179240.mp3,1
females\sample-179245.mp3,1
females\sample-179251.mp3,1
females\sample-179260.mp3,1
females\sample-179263.mp3,1
females\sample-179265.mp3,1
females\sample-179275.mp3,1
females\sample-179290.mp3,1
females\sample-179305.mp3,1
females\sample-179308.mp3,1
females\sample-179311.mp3,1
females\sample-179327.mp3,1
females\sample-179338.mp3,1
females\sample-179344.mp3,1
females\sample-179360.mp3,1
females\sample-179398.mp3,1
females\sample-179399.mp3,1
females\sample-179415.mp3,1
females\sample-179418.mp3,1
females\sample-179421.mp3,1
females\sample-179423.mp3,1
females\sample-179429.mp3,1
females\sample-179436.mp3,1
females\sample-179471.mp3,1
females\sample-179473.mp3,1
females\sample-179474.mp3,1
females\sample-179485.mp3,1
females\sample-179497.mp3,1
females\sample-179513.mp3,1
females\sample-179519.mp3,1
females\sample-179530.mp3,1
females\sample-179542.mp3,1
females\sample-179583.mp3,1
females\sample-179611.mp3,1
females\sample-179612.mp3,1
females\sample-179614.mp3,1
females\sample-179624.mp3,1
females\sample-179634.mp3,1
females\sample-179635.mp3,1
females\sample-179654.mp3,1
females\sample-179658.mp3,1
females\sample-179667.mp3,1
females\sample-179674.mp3,1
females\sample-179687.mp3,1
females\sample-179689.mp3,1
females\sample-179699.mp3,1
females\sample-179702.mp3,1
females\sample-179706.mp3,1
females\sample-179710.mp3,1
females\sample-179720.mp3,1
females\sample-179722.mp3,1
females\sample-179725.mp3,1
females\sample-179737.mp3,1
females\sample-179756.mp3,1
females\sample-179772.mp3,1
females\sample-179784.mp3,1
females\sample-179793.mp3,1
females\sample-179811.mp3,1
females\sample-179818.mp3,1
females\sample-179856.mp3,1
females\sample-179858.mp3,1
females\sample-179876.mp3,1
females\sample-179877.mp3,1
females\sample-179880.mp3,1
females\sample-179905.mp3,1
females\sample-179944.mp3,1
females\sample-179951.mp3,1
females\sample-179957.mp3,1
females\sample-179973.mp3,1
females\sample-179975.mp3,1
females\sample-179994.mp3,1
females\sample-179996.mp3,1
females\sample-180077.mp3,1
females\sample-180098.mp3,1
females\sample-180099.mp3,1
females\sample-180107.mp3,1
females\sample-180167.mp3,1
females\sample-180174.mp3,1
females\sample-180177.mp3,1
females\sample-180190.mp3,1
females\sample-180199.mp3,1
females\sample-180220.mp3,1
females\sample-180222.mp3,1
females\sample-180235.mp3,1
females\sample-180258.mp3,1
females\sample-180326.mp3,1
females\sample-180337.mp3,1
females\sample-180349.mp3,1
females\sample-180350.mp3,1
females\sample-180352.mp3,1
females\sample-180361.mp3,1
females\sample-180365.mp3,1
females\sample-180367.mp3,1
females\sample-180368.mp3,1
females\sample-180375.mp3,1
females\sample-180391.mp3,1
females\sample-180443.mp3,1
females\sample-180453.mp3,1
females\sample-180464.mp3,1
females\sample-180471.mp3,1
females\sample-180472.mp3,1
females\sample-180481.mp3,1
females\sample-180486.mp3,1
females\sample-180505.mp3,1
females\sample-180507.mp3,1
females\sample-180509.mp3,1
females\sample-180521.mp3,1
females\sample-180532.mp3,1
females\sample-180539.mp3,1
females\sample-180552.mp3,1
females\sample-180559.mp3,1
females\sample-180561.mp3,1
females\sample-180563.mp3,1
females\sample-180584.mp3,1
females\sample-180593.mp3,1
females\sample-180608.mp3,1
females\sample-180615.mp3,1
females\sample-180617.mp3,1
females\sample-180621.mp3,1
females\sample-180634.mp3,1
females\sample-180641.mp3,1
females\sample-180646.mp3,1
females\sample-180651.mp3,1
females\sample-180661.mp3,1
females\sample-180666.mp3,1
females\sample-180677.mp3,1
females\sample-180686.mp3,1
females\sample-180693.mp3,1
females\sample-180713.mp3,1
females\sample-180714.mp3,1
females\sample-180715.mp3,1
females\sample-180718.mp3,1
females\sample-180722.mp3,1
females\sample-180728.mp3,1
females\sample-180740.mp3,1
females\sample-180774.mp3,1
females\sample-180820.mp3,1
females\sample-180839.mp3,1
females\sample-180843.mp3,1
females\sample-180849.mp3,1
females\sample-180857.mp3,1
females\sample-180861.mp3,1
females\sample-180868.mp3,1
females\sample-180873.mp3,1
females\sample-180896.mp3,1
females\sample-180897.mp3,1
females\sample-180912.mp3,1
females\sample-180913.mp3,1
females\sample-180923.mp3,1
females\sample-180979.mp3,1
females\sample-180984.mp3,1
females\sample-180990.mp3,1
females\sample-180993.mp3,1
females\sample-180997.mp3,1
females\sample-181026.mp3,1
females\sample-181044.mp3,1
females\sample-181049.mp3,1
females\sample-181067.mp3,1
females\sample-181078.mp3,1
females\sample-181085.mp3,1
females\sample-181086.mp3,1
females\sample-181095.mp3,1
females\sample-181098.mp3,1
females\sample-181108.mp3,1
females\sample-181116.mp3,1
females\sample-181120.mp3,1
females\sample-181134.mp3,1
females\sample-181136.mp3,1
females\sample-181146.mp3,1
females\sample-181157.mp3,1
females\sample-181170.mp3,1
females\sample-181171.mp3,1
females\sample-181179.mp3,1
females\sample-181195.mp3,1
females\sample-181210.mp3,1
females\sample-181221.mp3,1
females\sample-181222.mp3,1
females\sample-181225.mp3,1
females\sample-181229.mp3,1
females\sample-181249.mp3,1
females\sample-181255.mp3,1
females\sample-181256.mp3,1
females\sample-181266.mp3,1
females\sample-181271.mp3,1
females\sample-181283.mp3,1
females\sample-181297.mp3,1
females\sample-181303.mp3,1
females\sample-181305.mp3,1
females\sample-181306.mp3,1
females\sample-181312.mp3,1
females\sample-181313.mp3,1
females\sample-181324.mp3,1
females\sample-181325.mp3,1
females\sample-181336.mp3,1
females\sample-181344.mp3,1
females\sample-181355.mp3,1
females\sample-181369.mp3,1
females\sample-181374.mp3,1
females\sample-181376.mp3,1
females\sample-181394.mp3,1
females\sample-181397.mp3,1
females\sample-181401.mp3,1
females\sample-181428.mp3,1
females\sample-181430.mp3,1
females\sample-181438.mp3,1
females\sample-181467.mp3,1
females\sample-181468.mp3,1
females\sample-181508.mp3,1
females\sample-181586.mp3,1
females\sample-181604.mp3,1
females\sample-181610.mp3,1
females\sample-181612.mp3,1
females\sample-181622.mp3,1
females\sample-181638.mp3,1
females\sample-181644.mp3,1
females\sample-181653.mp3,1
females\sample-181690.mp3,1
females\sample-181741.mp3,1
females\sample-181745.mp3,1
females\sample-181750.mp3,1
females\sample-181761.mp3,1
females\sample-181784.mp3,1
females\sample-181785.mp3,1
females\sample-181787.mp3,1
females\sample-181801.mp3,1
females\sample-181802.mp3,1
females\sample-181826.mp3,1
females\sample-181839.mp3,1
females\sample-181863.mp3,1
females\sample-181868.mp3,1
females\sample-181872.mp3,1
females\sample-181877.mp3,1
females\sample-181885.mp3,1
females\sample-181893.mp3,1
females\sample-181894.mp3,1
females\sample-181897.mp3,1
females\sample-181898.mp3,1
females\sample-181947.mp3,1
females\sample-181974.mp3,1
females\sample-181978.mp3,1
females\sample-181982.mp3,1
females\sample-181984.mp3,1
females\sample-181989.mp3,1
females\sample-181997.mp3,1
females\sample-182029.mp3,1
females\sample-182041.mp3,1
females\sample-182086.mp3,1
females\sample-182092.mp3,1
females\sample-182101.mp3,1
females\sample-182109.mp3,1
females\sample-182115.mp3,1
females\sample-182118.mp3,1
females\sample-182143.mp3,1
females\sample-182150.mp3,1
females\sample-182155.mp3,1
females\sample-182163.mp3,1
females\sample-182166.mp3,1
females\sample-182167.mp3,1
females\sample-182170.mp3,1
females\sample-182174.mp3,1
females\sample-182178.mp3,1
females\sample-182182.mp3,1
females\sample-182187.mp3,1
females\sample-182211.mp3,1
females\sample-182215.mp3,1
females\sample-182216.mp3,1
females\sample-182217.mp3,1
females\sample-182223.mp3,1
females\sample-182250.mp3,1
females\sample-182255.mp3,1
females\sample-182257.mp3,1
females\sample-182262.mp3,1
females\sample-182273.mp3,1
females\sample-182323.mp3,1
females\sample-182325.mp3,1
females\sample-182326.mp3,1
females\sample-182337.mp3,1
females\sample-182366.mp3,1
females\sample-182381.mp3,1
females\sample-182384.mp3,1
females\sample-182385.mp3,1
females\sample-182408.mp3,1
females\sample-182409.mp3,1
females\sample-182414.mp3,1
females\sample-182453.mp3,1
females\sample-182459.mp3,1
females\sample-182461.mp3,1
females\sample-182475.mp3,1
females\sample-182478.mp3,1
females\sample-182485.mp3,1
females\sample-182507.mp3,1
females\sample-182512.mp3,1
females\sample-182517.mp3,1
females\sample-182528.mp3,1
females\sample-182538.mp3,1
females\sample-182611.mp3,1
females\sample-182637.mp3,1
females\sample-182652.mp3,1
females\sample-182656.mp3,1
females\sample-182660.mp3,1
females\sample-182677.mp3,1
females\sample-182678.mp3,1
females\sample-182726.mp3,1
females\sample-182746.mp3,1
females\sample-182749.mp3,1
females\sample-182766.mp3,1
females\sample-182768.mp3,1
females\sample-182782.mp3,1
females\sample-182791.mp3,1
females\sample-182792.mp3,1
females\sample-182796.mp3,1
females\sample-182799.mp3,1
females\sample-182824.mp3,1
females\sample-182825.mp3,1
females\sample-182835.mp3,1
females\sample-182840.mp3,1
females\sample-182842.mp3,1
females\sample-182861.mp3,1
females\sample-182870.mp3,1
females\sample-182879.mp3,1
females\sample-182890.mp3,1
females\sample-182893.mp3,1
females\sample-182905.mp3,1
females\sample-182912.mp3,1
females\sample-182934.mp3,1
females\sample-182950.mp3,1
females\sample-182956.mp3,1
females\sample-182958.mp3,1
females\sample-182960.mp3,1
females\sample-182973.mp3,1
females\sample-182991.mp3,1
females\sample-182995.mp3,1
females\sample-182999.mp3,1
females\sample-183011.mp3,1
females\sample-183023.mp3,1
females\sample-183030.mp3,1
females\sample-183044.mp3,1
females\sample-183050.mp3,1
females\sample-183057.mp3,1
females\sample-183088.mp3,1
females\sample-183089.mp3,1
females\sample-183101.mp3,1
females\sample-183106.mp3,1
females\sample-183107.mp3,1
females\sample-183130.mp3,1
females\sample-183137.mp3,1
females\sample-183169.mp3,1
females\sample-183193.mp3,1
females\sample-183203.mp3,1
females\sample-183218.mp3,1
females\sample-183223.mp3,1
females\sample-183224.mp3,1
females\sample-183228.mp3,1
females\sample-183234.mp3,1
females\sample-183237.mp3,1
females\sample-183245.mp3,1
females\sample-183250.mp3,1
females\sample-183257.mp3,1
females\sample-183258.mp3,1
females\sample-183273.mp3,1
females\sample-183295.mp3,1
females\sample-183324.mp3,1
females\sample-183340.mp3,1
females\sample-183345.mp3,1
females\sample-183346.mp3,1
females\sample-183355.mp3,1
females\sample-183390.mp3,1
females\sample-183399.mp3,1
females\sample-183400.mp3,1
females\sample-183401.mp3,1
females\sample-183420.mp3,1
females\sample-183439.mp3,1
females\sample-183445.mp3,1
females\sample-183457.mp3,1
females\sample-183465.mp3,1
females\sample-183479.mp3,1
females\sample-183488.mp3,1
females\sample-183491.mp3,1
females\sample-183504.mp3,1
females\sample-183509.mp3,1
females\sample-183512.mp3,1
females\sample-183514.mp3,1
females\sample-183520.mp3,1
females\sample-183553.mp3,1
females\sample-183565.mp3,1
females\sample-183574.mp3,1
females\sample-183583.mp3,1
females\sample-183599.mp3,1
females\sample-183655.mp3,1
females\sample-183664.mp3,1
females\sample-183666.mp3,1
females\sample-183667.mp3,1
females\sample-183676.mp3,1
females\sample-183684.mp3,1
females\sample-183685.mp3,1
females\sample-183696.mp3,1
females\sample-183703.mp3,1
females\sample-183706.mp3,1
females\sample-183709.mp3,1
females\sample-183716.mp3,1
females\sample-183719.mp3,1
females\sample-183733.mp3,1
females\sample-183736.mp3,1
females\sample-183755.mp3,1
females\sample-183757.mp3,1
females\sample-183763.mp3,1
females\sample-183765.mp3,1
females\sample-183775.mp3,1
females\sample-183779.mp3,1
females\sample-183787.mp3,1
females\sample-183798.mp3,1
females\sample-183809.mp3,1
females\sample-183813.mp3,1
females\sample-183815.mp3,1
females\sample-183822.mp3,1
females\sample-183849.mp3,1
females\sample-183855.mp3,1
females\sample-183876.mp3,1
females\sample-183884.mp3,1
females\sample-183893.mp3,1
females\sample-183910.mp3,1
females\sample-183934.mp3,1
females\sample-183950.mp3,1
females\sample-183961.mp3,1
females\sample-183965.mp3,1
females\sample-183974.mp3,1
females\sample-183980.mp3,1
females\sample-183999.mp3,1
females\sample-184003.mp3,1
females\sample-184064.mp3,1
females\sample-184074.mp3,1
females\sample-184098.mp3,1
females\sample-184143.mp3,1
females\sample-184148.mp3,1
females\sample-184166.mp3,1
females\sample-184170.mp3,1
females\sample-184213.mp3,1
females\sample-184219.mp3,1
females\sample-184223.mp3,1
females\sample-184227.mp3,1
females\sample-184238.mp3,1
females\sample-184246.mp3,1
females\sample-184250.mp3,1
females\sample-184256.mp3,1
females\sample-184274.mp3,1
females\sample-184275.mp3,1
females\sample-184276.mp3,1
females\sample-184284.mp3,1
females\sample-184309.mp3,1
females\sample-184314.mp3,1
females\sample-184322.mp3,1
females\sample-184324.mp3,1
females\sample-184328.mp3,1
females\sample-184332.mp3,1
females\sample-184343.mp3,1
females\sample-184344.mp3,1
females\sample-184360.mp3,1
females\sample-184379.mp3,1
females\sample-184388.mp3,1
females\sample-184393.mp3,1
females\sample-184401.mp3,1
females\sample-184416.mp3,1
females\sample-184418.mp3,1
females\sample-184422.mp3,1
females\sample-184449.mp3,1
females\sample-184454.mp3,1
females\sample-184472.mp3,1
females\sample-184478.mp3,1
females\sample-184502.mp3,1
females\sample-184506.mp3,1
females\sample-184511.mp3,1
females\sample-184541.mp3,1
females\sample-184561.mp3,1
females\sample-184564.mp3,1
females\sample-184566.mp3,1
females\sample-184588.mp3,1
females\sample-184595.mp3,1
females\sample-184616.mp3,1
females\sample-184620.mp3,1
females\sample-184651.mp3,1
females\sample-184652.mp3,1
females\sample-184661.mp3,1
females\sample-184663.mp3,1
females\sample-184671.mp3,1
females\sample-184689.mp3,1
females\sample-184692.mp3,1
females\sample-184695.mp3,1
females\sample-184696.mp3,1
females\sample-184698.mp3,1
females\sample-184716.mp3,1
females\sample-184734.mp3,1
females\sample-184737.mp3,1
females\sample-184766.mp3,1
females\sample-184771.mp3,1
females\sample-184778.mp3,1
females\sample-184806.mp3,1
females\sample-184810.mp3,1
females\sample-184818.mp3,1
females\sample-184824.mp3,1
females\sample-184869.mp3,1
females\sample-184873.mp3,1
females\sample-184883.mp3,1
females\sample-184888.mp3,1
females\sample-184910.mp3,1
females\sample-184932.mp3,1
females\sample-184941.mp3,1
females\sample-184951.mp3,1
females\sample-184990.mp3,1
females\sample-184997.mp3,1
females\sample-185006.mp3,1
females\sample-185026.mp3,1
females\sample-185048.mp3,1
females\sample-185075.mp3,1
females\sample-185094.mp3,1
females\sample-185099.mp3,1
females\sample-185112.mp3,1
females\sample-185128.mp3,1
females\sample-185134.mp3,1
females\sample-185140.mp3,1
females\sample-185143.mp3,1
females\sample-185169.mp3,1
females\sample-185176.mp3,1
females\sample-185184.mp3,1
females\sample-185206.mp3,1
females\sample-185222.mp3,1
females\sample-185237.mp3,1
females\sample-185242.mp3,1
females\sample-185243.mp3,1
females\sample-185258.mp3,1
females\sample-185261.mp3,1
females\sample-185262.mp3,1
females\sample-185282.mp3,1
females\sample-185290.mp3,1
females\sample-185292.mp3,1
females\sample-185293.mp3,1
females\sample-185313.mp3,1
females\sample-185321.mp3,1
females\sample-185322.mp3,1
females\sample-185323.mp3,1
females\sample-185336.mp3,1
females\sample-185340.mp3,1
females\sample-185353.mp3,1
females\sample-185378.mp3,1
females\sample-185390.mp3,1
females\sample-185391.mp3,1
females\sample-185416.mp3,1
females\sample-185422.mp3,1
females\sample-185427.mp3,1
females\sample-185428.mp3,1
females\sample-185431.mp3,1
females\sample-185436.mp3,1
females\sample-185458.mp3,1
females\sample-185480.mp3,1
females\sample-185485.mp3,1
females\sample-185496.mp3,1
females\sample-185502.mp3,1
females\sample-185503.mp3,1
females\sample-185504.mp3,1
females\sample-185516.mp3,1
females\sample-185520.mp3,1
females\sample-185535.mp3,1
females\sample-185538.mp3,1
females\sample-185551.mp3,1
females\sample-185558.mp3,1
females\sample-185574.mp3,1
females\sample-185598.mp3,1
females\sample-185603.mp3,1
females\sample-185636.mp3,1
females\sample-185638.mp3,1
females\sample-185640.mp3,1
females\sample-185646.mp3,1
females\sample-185649.mp3,1
females\sample-185654.mp3,1
females\sample-185661.mp3,1
females\sample-185679.mp3,1
females\sample-185680.mp3,1
females\sample-185684.mp3,1
females\sample-185701.mp3,1
females\sample-185710.mp3,1
females\sample-185717.mp3,1
females\sample-185728.mp3,1
females\sample-185729.mp3,1
females\sample-185737.mp3,1
females\sample-185741.mp3,1
females\sample-185765.mp3,1
females\sample-185774.mp3,1
females\sample-185780.mp3,1
females\sample-185784.mp3,1
females\sample-185791.mp3,1
females\sample-185793.mp3,1
females\sample-185800.mp3,1
females\sample-185801.mp3,1
females\sample-185803.mp3,1
females\sample-185817.mp3,1
females\sample-185833.mp3,1
females\sample-185852.mp3,1
females\sample-185856.mp3,1
females\sample-185858.mp3,1
females\sample-185866.mp3,1
females\sample-185868.mp3,1
females\sample-185869.mp3,1
females\sample-185872.mp3,1
females\sample-185881.mp3,1
females\sample-185893.mp3,1
females\sample-185905.mp3,1
females\sample-185906.mp3,1
females\sample-185926.mp3,1
females\sample-185930.mp3,1
females\sample-185941.mp3,1
females\sample-185962.mp3,1
females\sample-185993.mp3,1
females\sample-186021.mp3,1
females\sample-186022.mp3,1
females\sample-186038.mp3,1
females\sample-186041.mp3,1
females\sample-186058.mp3,1
females\sample-186075.mp3,1
females\sample-186076.mp3,1
females\sample-186085.mp3,1
females\sample-186094.mp3,1
females\sample-186104.mp3,1
females\sample-186108.mp3,1
females\sample-186110.mp3,1
females\sample-186125.mp3,1
females\sample-186132.mp3,1
females\sample-186140.mp3,1
females\sample-186170.mp3,1
females\sample-186192.mp3,1
females\sample-186217.mp3,1
females\sample-186218.mp3,1
females\sample-186222.mp3,1
females\sample-186223.mp3,1
females\sample-186226.mp3,1
females\sample-186232.mp3,1
females\sample-186254.mp3,1
females\sample-186255.mp3,1
females\sample-186258.mp3,1
females\sample-186259.mp3,1
females\sample-186264.mp3,1
females\sample-186269.mp3,1
females\sample-186304.mp3,1
females\sample-186318.mp3,1
females\sample-186320.mp3,1
females\sample-186321.mp3,1
females\sample-186330.mp3,1
females\sample-186333.mp3,1
females\sample-186343.mp3,1
females\sample-186346.mp3,1
females\sample-186347.mp3,1
females\sample-186357.mp3,1
females\sample-186365.mp3,1
females\sample-186368.mp3,1
females\sample-186373.mp3,1
females\sample-186397.mp3,1
females\sample-186404.mp3,1
females\sample-186407.mp3,1
females\sample-186412.mp3,1
females\sample-186414.mp3,1
females\sample-186415.mp3,1
females\sample-186416.mp3,1
females\sample-186420.mp3,1
females\sample-186437.mp3,1
females\sample-186443.mp3,1
females\sample-186444.mp3,1
females\sample-186481.mp3,1
females\sample-186519.mp3,1
females\sample-186527.mp3,1
females\sample-186554.mp3,1
females\sample-186561.mp3,1
females\sample-186570.mp3,1
females\sample-186579.mp3,1
females\sample-186582.mp3,1
females\sample-186583.mp3,1
females\sample-186588.mp3,1
females\sample-186599.mp3,1
females\sample-186608.mp3,1
females\sample-186626.mp3,1
females\sample-186653.mp3,1
females\sample-186659.mp3,1
females\sample-186660.mp3,1
females\sample-186668.mp3,1
females\sample-186682.mp3,1
females\sample-186688.mp3,1
females\sample-186731.mp3,1
females\sample-186733.mp3,1
females\sample-186737.mp3,1
females\sample-186759.mp3,1
females\sample-186760.mp3,1
females\sample-186762.mp3,1
females\sample-186764.mp3,1
females\sample-186784.mp3,1
females\sample-186794.mp3,1
females\sample-186799.mp3,1
females\sample-186813.mp3,1
females\sample-186817.mp3,1
females\sample-186823.mp3,1
females\sample-186832.mp3,1
females\sample-186834.mp3,1
females\sample-186839.mp3,1
females\sample-186848.mp3,1
females\sample-186850.mp3,1
females\sample-186852.mp3,1
females\sample-186857.mp3,1
females\sample-186858.mp3,1
females\sample-186878.mp3,1
females\sample-186892.mp3,1
females\sample-186915.mp3,1
females\sample-186924.mp3,1
females\sample-186927.mp3,1
females\sample-186966.mp3,1
females\sample-186967.mp3,1
females\sample-186969.mp3,1
females\sample-186979.mp3,1
females\sample-186996.mp3,1
females\sample-187009.mp3,1
females\sample-187012.mp3,1
females\sample-187016.mp3,1
females\sample-187019.mp3,1
females\sample-187023.mp3,1
females\sample-187026.mp3,1
females\sample-187033.mp3,1
females\sample-187036.mp3,1
females\sample-187039.mp3,1
females\sample-187041.mp3,1
females\sample-187067.mp3,1
females\sample-187076.mp3,1
females\sample-187086.mp3,1
females\sample-187090.mp3,1
females\sample-187118.mp3,1
females\sample-187119.mp3,1
females\sample-187128.mp3,1
females\sample-187131.mp3,1
females\sample-187140.mp3,1
females\sample-187141.mp3,1
females\sample-187146.mp3,1
females\sample-187155.mp3,1
females\sample-187157.mp3,1
females\sample-187172.mp3,1
females\sample-187183.mp3,1
females\sample-187188.mp3,1
females\sample-187192.mp3,1
females\sample-187208.mp3,1
females\sample-187227.mp3,1
females\sample-187247.mp3,1
females\sample-187261.mp3,1
females\sample-187266.mp3,1
females\sample-187271.mp3,1
females\sample-187272.mp3,1
females\sample-187275.mp3,1
females\sample-187311.mp3,1
females\sample-187314.mp3,1
females\sample-187321.mp3,1
females\sample-187327.mp3,1
females\sample-187341.mp3,1
females\sample-187343.mp3,1
females\sample-187345.mp3,1
females\sample-187350.mp3,1
females\sample-187351.mp3,1
females\sample-187383.mp3,1
females\sample-187391.mp3,1
females\sample-187402.mp3,1
females\sample-187405.mp3,1
females\sample-187406.mp3,1
females\sample-187416.mp3,1
females\sample-187424.mp3,1
females\sample-187434.mp3,1
females\sample-187457.mp3,1
females\sample-187482.mp3,1
females\sample-187485.mp3,1
females\sample-187492.mp3,1
females\sample-187498.mp3,1
females\sample-187510.mp3,1
females\sample-187515.mp3,1
females\sample-187516.mp3,1
females\sample-187528.mp3,1
females\sample-187529.mp3,1
females\sample-187533.mp3,1
females\sample-187567.mp3,1
females\sample-187576.mp3,1
females\sample-187582.mp3,1
females\sample-187591.mp3,1
females\sample-187612.mp3,1
females\sample-187615.mp3,1
females\sample-187626.mp3,1
females\sample-187642.mp3,1
females\sample-187654.mp3,1
females\sample-187673.mp3,1
females\sample-187690.mp3,1
females\sample-187711.mp3,1
females\sample-187723.mp3,1
females\sample-187732.mp3,1
females\sample-187734.mp3,1
females\sample-187741.mp3,1
females\sample-187743.mp3,1
females\sample-187749.mp3,1
females\sample-187758.mp3,1
females\sample-187763.mp3,1
females\sample-187772.mp3,1
females\sample-187779.mp3,1
females\sample-187793.mp3,1
females\sample-187819.mp3,1
females\sample-187828.mp3,1
females\sample-187842.mp3,1
females\sample-187860.mp3,1
females\sample-187861.mp3,1
females\sample-187866.mp3,1
females\sample-187871.mp3,1
females\sample-187874.mp3,1
females\sample-187883.mp3,1
females\sample-187887.mp3,1
females\sample-187888.mp3,1
females\sample-187905.mp3,1
females\sample-187918.mp3,1
females\sample-187925.mp3,1
females\sample-187926.mp3,1
females\sample-187946.mp3,1
females\sample-187947.mp3,1
females\sample-187961.mp3,1
females\sample-187968.mp3,1
females\sample-187996.mp3,1
females\sample-188000.mp3,1
females\sample-188008.mp3,1
females\sample-188015.mp3,1
females\sample-188029.mp3,1
females\sample-188033.mp3,1
females\sample-188047.mp3,1
females\sample-188053.mp3,1
females\sample-188054.mp3,1
females\sample-188063.mp3,1
females\sample-188070.mp3,1
females\sample-188079.mp3,1
females\sample-188084.mp3,1
females\sample-188098.mp3,1
females\sample-188110.mp3,1
females\sample-188115.mp3,1
females\sample-188140.mp3,1
females\sample-188144.mp3,1
females\sample-188150.mp3,1
females\sample-188157.mp3,1
females\sample-188159.mp3,1
females\sample-188167.mp3,1
females\sample-188169.mp3,1
females\sample-188193.mp3,1
females\sample-188206.mp3,1
females\sample-188207.mp3,1
females\sample-188217.mp3,1
females\sample-188227.mp3,1
females\sample-188232.mp3,1
females\sample-188233.mp3,1
females\sample-188241.mp3,1
females\sample-188244.mp3,1
females\sample-188260.mp3,1
females\sample-188279.mp3,1
females\sample-188285.mp3,1
females\sample-188297.mp3,1
females\sample-188345.mp3,1
females\sample-188373.mp3,1
females\sample-188376.mp3,1
females\sample-188395.mp3,1
females\sample-188400.mp3,1
females\sample-188404.mp3,1
females\sample-188418.mp3,1
females\sample-188422.mp3,1
females\sample-188428.mp3,1
females\sample-188430.mp3,1
females\sample-188441.mp3,1
females\sample-188448.mp3,1
females\sample-188491.mp3,1
females\sample-188510.mp3,1
females\sample-188519.mp3,1
females\sample-188528.mp3,1
females\sample-188530.mp3,1
females\sample-188531.mp3,1
females\sample-188534.mp3,1
females\sample-188539.mp3,1
females\sample-188562.mp3,1
females\sample-188602.mp3,1
females\sample-188619.mp3,1
females\sample-188623.mp3,1
females\sample-188636.mp3,1
females\sample-188659.mp3,1
females\sample-188669.mp3,1
females\sample-188679.mp3,1
females\sample-188686.mp3,1
females\sample-188695.mp3,1
females\sample-188696.mp3,1
females\sample-188746.mp3,1
females\sample-188756.mp3,1
females\sample-188764.mp3,1
females\sample-188767.mp3,1
females\sample-188771.mp3,1
females\sample-188775.mp3,1
females\sample-188792.mp3,1
females\sample-188794.mp3,1
females\sample-188796.mp3,1
females\sample-188797.mp3,1
females\sample-188802.mp3,1
females\sample-188805.mp3,1
females\sample-188806.mp3,1
females\sample-188811.mp3,1
females\sample-188823.mp3,1
females\sample-188827.mp3,1
females\sample-188864.mp3,1
females\sample-188887.mp3,1
females\sample-188897.mp3,1
females\sample-188905.mp3,1
females\sample-188906.mp3,1
females\sample-188907.mp3,1
females\sample-188951.mp3,1
females\sample-188954.mp3,1
females\sample-188959.mp3,1
females\sample-188960.mp3,1
females\sample-188974.mp3,1
females\sample-188985.mp3,1
females\sample-189029.mp3,1
females\sample-189030.mp3,1
females\sample-189052.mp3,1
females\sample-189055.mp3,1
females\sample-189056.mp3,1
females\sample-189087.mp3,1
females\sample-189099.mp3,1
females\sample-189101.mp3,1
females\sample-189113.mp3,1
females\sample-189154.mp3,1
females\sample-189156.mp3,1
females\sample-189159.mp3,1
females\sample-189184.mp3,1
females\sample-189185.mp3,1
females\sample-189186.mp3,1
females\sample-189196.mp3,1
females\sample-189197.mp3,1
females\sample-189203.mp3,1
females\sample-189208.mp3,1
females\sample-189214.mp3,1
females\sample-189237.mp3,1
females\sample-189243.mp3,1
females\sample-189250.mp3,1
females\sample-189264.mp3,1
females\sample-189271.mp3,1
females\sample-189274.mp3,1
females\sample-189279.mp3,1
females\sample-189281.mp3,1
females\sample-189284.mp3,1
females\sample-189286.mp3,1
females\sample-189289.mp3,1
females\sample-189292.mp3,1
females\sample-189294.mp3,1
females\sample-189306.mp3,1
females\sample-189311.mp3,1
females\sample-189313.mp3,1
females\sample-189314.mp3,1
females\sample-189322.mp3,1
females\sample-189377.mp3,1
females\sample-189381.mp3,1
females\sample-189386.mp3,1
females\sample-189395.mp3,1
females\sample-189414.mp3,1
females\sample-189416.mp3,1
females\sample-189417.mp3,1
females\sample-189429.mp3,1
females\sample-189431.mp3,1
females\sample-189432.mp3,1
females\sample-189433.mp3,1
females\sample-189444.mp3,1
females\sample-189446.mp3,1
females\sample-189464.mp3,1
females\sample-189466.mp3,1
females\sample-189469.mp3,1
females\sample-189476.mp3,1
females\sample-189492.mp3,1
females\sample-189502.mp3,1
females\sample-189515.mp3,1
females\sample-189527.mp3,1
females\sample-189531.mp3,1
females\sample-189537.mp3,1
females\sample-189538.mp3,1
females\sample-189546.mp3,1
females\sample-189549.mp3,1
females\sample-189593.mp3,1
females\sample-189597.mp3,1
females\sample-189608.mp3,1
females\sample-189610.mp3,1
females\sample-189614.mp3,1
females\sample-189672.mp3,1
females\sample-189673.mp3,1
females\sample-189697.mp3,1
females\sample-189712.mp3,1
females\sample-189720.mp3,1
females\sample-189742.mp3,1
females\sample-189746.mp3,1
females\sample-189761.mp3,1
females\sample-189767.mp3,1
females\sample-189789.mp3,1
females\sample-189799.mp3,1
females\sample-189807.mp3,1
females\sample-189813.mp3,1
females\sample-189828.mp3,1
females\sample-189851.mp3,1
females\sample-189876.mp3,1
females\sample-189884.mp3,1
females\sample-189908.mp3,1
females\sample-189929.mp3,1
females\sample-189933.mp3,1
females\sample-189939.mp3,1
females\sample-189961.mp3,1
females\sample-189962.mp3,1
females\sample-189964.mp3,1
females\sample-189979.mp3,1
females\sample-189993.mp3,1
females\sample-190012.mp3,1
females\sample-190047.mp3,1
females\sample-190058.mp3,1
females\sample-190059.mp3,1
females\sample-190083.mp3,1
females\sample-190089.mp3,1
females\sample-190091.mp3,1
females\sample-190095.mp3,1
females\sample-190109.mp3,1
females\sample-190120.mp3,1
females\sample-190132.mp3,1
females\sample-190175.mp3,1
females\sample-190200.mp3,1
females\sample-190203.mp3,1
females\sample-190204.mp3,1
females\sample-190207.mp3,1
females\sample-190259.mp3,1
females\sample-190277.mp3,1
females\sample-190281.mp3,1
females\sample-190288.mp3,1
females\sample-190311.mp3,1
females\sample-190313.mp3,1
females\sample-190320.mp3,1
females\sample-190322.mp3,1
females\sample-190332.mp3,1
females\sample-190345.mp3,1
females\sample-190348.mp3,1
females\sample-190367.mp3,1
females\sample-190380.mp3,1
females\sample-190383.mp3,1
females\sample-190388.mp3,1
females\sample-190391.mp3,1
females\sample-190410.mp3,1
females\sample-190414.mp3,1
females\sample-190416.mp3,1
females\sample-190435.mp3,1
females\sample-190445.mp3,1
females\sample-190447.mp3,1
females\sample-190460.mp3,1
females\sample-190464.mp3,1
females\sample-190482.mp3,1
females\sample-190484.mp3,1
females\sample-190502.mp3,1
females\sample-190503.mp3,1
females\sample-190508.mp3,1
females\sample-190518.mp3,1
females\sample-190519.mp3,1
females\sample-190526.mp3,1
females\sample-190531.mp3,1
females\sample-190546.mp3,1
females\sample-190551.mp3,1
females\sample-190557.mp3,1
females\sample-190563.mp3,1
females\sample-190566.mp3,1
females\sample-190572.mp3,1
females\sample-190587.mp3,1
females\sample-190603.mp3,1
females\sample-190604.mp3,1
females\sample-190608.mp3,1
females\sample-190613.mp3,1
females\sample-190614.mp3,1
females\sample-190615.mp3,1
females\sample-190621.mp3,1
females\sample-190622.mp3,1
females\sample-190624.mp3,1
females\sample-190629.mp3,1
females\sample-190643.mp3,1
females\sample-190651.mp3,1
females\sample-190658.mp3,1
females\sample-190669.mp3,1
females\sample-190670.mp3,1
females\sample-190672.mp3,1
females\sample-190673.mp3,1
females\sample-190675.mp3,1
females\sample-190683.mp3,1
females\sample-190689.mp3,1
females\sample-190701.mp3,1
females\sample-190710.mp3,1
females\sample-190719.mp3,1
females\sample-190743.mp3,1
females\sample-190755.mp3,1
females\sample-190792.mp3,1
females\sample-190801.mp3,1
females\sample-190804.mp3,1
females\sample-190814.mp3,1
females\sample-190831.mp3,1
females\sample-190836.mp3,1
females\sample-190854.mp3,1
females\sample-190863.mp3,1
females\sample-190864.mp3,1
females\sample-190890.mp3,1
females\sample-190897.mp3,1
females\sample-190908.mp3,1
females\sample-190925.mp3,1
females\sample-190929.mp3,1
females\sample-190932.mp3,1
females\sample-190937.mp3,1
females\sample-190939.mp3,1
females\sample-190944.mp3,1
females\sample-190961.mp3,1
females\sample-190975.mp3,1
females\sample-190984.mp3,1
females\sample-190995.mp3,1
females\sample-190996.mp3,1
females\sample-191022.mp3,1
females\sample-191029.mp3,1
females\sample-191039.mp3,1
females\sample-191044.mp3,1
females\sample-191050.mp3,1
females\sample-191054.mp3,1
females\sample-191089.mp3,1
females\sample-191093.mp3,1
females\sample-191096.mp3,1
females\sample-191107.mp3,1
females\sample-191110.mp3,1
females\sample-191117.mp3,1
females\sample-191119.mp3,1
females\sample-191121.mp3,1
females\sample-191125.mp3,1
females\sample-191132.mp3,1
females\sample-191137.mp3,1
females\sample-191149.mp3,1
females\sample-191158.mp3,1
females\sample-191170.mp3,1
females\sample-191185.mp3,1
females\sample-191189.mp3,1
females\sample-191190.mp3,1
females\sample-191191.mp3,1
females\sample-191205.mp3,1
females\sample-191216.mp3,1
females\sample-191238.mp3,1
females\sample-191239.mp3,1
females\sample-191254.mp3,1
females\sample-191260.mp3,1
females\sample-191265.mp3,1
females\sample-191280.mp3,1
females\sample-191283.mp3,1
females\sample-191287.mp3,1
females\sample-191317.mp3,1
females\sample-191328.mp3,1
females\sample-191330.mp3,1
females\sample-191331.mp3,1
females\sample-191342.mp3,1
females\sample-191346.mp3,1
females\sample-191359.mp3,1
females\sample-191365.mp3,1
females\sample-191366.mp3,1
females\sample-191367.mp3,1
females\sample-191371.mp3,1
females\sample-191405.mp3,1
females\sample-191424.mp3,1
females\sample-191426.mp3,1
females\sample-191434.mp3,1
females\sample-191446.mp3,1
females\sample-191466.mp3,1
females\sample-191475.mp3,1
females\sample-191480.mp3,1
females\sample-191487.mp3,1
females\sample-191519.mp3,1
females\sample-191529.mp3,1
females\sample-191531.mp3,1
females\sample-191545.mp3,1
females\sample-191557.mp3,1
females\sample-191582.mp3,1
females\sample-191587.mp3,1
females\sample-191610.mp3,1
females\sample-191617.mp3,1
females\sample-191626.mp3,1
females\sample-191641.mp3,1
females\sample-191653.mp3,1
females\sample-191669.mp3,1
females\sample-191703.mp3,1
females\sample-191714.mp3,1
females\sample-191721.mp3,1
females\sample-191725.mp3,1
females\sample-191726.mp3,1
females\sample-191730.mp3,1
females\sample-191775.mp3,1
females\sample-191793.mp3,1
females\sample-191800.mp3,1
females\sample-191841.mp3,1
females\sample-191842.mp3,1
females\sample-191852.mp3,1
females\sample-191853.mp3,1
females\sample-191871.mp3,1
females\sample-191875.mp3,1
females\sample-191880.mp3,1
females\sample-191884.mp3,1
females\sample-191905.mp3,1
females\sample-191913.mp3,1
females\sample-191916.mp3,1
females\sample-191919.mp3,1
females\sample-191949.mp3,1
females\sample-191985.mp3,1
females\sample-191997.mp3,1
females\sample-192016.mp3,1
females\sample-192019.mp3,1
females\sample-192020.mp3,1
females\sample-192034.mp3,1
females\sample-192038.mp3,1
females\sample-192040.mp3,1
females\sample-192055.mp3,1
females\sample-192068.mp3,1
females\sample-192081.mp3,1
females\sample-192108.mp3,1
females\sample-192120.mp3,1
females\sample-192121.mp3,1
females\sample-192134.mp3,1
females\sample-192139.mp3,1
females\sample-192148.mp3,1
females\sample-192149.mp3,1
females\sample-192158.mp3,1
females\sample-192162.mp3,1
females\sample-192175.mp3,1
females\sample-192177.mp3,1
females\sample-192180.mp3,1
females\sample-192186.mp3,1
females\sample-192201.mp3,1
females\sample-192223.mp3,1
females\sample-192225.mp3,1
females\sample-192232.mp3,1
females\sample-192267.mp3,1
females\sample-192269.mp3,1
females\sample-192280.mp3,1
females\sample-192283.mp3,1
females\sample-192285.mp3,1
females\sample-192293.mp3,1
females\sample-192302.mp3,1
females\sample-192311.mp3,1
females\sample-192350.mp3,1
females\sample-192369.mp3,1
females\sample-192383.mp3,1
females\sample-192389.mp3,1
females\sample-192402.mp3,1
females\sample-192416.mp3,1
females\sample-192426.mp3,1
females\sample-192429.mp3,1
females\sample-192434.mp3,1
females\sample-192442.mp3,1
females\sample-192449.mp3,1
females\sample-192457.mp3,1
females\sample-192467.mp3,1
females\sample-192472.mp3,1
females\sample-192486.mp3,1
females\sample-192511.mp3,1
females\sample-192544.mp3,1
females\sample-192546.mp3,1
females\sample-192549.mp3,1
females\sample-192556.mp3,1
females\sample-192568.mp3,1
females\sample-192604.mp3,1
females\sample-192631.mp3,1
females\sample-192632.mp3,1
females\sample-192633.mp3,1
females\sample-192642.mp3,1
females\sample-192648.mp3,1
females\sample-192659.mp3,1
females\sample-192662.mp3,1
females\sample-192666.mp3,1
females\sample-192669.mp3,1
females\sample-192685.mp3,1
females\sample-192695.mp3,1
females\sample-192726.mp3,1
females\sample-192732.mp3,1
females\sample-192754.mp3,1
females\sample-192762.mp3,1
females\sample-192763.mp3,1
females\sample-192786.mp3,1
females\sample-192795.mp3,1
females\sample-192799.mp3,1
females\sample-192805.mp3,1
females\sample-192827.mp3,1
females\sample-192836.mp3,1
females\sample-192861.mp3,1
females\sample-192875.mp3,1
females\sample-192876.mp3,1
females\sample-192886.mp3,1
females\sample-192888.mp3,1
females\sample-192889.mp3,1
females\sample-192907.mp3,1
females\sample-192913.mp3,1
females\sample-192916.mp3,1
females\sample-192917.mp3,1
females\sample-192928.mp3,1
females\sample-192930.mp3,1
females\sample-192960.mp3,1
females\sample-192977.mp3,1
females\sample-192979.mp3,1
females\sample-192984.mp3,1
females\sample-192990.mp3,1
females\sample-193003.mp3,1
females\sample-193041.mp3,1
females\sample-193044.mp3,1
females\sample-193045.mp3,1
females\sample-193052.mp3,1
females\sample-193053.mp3,1
females\sample-193070.mp3,1
females\sample-193072.mp3,1
females\sample-193091.mp3,1
females\sample-193100.mp3,1
females\sample-193104.mp3,1
females\sample-193117.mp3,1
females\sample-193126.mp3,1
females\sample-193140.mp3,1
females\sample-193167.mp3,1
females\sample-193175.mp3,1
females\sample-193188.mp3,1
females\sample-193196.mp3,1
females\sample-193200.mp3,1
females\sample-193226.mp3,1
females\sample-193238.mp3,1
females\sample-193242.mp3,1
females\sample-193248.mp3,1
females\sample-193251.mp3,1
females\sample-193263.mp3,1
females\sample-193267.mp3,1
females\sample-193273.mp3,1
females\sample-193276.mp3,1
females\sample-193278.mp3,1
females\sample-193279.mp3,1
females\sample-193300.mp3,1
females\sample-193309.mp3,1
females\sample-193330.mp3,1
females\sample-193335.mp3,1
females\sample-193363.mp3,1
females\sample-193365.mp3,1
females\sample-193367.mp3,1
females\sample-193369.mp3,1
females\sample-193377.mp3,1
females\sample-193383.mp3,1
females\sample-193411.mp3,1
females\sample-193422.mp3,1
females\sample-193436.mp3,1
females\sample-193445.mp3,1
females\sample-193451.mp3,1
females\sample-193476.mp3,1
females\sample-193490.mp3,1
females\sample-193496.mp3,1
females\sample-193517.mp3,1
females\sample-193531.mp3,1
females\sample-193540.mp3,1
females\sample-193542.mp3,1
females\sample-193547.mp3,1
females\sample-193561.mp3,1
females\sample-193562.mp3,1
females\sample-193591.mp3,1
females\sample-193593.mp3,1
females\sample-193594.mp3,1
females\sample-193597.mp3,1
females\sample-193599.mp3,1
females\sample-193600.mp3,1
females\sample-193608.mp3,1
females\sample-193610.mp3,1
females\sample-193615.mp3,1
females\sample-193632.mp3,1
females\sample-193634.mp3,1
females\sample-193635.mp3,1
females\sample-193641.mp3,1
females\sample-193682.mp3,1
females\sample-193684.mp3,1
females\sample-193686.mp3,1
females\sample-193687.mp3,1
females\sample-193688.mp3,1
females\sample-193690.mp3,1
females\sample-193699.mp3,1
females\sample-193704.mp3,1
females\sample-193706.mp3,1
females\sample-193709.mp3,1
females\sample-193711.mp3,1
females\sample-193724.mp3,1
females\sample-193754.mp3,1
females\sample-193763.mp3,1
females\sample-193764.mp3,1
females\sample-193770.mp3,1
females\sample-193789.mp3,1
females\sample-193819.mp3,1
females\sample-193841.mp3,1
females\sample-193871.mp3,1
females\sample-193881.mp3,1
females\sample-193928.mp3,1
females\sample-193936.mp3,1
females\sample-193938.mp3,1
females\sample-193942.mp3,1
females\sample-193946.mp3,1
females\sample-193956.mp3,1
females\sample-193959.mp3,1
females\sample-193961.mp3,1
females\sample-193977.mp3,1
females\sample-193994.mp3,1
females\sample-194013.mp3,1
females\sample-194026.mp3,1
females\sample-194027.mp3,1
females\sample-194030.mp3,1
females\sample-194051.mp3,1
females\sample-194074.mp3,1
females\sample-194102.mp3,1
females\sample-194108.mp3,1
females\sample-194121.mp3,1
females\sample-194126.mp3,1
females\sample-194168.mp3,1
females\sample-194192.mp3,1
females\sample-194205.mp3,1
females\sample-194220.mp3,1
females\sample-194224.mp3,1
females\sample-194227.mp3,1
females\sample-194236.mp3,1
females\sample-194258.mp3,1
females\sample-194273.mp3,1
females\sample-194274.mp3,1
females\sample-194290.mp3,1
females\sample-194291.mp3,1
females\sample-194293.mp3,1
females\sample-194306.mp3,1
females\sample-194307.mp3,1
females\sample-194311.mp3,1
females\sample-194326.mp3,1
females\sample-194337.mp3,1
females\sample-194352.mp3,1
females\sample-194355.mp3,1
females\sample-194374.mp3,1
females\sample-194395.mp3,1
females\sample-194404.mp3,1
females\sample-194418.mp3,1
females\sample-194420.mp3,1
females\sample-194436.mp3,1
females\sample-194441.mp3,1
females\sample-194458.mp3,1
females\sample-194462.mp3,1
females\sample-194464.mp3,1
females\sample-194489.mp3,1
females\sample-194504.mp3,1
females\sample-194513.mp3,1
females\sample-194519.mp3,1
females\sample-194520.mp3,1
females\sample-194529.mp3,1
females\sample-194531.mp3,1
females\sample-194555.mp3,1
females\sample-194575.mp3,1
females\sample-194587.mp3,1
females\sample-194595.mp3,1
females\sample-194615.mp3,1
females\sample-194619.mp3,1
females\sample-194627.mp3,1
females\sample-194628.mp3,1
females\sample-194632.mp3,1
females\sample-194656.mp3,1
females\sample-194674.mp3,1
females\sample-194678.mp3,1
females\sample-194684.mp3,1
females\sample-194743.mp3,1
females\sample-194745.mp3,1
females\sample-194751.mp3,1
females\sample-194752.mp3,1
females\sample-194773.mp3,1
females\sample-194779.mp3,1
females\sample-194784.mp3,1
females\sample-194790.mp3,1
females\sample-194797.mp3,1
females\sample-194800.mp3,1
females\sample-194804.mp3,1
females\sample-194829.mp3,1
females\sample-194831.mp3,1
females\sample-194834.mp3,1
females\sample-194849.mp3,1
females\sample-194854.mp3,1
females\sample-194878.mp3,1
females\sample-194890.mp3,1
females\sample-194893.mp3,1
females\sample-194906.mp3,1
females\sample-194911.mp3,1
females\sample-194912.mp3,1
females\sample-194916.mp3,1
females\sample-194931.mp3,1
females\sample-194962.mp3,1
females\sample-194975.mp3,1
females\sample-194985.mp3,1
females\sample-195008.mp3,1
females\sample-195017.mp3,1
females\sample-195019.mp3,1
females\sample-195022.mp3,1
females\sample-195038.mp3,1
females\sample-195040.mp3,1
females\sample-195071.mp3,1
females\sample-195072.mp3,1
females\sample-195091.mp3,1
females\sample-195116.mp3,1
females\sample-195140.mp3,1
females\sample-195146.mp3,1
females\sample-195158.mp3,1
females\sample-195162.mp3,1
females\sample-195180.mp3,1
females\sample-195188.mp3,1
females\sample-195190.mp3,1
females\sample-195208.mp3,1
females\sample-195210.mp3,1
females\sample-195213.mp3,1
females\sample-195215.mp3,1
females\sample-195221.mp3,1
females\sample-195223.mp3,1
females\sample-195248.mp3,1
females\sample-195255.mp3,1
females\sample-195273.mp3,1
females\sample-195283.mp3,1
females\sample-195297.mp3,1
females\sample-195312.mp3,1
females\sample-195318.mp3,1
females\sample-195325.mp3,1
females\sample-195327.mp3,1
females\sample-195353.mp3,1
females\sample-195357.mp3,1
females\sample-195358.mp3,1
females\sample-195367.mp3,1
females\sample-195374.mp3,1
females\sample-195375.mp3,1
females\sample-195376.mp3,1
females\sample-195402.mp3,1
females\sample-195426.mp3,1
females\sample-195427.mp3,1
females\sample-195439.mp3,1
females\sample-195458.mp3,1
females\sample-195471.mp3,1
females\sample-195480.mp3,1
females\sample-195487.mp3,1
females\sample-195508.mp3,1
females\sample-195512.mp3,1
females\sample-195516.mp3,1
females\sample-195533.mp3,1
females\sample-195537.mp3,1
females\sample-195556.mp3,1
females\sample-195602.mp3,1
females\sample-195655.mp3,1
females\sample-195673.mp3,1
females\sample-195683.mp3,1
females\sample-195689.mp3,1
females\sample-195690.mp3,1
females\sample-195698.mp3,1
females\sample-195712.mp3,1
females\sample-195723.mp3,1
females\sample-195742.mp3,1
females\sample-195747.mp3,1
females\sample-195750.mp3,1
females\sample-195758.mp3,1
females\sample-195765.mp3,1
females\sample-195767.mp3,1
males\sample-000000.mp3,1
males\sample-000001.mp3,1
males\sample-000003.mp3,1
males\sample-000005.mp3,1
males\sample-000011.mp3,1
males\sample-000012.mp3,1
males\sample-000015.mp3,1
males\sample-000021.mp3,1
males\sample-000030.mp3,1
males\sample-000032.mp3,1
males\sample-000035.mp3,1
males\sample-000037.mp3,1
males\sample-000038.mp3,1
males\sample-000039.mp3,1
males\sample-000045.mp3,1
males\sample-000051.mp3,1
males\sample-000052.mp3,1
males\sample-000059.mp3,1
males\sample-000061.mp3,1
males\sample-000076.mp3,1
males\sample-000078.mp3,1
males\sample-000079.mp3,1
males\sample-000090.mp3,1
males\sample-000093.mp3,1
males\sample-000095.mp3,1
males\sample-000101.mp3,1
males\sample-000102.mp3,1
males\sample-000117.mp3,1
males\sample-000120.mp3,1
males\sample-000125.mp3,1
males\sample-000127.mp3,1
males\sample-000129.mp3,1
males\sample-000131.mp3,1
males\sample-000139.mp3,1
males\sample-000141.mp3,1
males\sample-000142.mp3,1
males\sample-000143.mp3,1
males\sample-000145.mp3,1
males\sample-000148.mp3,1
males\sample-000149.mp3,1
males\sample-000151.mp3,1
males\sample-000152.mp3,1
males\sample-000155.mp3,1
males\sample-000157.mp3,1
males\sample-000158.mp3,1
males\sample-000160.mp3,1
males\sample-000164.mp3,1
males\sample-000170.mp3,1
males\sample-000171.mp3,1
males\sample-000176.mp3,1
males\sample-000183.mp3,1
males\sample-000185.mp3,1
males\sample-000188.mp3,1
males\sample-000199.mp3,1
males\sample-000206.mp3,1
males\sample-000208.mp3,1
males\sample-000209.mp3,1
males\sample-000210.mp3,1
males\sample-000214.mp3,1
males\sample-000220.mp3,1
males\sample-000222.mp3,1
males\sample-000224.mp3,1
males\sample-000230.mp3,1
males\sample-000232.mp3,1
males\sample-000233.mp3,1
males\sample-000234.mp3,1
males\sample-000245.mp3,1
males\sample-000248.mp3,1
males\sample-000249.mp3,1
males\sample-000252.mp3,1
males\sample-000255.mp3,1
males\sample-000269.mp3,1
males\sample-000270.mp3,1
males\sample-000272.mp3,1
males\sample-000280.mp3,1
males\sample-000281.mp3,1
males\sample-000282.mp3,1
males\sample-000288.mp3,1
males\sample-000289.mp3,1
males\sample-000298.mp3,1
males\sample-000301.mp3,1
males\sample-000309.mp3,1
males\sample-000316.mp3,1
males\sample-000319.mp3,1
males\sample-000320.mp3,1
males\sample-000321.mp3,1
males\sample-000323.mp3,1
males\sample-000328.mp3,1
males\sample-000330.mp3,1
males\sample-000337.mp3,1
males\sample-000338.mp3,1
males\sample-000340.mp3,1
males\sample-000341.mp3,1
males\sample-000350.mp3,1
males\sample-000353.mp3,1
males\sample-000361.mp3,1
males\sample-000376.mp3,1
males\sample-000377.mp3,1
males\sample-000381.mp3,1
males\sample-000382.mp3,1
males\sample-000390.mp3,1
males\sample-000397.mp3,1
males\sample-000398.mp3,1
males\sample-000402.mp3,1
males\sample-000404.mp3,1
males\sample-000405.mp3,1
males\sample-000420.mp3,1
males\sample-000421.mp3,1
males\sample-000422.mp3,1
males\sample-000423.mp3,1
males\sample-000425.mp3,1
males\sample-000427.mp3,1
males\sample-000428.mp3,1
males\sample-000431.mp3,1
males\sample-000432.mp3,1
males\sample-000433.mp3,1
males\sample-000441.mp3,1
males\sample-000442.mp3,1
males\sample-000443.mp3,1
males\sample-000448.mp3,1
males\sample-000451.mp3,1
males\sample-000456.mp3,1
males\sample-000457.mp3,1
males\sample-000476.mp3,1
males\sample-000480.mp3,1
males\sample-000487.mp3,1
males\sample-000490.mp3,1
males\sample-000491.mp3,1
males\sample-000494.mp3,1
males\sample-000496.mp3,1
males\sample-000501.mp3,1
males\sample-000504.mp3,1
males\sample-000514.mp3,1
males\sample-000515.mp3,1
males\sample-000517.mp3,1
males\sample-000518.mp3,1
males\sample-000521.mp3,1
males\sample-000522.mp3,1
males\sample-000526.mp3,1
males\sample-000527.mp3,1
males\sample-000529.mp3,1
males\sample-000532.mp3,1
males\sample-000536.mp3,1
males\sample-000546.mp3,1
males\sample-000551.mp3,1
males\sample-000569.mp3,1
males\sample-000572.mp3,1
males\sample-000575.mp3,1
males\sample-000580.mp3,1
males\sample-000581.mp3,1
males\sample-000583.mp3,1
males\sample-000585.mp3,1
males\sample-000586.mp3,1
males\sample-000593.mp3,1
males\sample-000596.mp3,1
males\sample-000597.mp3,1
males\sample-000598.mp3,1
males\sample-000606.mp3,1
males\sample-000611.mp3,1
males\sample-000613.mp3,1
males\sample-000621.mp3,1
males\sample-000631.mp3,1
males\sample-000638.mp3,1
males\sample-000640.mp3,1
males\sample-000643.mp3,1
males\sample-000650.mp3,1
males\sample-000655.mp3,1
males\sample-000656.mp3,1
males\sample-000660.mp3,1
males\sample-000663.mp3,1
males\sample-000674.mp3,1
males\sample-000681.mp3,1
males\sample-000687.mp3,1
males\sample-000688.mp3,1
males\sample-000692.mp3,1
males\sample-000699.mp3,1
males\sample-000703.mp3,1
males\sample-000720.mp3,1
males\sample-000721.mp3,1
males\sample-000722.mp3,1
males\sample-000723.mp3,1
males\sample-000724.mp3,1
males\sample-000725.mp3,1
males\sample-000726.mp3,1
males\sample-000734.mp3,1
males\sample-000735.mp3,1
males\sample-000736.mp3,1
males\sample-000739.mp3,1
males\sample-000743.mp3,1
males\sample-000746.mp3,1
males\sample-000755.mp3,1
males\sample-000762.mp3,1
males\sample-000765.mp3,1
males\sample-000767.mp3,1
males\sample-000769.mp3,1
males\sample-000770.mp3,1
males\sample-000775.mp3,1
males\sample-000781.mp3,1
males\sample-000783.mp3,1
males\sample-000788.mp3,1
males\sample-000791.mp3,1
males\sample-000806.mp3,1
males\sample-000809.mp3,1
males\sample-000810.mp3,1
males\sample-000820.mp3,1
males\sample-000821.mp3,1
males\sample-000835.mp3,1
males\sample-000843.mp3,1
males\sample-000845.mp3,1
males\sample-000847.mp3,1
males\sample-000848.mp3,1
males\sample-000849.mp3,1
males\sample-000851.mp3,1
males\sample-000854.mp3,1
males\sample-000858.mp3,1
males\sample-000866.mp3,1
males\sample-000870.mp3,1
males\sample-000878.mp3,1
males\sample-000889.mp3,1
males\sample-000898.mp3,1
males\sample-000904.mp3,1
males\sample-000906.mp3,1
males\sample-000909.mp3,1
males\sample-000913.mp3,1
males\sample-000922.mp3,1
males\sample-000923.mp3,1
males\sample-000926.mp3,1
males\sample-000928.mp3,1
males\sample-000932.mp3,1
males\sample-000934.mp3,1
males\sample-000938.mp3,1
males\sample-000941.mp3,1
males\sample-000944.mp3,1
males\sample-000954.mp3,1
males\sample-000958.mp3,1
males\sample-000962.mp3,1
males\sample-000963.mp3,1
males\sample-000965.mp3,1
males\sample-000967.mp3,1
males\sample-000971.mp3,1
males\sample-000985.mp3,1
males\sample-000986.mp3,1
males\sample-000988.mp3,1
males\sample-000990.mp3,1
males\sample-000993.mp3,1
males\sample-001000.mp3,1
males\sample-001002.mp3,1
males\sample-001006.mp3,1
males\sample-001007.mp3,1
males\sample-001009.mp3,1
males\sample-001011.mp3,1
males\sample-001013.mp3,1
males\sample-001016.mp3,1
males\sample-001021.mp3,1
males\sample-001023.mp3,1
males\sample-001027.mp3,1
males\sample-001032.mp3,1
males\sample-001047.mp3,1
males\sample-001051.mp3,1
males\sample-001053.mp3,1
males\sample-001057.mp3,1
males\sample-001058.mp3,1
males\sample-001061.mp3,1
males\sample-001065.mp3,1
males\sample-001070.mp3,1
males\sample-001071.mp3,1
males\sample-001072.mp3,1
males\sample-001073.mp3,1
males\sample-001074.mp3,1
males\sample-001084.mp3,1
males\sample-001086.mp3,1
males\sample-001087.mp3,1
males\sample-001088.mp3,1
males\sample-001089.mp3,1
males\sample-001098.mp3,1
males\sample-001107.mp3,1
males\sample-001113.mp3,1
males\sample-001116.mp3,1
males\sample-001117.mp3,1
males\sample-001119.mp3,1
males\sample-001122.mp3,1
males\sample-001124.mp3,1
males\sample-001131.mp3,1
males\sample-001133.mp3,1
males\sample-001134.mp3,1
males\sample-001136.mp3,1
males\sample-001138.mp3,1
males\sample-001140.mp3,1
males\sample-001145.mp3,1
males\sample-001154.mp3,1
males\sample-001155.mp3,1
males\sample-001157.mp3,1
males\sample-001161.mp3,1
males\sample-001164.mp3,1
males\sample-001173.mp3,1
males\sample-001175.mp3,1
males\sample-001177.mp3,1
males\sample-001181.mp3,1
males\sample-001183.mp3,1
males\sample-001185.mp3,1
males\sample-001187.mp3,1
males\sample-001192.mp3,1
males\sample-001195.mp3,1
males\sample-001200.mp3,1
males\sample-001201.mp3,1
males\sample-001202.mp3,1
males\sample-001203.mp3,1
males\sample-001207.mp3,1
males\sample-001212.mp3,1
males\sample-001214.mp3,1
males\sample-001215.mp3,1
males\sample-001217.mp3,1
males\sample-001218.mp3,1
males\sample-001220.mp3,1
males\sample-001222.mp3,1
males\sample-001226.mp3,1
males\sample-001233.mp3,1
males\sample-001242.mp3,1
males\sample-001243.mp3,1
males\sample-001246.mp3,1
males\sample-001248.mp3,1
males\sample-001249.mp3,1
males\sample-001251.mp3,1
males\sample-001253.mp3,1
males\sample-001258.mp3,1
males\sample-001264.mp3,1
males\sample-001268.mp3,1
males\sample-001269.mp3,1
males\sample-001270.mp3,1
males\sample-001277.mp3,1
males\sample-001282.mp3,1
males\sample-001288.mp3,1
males\sample-001292.mp3,1
males\sample-001297.mp3,1
males\sample-001298.mp3,1
males\sample-001301.mp3,1
males\sample-001309.mp3,1
males\sample-001312.mp3,1
males\sample-001313.mp3,1
males\sample-001316.mp3,1
males\sample-001320.mp3,1
males\sample-001322.mp3,1
males\sample-001325.mp3,1
males\sample-001326.mp3,1
males\sample-001336.mp3,1
males\sample-001341.mp3,1
males\sample-001350.mp3,1
males\sample-001354.mp3,1
males\sample-001359.mp3,1
males\sample-001363.mp3,1
males\sample-001366.mp3,1
males\sample-001367.mp3,1
males\sample-001369.mp3,1
males\sample-001372.mp3,1
males\sample-001374.mp3,1
males\sample-001379.mp3,1
males\sample-001382.mp3,1
males\sample-001393.mp3,1
males\sample-001394.mp3,1
males\sample-001398.mp3,1
males\sample-001399.mp3,1
males\sample-001402.mp3,1
males\sample-001406.mp3,1
males\sample-001407.mp3,1
males\sample-001412.mp3,1
males\sample-001413.mp3,1
males\sample-001415.mp3,1
males\sample-001428.mp3,1
males\sample-001431.mp3,1
males\sample-001433.mp3,1
males\sample-001437.mp3,1
males\sample-001439.mp3,1
males\sample-001441.mp3,1
males\sample-001442.mp3,1
males\sample-001450.mp3,1
males\sample-001455.mp3,1
males\sample-001457.mp3,1
males\sample-001458.mp3,1
males\sample-001460.mp3,1
males\sample-001462.mp3,1
males\sample-001463.mp3,1
males\sample-001466.mp3,1
males\sample-001468.mp3,1
males\sample-001471.mp3,1
males\sample-001478.mp3,1
males\sample-001481.mp3,1
males\sample-001485.mp3,1
males\sample-001494.mp3,1
males\sample-001496.mp3,1
males\sample-001498.mp3,1
males\sample-001503.mp3,1
males\sample-001504.mp3,1
males\sample-001505.mp3,1
males\sample-001507.mp3,1
males\sample-001516.mp3,1
males\sample-001521.mp3,1
males\sample-001525.mp3,1
males\sample-001527.mp3,1
males\sample-001528.mp3,1
males\sample-001532.mp3,1
males\sample-001542.mp3,1
males\sample-001543.mp3,1
males\sample-001553.mp3,1
males\sample-001554.mp3,1
males\sample-001555.mp3,1
males\sample-001559.mp3,1
males\sample-001561.mp3,1
males\sample-001568.mp3,1
males\sample-001569.mp3,1
males\sample-001586.mp3,1
males\sample-001590.mp3,1
males\sample-001593.mp3,1
males\sample-001596.mp3,1
males\sample-001610.mp3,1
males\sample-001616.mp3,1
males\sample-001623.mp3,1
males\sample-001625.mp3,1
males\sample-001627.mp3,1
males\sample-001629.mp3,1
males\sample-001636.mp3,1
males\sample-001637.mp3,1
males\sample-001639.mp3,1
males\sample-001644.mp3,1
males\sample-001649.mp3,1
males\sample-001650.mp3,1
males\sample-001651.mp3,1
males\sample-001654.mp3,1
males\sample-001658.mp3,1
males\sample-001665.mp3,1
males\sample-001666.mp3,1
males\sample-001673.mp3,1
males\sample-001677.mp3,1
males\sample-001680.mp3,1
males\sample-001681.mp3,1
males\sample-001682.mp3,1
males\sample-001685.mp3,1
males\sample-001686.mp3,1
males\sample-001692.mp3,1
males\sample-001694.mp3,1
males\sample-001698.mp3,1
males\sample-001699.mp3,1
males\sample-001701.mp3,1
males\sample-001702.mp3,1
males\sample-001704.mp3,1
males\sample-001707.mp3,1
males\sample-001708.mp3,1
males\sample-001709.mp3,1
males\sample-001721.mp3,1
males\sample-001726.mp3,1
males\sample-001732.mp3,1
males\sample-001733.mp3,1
males\sample-001736.mp3,1
males\sample-001740.mp3,1
males\sample-001744.mp3,1
males\sample-001750.mp3,1
males\sample-001754.mp3,1
males\sample-001755.mp3,1
males\sample-001772.mp3,1
males\sample-001774.mp3,1
males\sample-001776.mp3,1
males\sample-001777.mp3,1
males\sample-001779.mp3,1
males\sample-001780.mp3,1
males\sample-001783.mp3,1
males\sample-001787.mp3,1
males\sample-001789.mp3,1
males\sample-001790.mp3,1
males\sample-001792.mp3,1
males\sample-001794.mp3,1
males\sample-001798.mp3,1
males\sample-001800.mp3,1
males\sample-001804.mp3,1
males\sample-001815.mp3,1
males\sample-001816.mp3,1
males\sample-001821.mp3,1
males\sample-001822.mp3,1
males\sample-001824.mp3,1
males\sample-001829.mp3,1
males\sample-001830.mp3,1
males\sample-001834.mp3,1
males\sample-001836.mp3,1
males\sample-001847.mp3,1
males\sample-001848.mp3,1
males\sample-001849.mp3,1
males\sample-001850.mp3,1
males\sample-001860.mp3,1
males\sample-001880.mp3,1
males\sample-001892.mp3,1
males\sample-001895.mp3,1
males\sample-001898.mp3,1
males\sample-001903.mp3,1
males\sample-001906.mp3,1
males\sample-001907.mp3,1
males\sample-001909.mp3,1
males\sample-001911.mp3,1
males\sample-001912.mp3,1
males\sample-001913.mp3,1
males\sample-001914.mp3,1
males\sample-001917.mp3,1
males\sample-001919.mp3,1
males\sample-001920.mp3,1
males\sample-001923.mp3,1
males\sample-001924.mp3,1
males\sample-001925.mp3,1
males\sample-001929.mp3,1
males\sample-001931.mp3,1
males\sample-001941.mp3,1
males\sample-001942.mp3,1
males\sample-001945.mp3,1
males\sample-001950.mp3,1
males\sample-001952.mp3,1
males\sample-001955.mp3,1
males\sample-001956.mp3,1
males\sample-001960.mp3,1
males\sample-001961.mp3,1
males\sample-001962.mp3,1
males\sample-001963.mp3,1
males\sample-001967.mp3,1
males\sample-001971.mp3,1
males\sample-001990.mp3,1
males\sample-001991.mp3,1
males\sample-001992.mp3,1
males\sample-001994.mp3,1
males\sample-002000.mp3,1
males\sample-002003.mp3,1
males\sample-002011.mp3,1
males\sample-002017.mp3,1
males\sample-002018.mp3,1
males\sample-002019.mp3,1
males\sample-002020.mp3,1
males\sample-002031.mp3,1
males\sample-002038.mp3,1
males\sample-002048.mp3,1
males\sample-002049.mp3,1
males\sample-002053.mp3,1
males\sample-002063.mp3,1
males\sample-002071.mp3,1
males\sample-002078.mp3,1
males\sample-002081.mp3,1
males\sample-002083.mp3,1
males\sample-002087.mp3,1
males\sample-002095.mp3,1
males\sample-002108.mp3,1
males\sample-002110.mp3,1
males\sample-002114.mp3,1
males\sample-002116.mp3,1
males\sample-002119.mp3,1
males\sample-002122.mp3,1
males\sample-002126.mp3,1
males\sample-002131.mp3,1
males\sample-002135.mp3,1
males\sample-002142.mp3,1
males\sample-002144.mp3,1
males\sample-002153.mp3,1
males\sample-002157.mp3,1
males\sample-002165.mp3,1
males\sample-002172.mp3,1
males\sample-002178.mp3,1
males\sample-002181.mp3,1
males\sample-002182.mp3,1
males\sample-002184.mp3,1
males\sample-002194.mp3,1
males\sample-002198.mp3,1
males\sample-002205.mp3,1
males\sample-002206.mp3,1
males\sample-002208.mp3,1
males\sample-002214.mp3,1
males\sample-002215.mp3,1
males\sample-002216.mp3,1
males\sample-002228.mp3,1
males\sample-002229.mp3,1
males\sample-002235.mp3,1
males\sample-002237.mp3,1
males\sample-002238.mp3,1
males\sample-002242.mp3,1
males\sample-002245.mp3,1
males\sample-002258.mp3,1
males\sample-002259.mp3,1
males\sample-002263.mp3,1
males\sample-002268.mp3,1
males\sample-002269.mp3,1
males\sample-002271.mp3,1
males\sample-002273.mp3,1
males\sample-002274.mp3,1
males\sample-002282.mp3,1
males\sample-002283.mp3,1
males\sample-002297.mp3,1
males\sample-002299.mp3,1
males\sample-002300.mp3,1
males\sample-002303.mp3,1
males\sample-002304.mp3,1
males\sample-002308.mp3,1
males\sample-002314.mp3,1
males\sample-002320.mp3,1
males\sample-002321.mp3,1
males\sample-002323.mp3,1
males\sample-002329.mp3,1
males\sample-002340.mp3,1
males\sample-002342.mp3,1
males\sample-002343.mp3,1
males\sample-002345.mp3,1
males\sample-002350.mp3,1
males\sample-002352.mp3,1
males\sample-002356.mp3,1
males\sample-002357.mp3,1
males\sample-002366.mp3,1
males\sample-002370.mp3,1
males\sample-002372.mp3,1
males\sample-002380.mp3,1
males\sample-002387.mp3,1
males\sample-002393.mp3,1
males\sample-002396.mp3,1
males\sample-002401.mp3,1
males\sample-002406.mp3,1
males\sample-002410.mp3,1
males\sample-002412.mp3,1
males\sample-002413.mp3,1
males\sample-002416.mp3,1
males\sample-002424.mp3,1
males\sample-002428.mp3,1
males\sample-002431.mp3,1
males\sample-002435.mp3,1
males\sample-002437.mp3,1
males\sample-002439.mp3,1
males\sample-002440.mp3,1
males\sample-002443.mp3,1
males\sample-002445.mp3,1
males\sample-002450.mp3,1
males\sample-002457.mp3,1
males\sample-002458.mp3,1
males\sample-002459.mp3,1
males\sample-002464.mp3,1
males\sample-002465.mp3,1
males\sample-002470.mp3,1
males\sample-002473.mp3,1
males\sample-002479.mp3,1
males\sample-002481.mp3,1
males\sample-002482.mp3,1
males\sample-002484.mp3,1
males\sample-002486.mp3,1
males\sample-002487.mp3,1
males\sample-002490.mp3,1
males\sample-002494.mp3,1
males\sample-002495.mp3,1
males\sample-002496.mp3,1
males\sample-002497.mp3,1
males\sample-002500.mp3,1
males\sample-002501.mp3,1
males\sample-002502.mp3,1
males\sample-002504.mp3,1
males\sample-002506.mp3,1
males\sample-002518.mp3,1
males\sample-002523.mp3,1
males\sample-002527.mp3,1
males\sample-002528.mp3,1
males\sample-002534.mp3,1
males\sample-002535.mp3,1
males\sample-002540.mp3,1
males\sample-002545.mp3,1
males\sample-002549.mp3,1
males\sample-002557.mp3,1
males\sample-002564.mp3,1
males\sample-002568.mp3,1
males\sample-002570.mp3,1
males\sample-002571.mp3,1
males\sample-002575.mp3,1
males\sample-002576.mp3,1
males\sample-002587.mp3,1
males\sample-002590.mp3,1
males\sample-002591.mp3,1
males\sample-002594.mp3,1
males\sample-002595.mp3,1
males\sample-002608.mp3,1
males\sample-002618.mp3,1
males\sample-002623.mp3,1
males\sample-002625.mp3,1
males\sample-002626.mp3,1
males\sample-002627.mp3,1
males\sample-002642.mp3,1
males\sample-002646.mp3,1
males\sample-002647.mp3,1
males\sample-002649.mp3,1
males\sample-002657.mp3,1
males\sample-002659.mp3,1
males\sample-002661.mp3,1
males\sample-002666.mp3,1
males\sample-002669.mp3,1
males\sample-002670.mp3,1
males\sample-002673.mp3,1
males\sample-002677.mp3,1
males\sample-002678.mp3,1
males\sample-002679.mp3,1
males\sample-002682.mp3,1
males\sample-002683.mp3,1
males\sample-002684.mp3,1
males\sample-002685.mp3,1
males\sample-002688.mp3,1
males\sample-002691.mp3,1
males\sample-002698.mp3,1
males\sample-002699.mp3,1
males\sample-002703.mp3,1
males\sample-002706.mp3,1
males\sample-002710.mp3,1
males\sample-002711.mp3,1
males\sample-002713.mp3,1
males\sample-002714.mp3,1
males\sample-002717.mp3,1
males\sample-002720.mp3,1
males\sample-002724.mp3,1
males\sample-002735.mp3,1
males\sample-002737.mp3,1
males\sample-002738.mp3,1
males\sample-002740.mp3,1
males\sample-002741.mp3,1
males\sample-002743.mp3,1
males\sample-002744.mp3,1
males\sample-002749.mp3,1
males\sample-002751.mp3,1
males\sample-002756.mp3,1
males\sample-002762.mp3,1
males\sample-002769.mp3,1
males\sample-002772.mp3,1
males\sample-002773.mp3,1
males\sample-002776.mp3,1
males\sample-002780.mp3,1
males\sample-002783.mp3,1
males\sample-002786.mp3,1
males\sample-002793.mp3,1
males\sample-002794.mp3,1
males\sample-002803.mp3,1
males\sample-002808.mp3,1
males\sample-002810.mp3,1
males\sample-002814.mp3,1
males\sample-002816.mp3,1
males\sample-002817.mp3,1
males\sample-002818.mp3,1
males\sample-002824.mp3,1
males\sample-002841.mp3,1
males\sample-002843.mp3,1
males\sample-002844.mp3,1
males\sample-002857.mp3,1
males\sample-002863.mp3,1
males\sample-002864.mp3,1
males\sample-002865.mp3,1
males\sample-002874.mp3,1
males\sample-002877.mp3,1
males\sample-002879.mp3,1
males\sample-002882.mp3,1
males\sample-002887.mp3,1
males\sample-002895.mp3,1
males\sample-002897.mp3,1
males\sample-002899.mp3,1
males\sample-002907.mp3,1
males\sample-002909.mp3,1
males\sample-002911.mp3,1
males\sample-002920.mp3,1
males\sample-002921.mp3,1
males\sample-002924.mp3,1
males\sample-002926.mp3,1
males\sample-002927.mp3,1
males\sample-002929.mp3,1
males\sample-002936.mp3,1
males\sample-002948.mp3,1
males\sample-002950.mp3,1
males\sample-002954.mp3,1
males\sample-002955.mp3,1
males\sample-002956.mp3,1
males\sample-002957.mp3,1
males\sample-002966.mp3,1
males\sample-002967.mp3,1
males\sample-002968.mp3,1
males\sample-002969.mp3,1
males\sample-002978.mp3,1
males\sample-002987.mp3,1
males\sample-002995.mp3,1
males\sample-002999.mp3,1
males\sample-003000.mp3,1
males\sample-003001.mp3,1
males\sample-003005.mp3,1
males\sample-003009.mp3,1
males\sample-003021.mp3,1
males\sample-003027.mp3,1
males\sample-003028.mp3,1
males\sample-003030.mp3,1
males\sample-003031.mp3,1
males\sample-003032.mp3,1
males\sample-003036.mp3,1
males\sample-003040.mp3,1
males\sample-003041.mp3,1
males\sample-003043.mp3,1
males\sample-003044.mp3,1
males\sample-003046.mp3,1
males\sample-003047.mp3,1
males\sample-003049.mp3,1
males\sample-003053.mp3,1
males\sample-003054.mp3,1
males\sample-003055.mp3,1
males\sample-003059.mp3,1
males\sample-003062.mp3,1
males\sample-003075.mp3,1
males\sample-003082.mp3,1
males\sample-003092.mp3,1
males\sample-003093.mp3,1
males\sample-003095.mp3,1
males\sample-003099.mp3,1
males\sample-003104.mp3,1
males\sample-003123.mp3,1
males\sample-003135.mp3,1
males\sample-003142.mp3,1
males\sample-003143.mp3,1
males\sample-003147.mp3,1
males\sample-003150.mp3,1
males\sample-003153.mp3,1
males\sample-003154.mp3,1
males\sample-003157.mp3,1
males\sample-003170.mp3,1
males\sample-003172.mp3,1
males\sample-003173.mp3,1
males\sample-003180.mp3,1
males\sample-003182.mp3,1
males\sample-003185.mp3,1
males\sample-003186.mp3,1
males\sample-003192.mp3,1
males\sample-003194.mp3,1
males\sample-003195.mp3,1
males\sample-003198.mp3,1
males\sample-003203.mp3,1
males\sample-003204.mp3,1
males\sample-003211.mp3,1
males\sample-003214.mp3,1
males\sample-003215.mp3,1
males\sample-003216.mp3,1
males\sample-003217.mp3,1
males\sample-003218.mp3,1
males\sample-003222.mp3,1
males\sample-003223.mp3,1
males\sample-003225.mp3,1
males\sample-003227.mp3,1
males\sample-003231.mp3,1
males\sample-003240.mp3,1
males\sample-003242.mp3,1
males\sample-003244.mp3,1
males\sample-003245.mp3,1
males\sample-003252.mp3,1
males\sample-003266.mp3,1
males\sample-003277.mp3,1
males\sample-003283.mp3,1
males\sample-003288.mp3,1
males\sample-003295.mp3,1
males\sample-003299.mp3,1
males\sample-003310.mp3,1
males\sample-003317.mp3,1
males\sample-003318.mp3,1
males\sample-003325.mp3,1
males\sample-003328.mp3,1
males\sample-003331.mp3,1
males\sample-003339.mp3,1
males\sample-003340.mp3,1
males\sample-003344.mp3,1
males\sample-003352.mp3,1
males\sample-003353.mp3,1
males\sample-003357.mp3,1
males\sample-003361.mp3,1
males\sample-003367.mp3,1
males\sample-003369.mp3,1
males\sample-003386.mp3,1
males\sample-003390.mp3,1
males\sample-003398.mp3,1
males\sample-003401.mp3,1
males\sample-003404.mp3,1
males\sample-003406.mp3,1
males\sample-003407.mp3,1
males\sample-003408.mp3,1
males\sample-003410.mp3,1
males\sample-003417.mp3,1
males\sample-003420.mp3,1
males\sample-003426.mp3,1
males\sample-003433.mp3,1
males\sample-003447.mp3,1
males\sample-003452.mp3,1
males\sample-003456.mp3,1
males\sample-003458.mp3,1
males\sample-003459.mp3,1
males\sample-003467.mp3,1
males\sample-003481.mp3,1
males\sample-003486.mp3,1
males\sample-003488.mp3,1
males\sample-003489.mp3,1
males\sample-003490.mp3,1
males\sample-003491.mp3,1
males\sample-003495.mp3,1
males\sample-003498.mp3,1
males\sample-003499.mp3,1
males\sample-003509.mp3,1
males\sample-003510.mp3,1
males\sample-003514.mp3,1
males\sample-003521.mp3,1
males\sample-003524.mp3,1
males\sample-003531.mp3,1
males\sample-003533.mp3,1
males\sample-003536.mp3,1
males\sample-003538.mp3,1
males\sample-003547.mp3,1
males\sample-003557.mp3,1
males\sample-003559.mp3,1
males\sample-003562.mp3,1
males\sample-003566.mp3,1
males\sample-003568.mp3,1
males\sample-003570.mp3,1
males\sample-003579.mp3,1
males\sample-003581.mp3,1
males\sample-003583.mp3,1
males\sample-003584.mp3,1
males\sample-003587.mp3,1
males\sample-003593.mp3,1
males\sample-003594.mp3,1
males\sample-003602.mp3,1
males\sample-003607.mp3,1
males\sample-003610.mp3,1
males\sample-003611.mp3,1
males\sample-003612.mp3,1
males\sample-003618.mp3,1
males\sample-003621.mp3,1
males\sample-003627.mp3,1
males\sample-003630.mp3,1
males\sample-003632.mp3,1
males\sample-003634.mp3,1
males\sample-003637.mp3,1
males\sample-003642.mp3,1
males\sample-003644.mp3,1
males\sample-003646.mp3,1
males\sample-003647.mp3,1
males\sample-003649.mp3,1
males\sample-003650.mp3,1
males\sample-003651.mp3,1
males\sample-003661.mp3,1
males\sample-003663.mp3,1
males\sample-003678.mp3,1
males\sample-003680.mp3,1
males\sample-003690.mp3,1
males\sample-003693.mp3,1
males\sample-003695.mp3,1
males\sample-003696.mp3,1
males\sample-003698.mp3,1
males\sample-003701.mp3,1
males\sample-003702.mp3,1
males\sample-003707.mp3,1
males\sample-003710.mp3,1
males\sample-003711.mp3,1
males\sample-003712.mp3,1
males\sample-003713.mp3,1
males\sample-003721.mp3,1
males\sample-003726.mp3,1
males\sample-003727.mp3,1
males\sample-003728.mp3,1
males\sample-003739.mp3,1
males\sample-003753.mp3,1
males\sample-003759.mp3,1
males\sample-003762.mp3,1
males\sample-003764.mp3,1
males\sample-003767.mp3,1
males\sample-003772.mp3,1
males\sample-003778.mp3,1
males\sample-003779.mp3,1
males\sample-003781.mp3,1
males\sample-003790.mp3,1
males\sample-003797.mp3,1
males\sample-003798.mp3,1
males\sample-003801.mp3,1
males\sample-003802.mp3,1
males\sample-003807.mp3,1
males\sample-003810.mp3,1
males\sample-003811.mp3,1
males\sample-003816.mp3,1
males\sample-003822.mp3,1
males\sample-003827.mp3,1
males\sample-003835.mp3,1
males\sample-003842.mp3,1
males\sample-003844.mp3,1
males\sample-003845.mp3,1
males\sample-003846.mp3,1
males\sample-003851.mp3,1
males\sample-003856.mp3,1
males\sample-003866.mp3,1
males\sample-003868.mp3,1
males\sample-003869.mp3,1
males\sample-003870.mp3,1
males\sample-003872.mp3,1
males\sample-003876.mp3,1
males\sample-003881.mp3,1
males\sample-003882.mp3,1
males\sample-003884.mp3,1
males\sample-003888.mp3,1
males\sample-003892.mp3,1
males\sample-003896.mp3,1
males\sample-003898.mp3,1
males\sample-003901.mp3,1
males\sample-003903.mp3,1
males\sample-003907.mp3,1
males\sample-003908.mp3,1
males\sample-003911.mp3,1
males\sample-003920.mp3,1
males\sample-003928.mp3,1
males\sample-003929.mp3,1
males\sample-003934.mp3,1
males\sample-003938.mp3,1
males\sample-003939.mp3,1
males\sample-003943.mp3,1
males\sample-003958.mp3,1
males\sample-003959.mp3,1
males\sample-003961.mp3,1
males\sample-003963.mp3,1
males\sample-003968.mp3,1
males\sample-003970.mp3,1
males\sample-003973.mp3,1
males\sample-003974.mp3,1
males\sample-003975.mp3,1
males\sample-003978.mp3,1
males\sample-003979.mp3,1
males\sample-003981.mp3,1
males\sample-003983.mp3,1
males\sample-003990.mp3,1
males\sample-003993.mp3,1
males\sample-003996.mp3,1
males\sample-004002.mp3,1
males\sample-004003.mp3,1
males\sample-004005.mp3,1
males\sample-004006.mp3,1
males\sample-004007.mp3,1
males\sample-004012.mp3,1
males\sample-004021.mp3,1
males\sample-004031.mp3,1
males\sample-004035.mp3,1
males\sample-004041.mp3,1
males\sample-004042.mp3,1
males\sample-004048.mp3,1
males\sample-004050.mp3,1
males\sample-004052.mp3,1
males\sample-004062.mp3,1
males\sample-004065.mp3,1
males\sample-004067.mp3,1
males\sample-004069.mp3,1
males\sample-004074.mp3,1
males\sample-004075.mp3,1
males\sample-004079.mp3,1
males\sample-004083.mp3,1
males\sample-004084.mp3,1
males\sample-004086.mp3,1
males\sample-004089.mp3,1
males\sample-004094.mp3,1
males\sample-004101.mp3,1
males\sample-004107.mp3,1
males\sample-004124.mp3,1
males\sample-004125.mp3,1
males\sample-004132.mp3,1
males\sample-004133.mp3,1
males\sample-004136.mp3,1
males\sample-004137.mp3,1
males\sample-004140.mp3,1
males\sample-004142.mp3,1
males\sample-004144.mp3,1
males\sample-004145.mp3,1
males\sample-004146.mp3,1
males\sample-004147.mp3,1
males\sample-004148.mp3,1
males\sample-004159.mp3,1
males\sample-004160.mp3,1
males\sample-004161.mp3,1
males\sample-004168.mp3,1
males\sample-004177.mp3,1
males\sample-004184.mp3,1
males\sample-004187.mp3,1
males\sample-004193.mp3,1
males\sample-004200.mp3,1
males\sample-004206.mp3,1
males\sample-004209.mp3,1
males\sample-004216.mp3,1
males\sample-004217.mp3,1
males\sample-004221.mp3,1
males\sample-004222.mp3,1
males\sample-004225.mp3,1
males\sample-004226.mp3,1
males\sample-004229.mp3,1
males\sample-004231.mp3,1
males\sample-004235.mp3,1
males\sample-004236.mp3,1
males\sample-004250.mp3,1
males\sample-004256.mp3,1
males\sample-004257.mp3,1
males\sample-004260.mp3,1
males\sample-004262.mp3,1
males\sample-004263.mp3,1
males\sample-004265.mp3,1
males\sample-004271.mp3,1
males\sample-004272.mp3,1
males\sample-004278.mp3,1
males\sample-004280.mp3,1
males\sample-004287.mp3,1
males\sample-004292.mp3,1
males\sample-004294.mp3,1
males\sample-004303.mp3,1
males\sample-004307.mp3,1
males\sample-004308.mp3,1
males\sample-004309.mp3,1
males\sample-004311.mp3,1
males\sample-004323.mp3,1
males\sample-004325.mp3,1
males\sample-004333.mp3,1
males\sample-004343.mp3,1
males\sample-004354.mp3,1
males\sample-004359.mp3,1
males\sample-004362.mp3,1
males\sample-004365.mp3,1
males\sample-004366.mp3,1
males\sample-004367.mp3,1
males\sample-004372.mp3,1
males\sample-004376.mp3,1
males\sample-004383.mp3,1
males\sample-004385.mp3,1
males\sample-004388.mp3,1
males\sample-004396.mp3,1
males\sample-004399.mp3,1
males\sample-004405.mp3,1
males\sample-004406.mp3,1
males\sample-004409.mp3,1
males\sample-004410.mp3,1
males\sample-004418.mp3,1
males\sample-004420.mp3,1
males\sample-004424.mp3,1
males\sample-004427.mp3,1
males\sample-004428.mp3,1
males\sample-004429.mp3,1
males\sample-004432.mp3,1
males\sample-004435.mp3,1
males\sample-004440.mp3,1
males\sample-004443.mp3,1
males\sample-004447.mp3,1
males\sample-004449.mp3,1
males\sample-004451.mp3,1
males\sample-004454.mp3,1
males\sample-004462.mp3,1
males\sample-004463.mp3,1
males\sample-004471.mp3,1
males\sample-004474.mp3,1
males\sample-004476.mp3,1
males\sample-004478.mp3,1
males\sample-004483.mp3,1
males\sample-004485.mp3,1
males\sample-004486.mp3,1
males\sample-004487.mp3,1
males\sample-004490.mp3,1
males\sample-004492.mp3,1
males\sample-004495.mp3,1
males\sample-004498.mp3,1
males\sample-004500.mp3,1
males\sample-004505.mp3,1
males\sample-004506.mp3,1
males\sample-004511.mp3,1
males\sample-004514.mp3,1
males\sample-004515.mp3,1
males\sample-004522.mp3,1
males\sample-004526.mp3,1
males\sample-004529.mp3,1
males\sample-004531.mp3,1
males\sample-004537.mp3,1
males\sample-004541.mp3,1
males\sample-004542.mp3,1
males\sample-004550.mp3,1
males\sample-004554.mp3,1
males\sample-004556.mp3,1
males\sample-004564.mp3,1
males\sample-004567.mp3,1
males\sample-004573.mp3,1
males\sample-004576.mp3,1
males\sample-004577.mp3,1
males\sample-004586.mp3,1
males\sample-004593.mp3,1
males\sample-004598.mp3,1
males\sample-004600.mp3,1
males\sample-004605.mp3,1
males\sample-004613.mp3,1
males\sample-004627.mp3,1
males\sample-004629.mp3,1
males\sample-004630.mp3,1
males\sample-004635.mp3,1
males\sample-004636.mp3,1
males\sample-004637.mp3,1
males\sample-004638.mp3,1
males\sample-004642.mp3,1
males\sample-004653.mp3,1
males\sample-004655.mp3,1
males\sample-004670.mp3,1
males\sample-004673.mp3,1
males\sample-004682.mp3,1
males\sample-004685.mp3,1
males\sample-004690.mp3,1
males\sample-004693.mp3,1
males\sample-004696.mp3,1
males\sample-004698.mp3,1
males\sample-004699.mp3,1
males\sample-004700.mp3,1
males\sample-004710.mp3,1
males\sample-004714.mp3,1
males\sample-004716.mp3,1
males\sample-004723.mp3,1
males\sample-004724.mp3,1
males\sample-004726.mp3,1
males\sample-004727.mp3,1
males\sample-004731.mp3,1
males\sample-004739.mp3,1
males\sample-004740.mp3,1
males\sample-004745.mp3,1
males\sample-004752.mp3,1
males\sample-004754.mp3,1
males\sample-004755.mp3,1
males\sample-004756.mp3,1
males\sample-004758.mp3,1
males\sample-004759.mp3,1
males\sample-004764.mp3,1
males\sample-004767.mp3,1
males\sample-004768.mp3,1
males\sample-004775.mp3,1
males\sample-004783.mp3,1
males\sample-004790.mp3,1
males\sample-004798.mp3,1
males\sample-004799.mp3,1
males\sample-004807.mp3,1
males\sample-004809.mp3,1
males\sample-004812.mp3,1
males\sample-004817.mp3,1
males\sample-004821.mp3,1
males\sample-004823.mp3,1
males\sample-004837.mp3,1
males\sample-004840.mp3,1
males\sample-004842.mp3,1
males\sample-004853.mp3,1
males\sample-004855.mp3,1
males\sample-004858.mp3,1
males\sample-004861.mp3,1
males\sample-004866.mp3,1
males\sample-004871.mp3,1
males\sample-004873.mp3,1
males\sample-004875.mp3,1
males\sample-004878.mp3,1
males\sample-004888.mp3,1
males\sample-004889.mp3,1
males\sample-004894.mp3,1
males\sample-004899.mp3,1
males\sample-004902.mp3,1
males\sample-004905.mp3,1
males\sample-004906.mp3,1
males\sample-004910.mp3,1
males\sample-004912.mp3,1
males\sample-004917.mp3,1
males\sample-004920.mp3,1
males\sample-004922.mp3,1
males\sample-004924.mp3,1
males\sample-004925.mp3,1
males\sample-004926.mp3,1
males\sample-004932.mp3,1
males\sample-004944.mp3,1
males\sample-004945.mp3,1
males\sample-004947.mp3,1
males\sample-004950.mp3,1
males\sample-004953.mp3,1
males\sample-004960.mp3,1
males\sample-004966.mp3,1
males\sample-004967.mp3,1
males\sample-004969.mp3,1
males\sample-004971.mp3,1
males\sample-004976.mp3,1
males\sample-004982.mp3,1
males\sample-004983.mp3,1
males\sample-004988.mp3,1
males\sample-004991.mp3,1
males\sample-005000.mp3,1
males\sample-005003.mp3,1
males\sample-005008.mp3,1
males\sample-005011.mp3,1
males\sample-005014.mp3,1
males\sample-005015.mp3,1
males\sample-005016.mp3,1
males\sample-005018.mp3,1
males\sample-005019.mp3,1
males\sample-005024.mp3,1
males\sample-005026.mp3,1
males\sample-005028.mp3,1
males\sample-005030.mp3,1
males\sample-005035.mp3,1
males\sample-005040.mp3,1
males\sample-005042.mp3,1
males\sample-005043.mp3,1
males\sample-005051.mp3,1
males\sample-005061.mp3,1
males\sample-005069.mp3,1
males\sample-005077.mp3,1
males\sample-005080.mp3,1
males\sample-005081.mp3,1
males\sample-005085.mp3,1
males\sample-005090.mp3,1
males\sample-005093.mp3,1
males\sample-005097.mp3,1
males\sample-005103.mp3,1
males\sample-005105.mp3,1
males\sample-005110.mp3,1
males\sample-005115.mp3,1
males\sample-005120.mp3,1
males\sample-005121.mp3,1
males\sample-005122.mp3,1
males\sample-005133.mp3,1
males\sample-005137.mp3,1
males\sample-005138.mp3,1
males\sample-005142.mp3,1
males\sample-005146.mp3,1
males\sample-005147.mp3,1
males\sample-005149.mp3,1
males\sample-005157.mp3,1
males\sample-005163.mp3,1
males\sample-005172.mp3,1
males\sample-005175.mp3,1
males\sample-005183.mp3,1
males\sample-005186.mp3,1
males\sample-005198.mp3,1
males\sample-005200.mp3,1
males\sample-005208.mp3,1
males\sample-005216.mp3,1
males\sample-005234.mp3,1
males\sample-005246.mp3,1
males\sample-005247.mp3,1
males\sample-005251.mp3,1
males\sample-005252.mp3,1
males\sample-005256.mp3,1
males\sample-005257.mp3,1
males\sample-005262.mp3,1
males\sample-005265.mp3,1
males\sample-005266.mp3,1
males\sample-005279.mp3,1
males\sample-005285.mp3,1
males\sample-005287.mp3,1
males\sample-005289.mp3,1
males\sample-005293.mp3,1
males\sample-005295.mp3,1
males\sample-005298.mp3,1
males\sample-005299.mp3,1
males\sample-005303.mp3,1
males\sample-005306.mp3,1
males\sample-005308.mp3,1
males\sample-005313.mp3,1
males\sample-005314.mp3,1
males\sample-005315.mp3,1
males\sample-005316.mp3,1
males\sample-005318.mp3,1
males\sample-005346.mp3,1
males\sample-005351.mp3,1
males\sample-005358.mp3,1
males\sample-005359.mp3,1
males\sample-005364.mp3,1
males\sample-005368.mp3,1
males\sample-005370.mp3,1
males\sample-005377.mp3,1
males\sample-005380.mp3,1
males\sample-005383.mp3,1
males\sample-005385.mp3,1
males\sample-005386.mp3,1
males\sample-005387.mp3,1
males\sample-005399.mp3,1
males\sample-005406.mp3,1
males\sample-005407.mp3,1
males\sample-005408.mp3,1
males\sample-005412.mp3,1
males\sample-005413.mp3,1
males\sample-005419.mp3,1
males\sample-005421.mp3,1
males\sample-005423.mp3,1
males\sample-005424.mp3,1
males\sample-005425.mp3,1
males\sample-005432.mp3,1
males\sample-005433.mp3,1
males\sample-005437.mp3,1
males\sample-005438.mp3,1
males\sample-005440.mp3,1
males\sample-005449.mp3,1
males\sample-005451.mp3,1
males\sample-005452.mp3,1
males\sample-005454.mp3,1
males\sample-005456.mp3,1
males\sample-005458.mp3,1
males\sample-005460.mp3,1
males\sample-005462.mp3,1
males\sample-005463.mp3,1
males\sample-005471.mp3,1
males\sample-005473.mp3,1
males\sample-005479.mp3,1
males\sample-005488.mp3,1
males\sample-005494.mp3,1
males\sample-005496.mp3,1
males\sample-005497.mp3,1
males\sample-005498.mp3,1
males\sample-005503.mp3,1
males\sample-005507.mp3,1
males\sample-005514.mp3,1
males\sample-005521.mp3,1
males\sample-005524.mp3,1
males\sample-005531.mp3,1
males\sample-005533.mp3,1
males\sample-005553.mp3,1
males\sample-005555.mp3,1
males\sample-005560.mp3,1
males\sample-005561.mp3,1
males\sample-005563.mp3,1
males\sample-005564.mp3,1
males\sample-005565.mp3,1
males\sample-005567.mp3,1
males\sample-005568.mp3,1
males\sample-005571.mp3,1
males\sample-005581.mp3,1
males\sample-005591.mp3,1
males\sample-005595.mp3,1
males\sample-005597.mp3,1
males\sample-005603.mp3,1
males\sample-005604.mp3,1
males\sample-005608.mp3,1
males\sample-005610.mp3,1
males\sample-005617.mp3,1
males\sample-005619.mp3,1
males\sample-005620.mp3,1
males\sample-005621.mp3,1
males\sample-005626.mp3,1
males\sample-005627.mp3,1
males\sample-005630.mp3,1
males\sample-005642.mp3,1
males\sample-005644.mp3,1
males\sample-005656.mp3,1
males\sample-005660.mp3,1
males\sample-005662.mp3,1
males\sample-005663.mp3,1
males\sample-005667.mp3,1
males\sample-005684.mp3,1
males\sample-005691.mp3,1
males\sample-005693.mp3,1
males\sample-005701.mp3,1
males\sample-005706.mp3,1
males\sample-005713.mp3,1
males\sample-005718.mp3,1
males\sample-005721.mp3,1
males\sample-005727.mp3,1
males\sample-005728.mp3,1
males\sample-005731.mp3,1
males\sample-005732.mp3,1
males\sample-005736.mp3,1
males\sample-005738.mp3,1
males\sample-005756.mp3,1
males\sample-005757.mp3,1
males\sample-005767.mp3,1
males\sample-005772.mp3,1
males\sample-005773.mp3,1
males\sample-005776.mp3,1
males\sample-005780.mp3,1
males\sample-005786.mp3,1
males\sample-005787.mp3,1
males\sample-005791.mp3,1
males\sample-005794.mp3,1
males\sample-005797.mp3,1
males\sample-005801.mp3,1
males\sample-005809.mp3,1
males\sample-005815.mp3,1
males\sample-005830.mp3,1
males\sample-005834.mp3,1
males\sample-005835.mp3,1
males\sample-005840.mp3,1
males\sample-005849.mp3,1
males\sample-005851.mp3,1
males\sample-005859.mp3,1
males\sample-005863.mp3,1
males\sample-005864.mp3,1
males\sample-005868.mp3,1
males\sample-005872.mp3,1
males\sample-005880.mp3,1
males\sample-005883.mp3,1
males\sample-005890.mp3,1
males\sample-005891.mp3,1
males\sample-005893.mp3,1
males\sample-005897.mp3,1
males\sample-005898.mp3,1
males\sample-005900.mp3,1
males\sample-005902.mp3,1
males\sample-005905.mp3,1
males\sample-005913.mp3,1
males\sample-005915.mp3,1
males\sample-005926.mp3,1
males\sample-005930.mp3,1
males\sample-005936.mp3,1
males\sample-005943.mp3,1
males\sample-005944.mp3,1
males\sample-005952.mp3,1
males\sample-005960.mp3,1
males\sample-005968.mp3,1
males\sample-005970.mp3,1
males\sample-005971.mp3,1
males\sample-005976.mp3,1
males\sample-005982.mp3,1
males\sample-005991.mp3,1
males\sample-005992.mp3,1
males\sample-006001.mp3,1
males\sample-006002.mp3,1
males\sample-006016.mp3,1
males\sample-006017.mp3,1
males\sample-006035.mp3,1
males\sample-006037.mp3,1
males\sample-006045.mp3,1
males\sample-006048.mp3,1
males\sample-006052.mp3,1
males\sample-006054.mp3,1
males\sample-006057.mp3,1
males\sample-006060.mp3,1
males\sample-006061.mp3,1
males\sample-006070.mp3,1
males\sample-006071.mp3,1
males\sample-006072.mp3,1
males\sample-006073.mp3,1
males\sample-006074.mp3,1
males\sample-006078.mp3,1
males\sample-006082.mp3,1
males\sample-006088.mp3,1
males\sample-006092.mp3,1
males\sample-006093.mp3,1
males\sample-006095.mp3,1
males\sample-006096.mp3,1
males\sample-006097.mp3,1
males\sample-006101.mp3,1
males\sample-006104.mp3,1
males\sample-006107.mp3,1
males\sample-006117.mp3,1
males\sample-006125.mp3,1
males\sample-006134.mp3,1
males\sample-006140.mp3,1
males\sample-006144.mp3,1
males\sample-006147.mp3,1
males\sample-006153.mp3,1
males\sample-006163.mp3,1
males\sample-006172.mp3,1
males\sample-006180.mp3,1
males\sample-006186.mp3,1
males\sample-006187.mp3,1
males\sample-006188.mp3,1
males\sample-006194.mp3,1
males\sample-006198.mp3,1
males\sample-006201.mp3,1
males\sample-006203.mp3,1
males\sample-006206.mp3,1
males\sample-006207.mp3,1
males\sample-006208.mp3,1
males\sample-006216.mp3,1
males\sample-006219.mp3,1
males\sample-006220.mp3,1
males\sample-006229.mp3,1
males\sample-006230.mp3,1
males\sample-006236.mp3,1
males\sample-006240.mp3,1
males\sample-006244.mp3,1
males\sample-006253.mp3,1
males\sample-006254.mp3,1
males\sample-006256.mp3,1
males\sample-006258.mp3,1
males\sample-006259.mp3,1
males\sample-006260.mp3,1
males\sample-006265.mp3,1
males\sample-006276.mp3,1
males\sample-006283.mp3,1
males\sample-006285.mp3,1
males\sample-006287.mp3,1
males\sample-006292.mp3,1
males\sample-006299.mp3,1
males\sample-006301.mp3,1
males\sample-006303.mp3,1
males\sample-006304.mp3,1
males\sample-006306.mp3,1
males\sample-006311.mp3,1
males\sample-006314.mp3,1
males\sample-006329.mp3,1
males\sample-006333.mp3,1
males\sample-006338.mp3,1
males\sample-006345.mp3,1
males\sample-006346.mp3,1
males\sample-006347.mp3,1
males\sample-006348.mp3,1
males\sample-006350.mp3,1
males\sample-006351.mp3,1
males\sample-006352.mp3,1
males\sample-006355.mp3,1
males\sample-006358.mp3,1
males\sample-006361.mp3,1
males\sample-006367.mp3,1
males\sample-006369.mp3,1
males\sample-006372.mp3,1
males\sample-006374.mp3,1
males\sample-006376.mp3,1
males\sample-006398.mp3,1
males\sample-006399.mp3,1
males\sample-006401.mp3,1
males\sample-006407.mp3,1
males\sample-006409.mp3,1
males\sample-006418.mp3,1
males\sample-006430.mp3,1
males\sample-006437.mp3,1
males\sample-006442.mp3,1
males\sample-006445.mp3,1
males\sample-006446.mp3,1
males\sample-006447.mp3,1
males\sample-006448.mp3,1
males\sample-006456.mp3,1
males\sample-006463.mp3,1
males\sample-006464.mp3,1
males\sample-006467.mp3,1
males\sample-006469.mp3,1
males\sample-006471.mp3,1
males\sample-006481.mp3,1
males\sample-006488.mp3,1
males\sample-006489.mp3,1
males\sample-006492.mp3,1
males\sample-006495.mp3,1
males\sample-006497.mp3,1
males\sample-006499.mp3,1
males\sample-006502.mp3,1
males\sample-006508.mp3,1
males\sample-006509.mp3,1
males\sample-006510.mp3,1
males\sample-006516.mp3,1
males\sample-006517.mp3,1
males\sample-006518.mp3,1
males\sample-006520.mp3,1
males\sample-006524.mp3,1
males\sample-006526.mp3,1
males\sample-006530.mp3,1
males\sample-006532.mp3,1
males\sample-006534.mp3,1
males\sample-006535.mp3,1
males\sample-006541.mp3,1
males\sample-006548.mp3,1
males\sample-006550.mp3,1
males\sample-006551.mp3,1
males\sample-006553.mp3,1
males\sample-006554.mp3,1
males\sample-006556.mp3,1
males\sample-006562.mp3,1
males\sample-006569.mp3,1
males\sample-006574.mp3,1
males\sample-006576.mp3,1
males\sample-006578.mp3,1
males\sample-006583.mp3,1
males\sample-006589.mp3,1
males\sample-006593.mp3,1
males\sample-006594.mp3,1
males\sample-006599.mp3,1
males\sample-006604.mp3,1
males\sample-006605.mp3,1
males\sample-006608.mp3,1
males\sample-006613.mp3,1
males\sample-006624.mp3,1
males\sample-006625.mp3,1
males\sample-006633.mp3,1
males\sample-006641.mp3,1
males\sample-006645.mp3,1
males\sample-006649.mp3,1
males\sample-006663.mp3,1
males\sample-006665.mp3,1
males\sample-006668.mp3,1
males\sample-006676.mp3,1
males\sample-006677.mp3,1
males\sample-006681.mp3,1
males\sample-006682.mp3,1
males\sample-006691.mp3,1
males\sample-006695.mp3,1
males\sample-006700.mp3,1
males\sample-006703.mp3,1
males\sample-006705.mp3,1
males\sample-006707.mp3,1
males\sample-006708.mp3,1
males\sample-006709.mp3,1
males\sample-006713.mp3,1
males\sample-006718.mp3,1
males\sample-006719.mp3,1
males\sample-006721.mp3,1
males\sample-006725.mp3,1
males\sample-006736.mp3,1
males\sample-006737.mp3,1
males\sample-006741.mp3,1
males\sample-006747.mp3,1
males\sample-006753.mp3,1
males\sample-006758.mp3,1
males\sample-006759.mp3,1
males\sample-006768.mp3,1
males\sample-006769.mp3,1
males\sample-006772.mp3,1
males\sample-006777.mp3,1
males\sample-006781.mp3,1
males\sample-006782.mp3,1
males\sample-006792.mp3,1
males\sample-006795.mp3,1
males\sample-006797.mp3,1
males\sample-006801.mp3,1
males\sample-006808.mp3,1
males\sample-006811.mp3,1
males\sample-006816.mp3,1
males\sample-006817.mp3,1
males\sample-006822.mp3,1
males\sample-006825.mp3,1
males\sample-006826.mp3,1
males\sample-006831.mp3,1
males\sample-006833.mp3,1
males\sample-006835.mp3,1
males\sample-006838.mp3,1
males\sample-006840.mp3,1
males\sample-006849.mp3,1
males\sample-006851.mp3,1
males\sample-006855.mp3,1
males\sample-006859.mp3,1
males\sample-006871.mp3,1
males\sample-006872.mp3,1
males\sample-006874.mp3,1
males\sample-006875.mp3,1
males\sample-006876.mp3,1
males\sample-006877.mp3,1
males\sample-006881.mp3,1
males\sample-006890.mp3,1
males\sample-006892.mp3,1
males\sample-006893.mp3,1
males\sample-006897.mp3,1
males\sample-006899.mp3,1
males\sample-006911.mp3,1
males\sample-006915.mp3,1
males\sample-006917.mp3,1
males\sample-006919.mp3,1
males\sample-006922.mp3,1
males\sample-006926.mp3,1
males\sample-006936.mp3,1
males\sample-006942.mp3,1
males\sample-006947.mp3,1
males\sample-006950.mp3,1
males\sample-006952.mp3,1
males\sample-006953.mp3,1
males\sample-006956.mp3,1
males\sample-006960.mp3,1
males\sample-006974.mp3,1
males\sample-006976.mp3,1
males\sample-006977.mp3,1
males\sample-006980.mp3,1
males\sample-006985.mp3,1
males\sample-006988.mp3,1
males\sample-006992.mp3,1
males\sample-007000.mp3,1
males\sample-007002.mp3,1
males\sample-007004.mp3,1
males\sample-007005.mp3,1
males\sample-007008.mp3,1
males\sample-007010.mp3,1
males\sample-007013.mp3,1
males\sample-007029.mp3,1
males\sample-007030.mp3,1
males\sample-007032.mp3,1
males\sample-007033.mp3,1
males\sample-007034.mp3,1
males\sample-007035.mp3,1
males\sample-007041.mp3,1
males\sample-007045.mp3,1
males\sample-007047.mp3,1
males\sample-007048.mp3,1
males\sample-007049.mp3,1
males\sample-007055.mp3,1
males\sample-007056.mp3,1
males\sample-007062.mp3,1
males\sample-007068.mp3,1
males\sample-007069.mp3,1
males\sample-007073.mp3,1
males\sample-007082.mp3,1
males\sample-007083.mp3,1
males\sample-007092.mp3,1
males\sample-007094.mp3,1
males\sample-007097.mp3,1
males\sample-007099.mp3,1
males\sample-007103.mp3,1
males\sample-007106.mp3,1
males\sample-007113.mp3,1
males\sample-007114.mp3,1
males\sample-007117.mp3,1
males\sample-007119.mp3,1
males\sample-007125.mp3,1
males\sample-007129.mp3,1
males\sample-007137.mp3,1
males\sample-007138.mp3,1
males\sample-007144.mp3,1
males\sample-007146.mp3,1
males\sample-007152.mp3,1
males\sample-007155.mp3,1
males\sample-007165.mp3,1
males\sample-007167.mp3,1
males\sample-007172.mp3,1
males\sample-007175.mp3,1
males\sample-007181.mp3,1
males\sample-007182.mp3,1
males\sample-007186.mp3,1
males\sample-007187.mp3,1
males\sample-007191.mp3,1
males\sample-007192.mp3,1
males\sample-007193.mp3,1
males\sample-007197.mp3,1
males\sample-007203.mp3,1
males\sample-007208.mp3,1
males\sample-007218.mp3,1
males\sample-007220.mp3,1
males\sample-007227.mp3,1
males\sample-007233.mp3,1
males\sample-007235.mp3,1
males\sample-007238.mp3,1
males\sample-007239.mp3,1
males\sample-007245.mp3,1
males\sample-007246.mp3,1
males\sample-007247.mp3,1
males\sample-007256.mp3,1
males\sample-007257.mp3,1
males\sample-007259.mp3,1
males\sample-007264.mp3,1
males\sample-007271.mp3,1
males\sample-007277.mp3,1
males\sample-007278.mp3,1
males\sample-007279.mp3,1
males\sample-007280.mp3,1
males\sample-007287.mp3,1
males\sample-007288.mp3,1
males\sample-007296.mp3,1
males\sample-007298.mp3,1
males\sample-007299.mp3,1
males\sample-007306.mp3,1
males\sample-007313.mp3,1
males\sample-007321.mp3,1
males\sample-007325.mp3,1
males\sample-007330.mp3,1
males\sample-007331.mp3,1
males\sample-007333.mp3,1
males\sample-007337.mp3,1
males\sample-007339.mp3,1
males\sample-007340.mp3,1
males\sample-007341.mp3,1
males\sample-007348.mp3,1
males\sample-007349.mp3,1
males\sample-007353.mp3,1
males\sample-007357.mp3,1
males\sample-007360.mp3,1
males\sample-007361.mp3,1
males\sample-007362.mp3,1
males\sample-007365.mp3,1
males\sample-007373.mp3,1
males\sample-007382.mp3,1
males\sample-007387.mp3,1
males\sample-007390.mp3,1
males\sample-007397.mp3,1
males\sample-007404.mp3,1
males\sample-007420.mp3,1
males\sample-007425.mp3,1
males\sample-007427.mp3,1
males\sample-007429.mp3,1
males\sample-007433.mp3,1
males\sample-007435.mp3,1
males\sample-007451.mp3,1
males\sample-007476.mp3,1
males\sample-007479.mp3,1
males\sample-007481.mp3,1
males\sample-007483.mp3,1
males\sample-007484.mp3,1
males\sample-007489.mp3,1
males\sample-007494.mp3,1
males\sample-007498.mp3,1
males\sample-007500.mp3,1
males\sample-007502.mp3,1
males\sample-007503.mp3,1
males\sample-007508.mp3,1
males\sample-007509.mp3,1
males\sample-007512.mp3,1
males\sample-007518.mp3,1
males\sample-007520.mp3,1
males\sample-007522.mp3,1
males\sample-007526.mp3,1
males\sample-007532.mp3,1
males\sample-007534.mp3,1
males\sample-007540.mp3,1
males\sample-007546.mp3,1
males\sample-007547.mp3,1
males\sample-007548.mp3,1
males\sample-007549.mp3,1
males\sample-007554.mp3,1
males\sample-007557.mp3,1
males\sample-007558.mp3,1
males\sample-007560.mp3,1
males\sample-007561.mp3,1
males\sample-007566.mp3,1
males\sample-007568.mp3,1
males\sample-007575.mp3,1
males\sample-007576.mp3,1
males\sample-007589.mp3,1
males\sample-007592.mp3,1
males\sample-007595.mp3,1
males\sample-007597.mp3,1
males\sample-007598.mp3,1
males\sample-007601.mp3,1
males\sample-007606.mp3,1
males\sample-007607.mp3,1
males\sample-007614.mp3,1
males\sample-007623.mp3,1
males\sample-007624.mp3,1
males\sample-007628.mp3,1
males\sample-007632.mp3,1
males\sample-007639.mp3,1
males\sample-007640.mp3,1
males\sample-007643.mp3,1
males\sample-007653.mp3,1
males\sample-007654.mp3,1
males\sample-007655.mp3,1
males\sample-007658.mp3,1
males\sample-007660.mp3,1
males\sample-007665.mp3,1
males\sample-007672.mp3,1
males\sample-007673.mp3,1
males\sample-007677.mp3,1
males\sample-007682.mp3,1
males\sample-007685.mp3,1
males\sample-007692.mp3,1
males\sample-007693.mp3,1
males\sample-007695.mp3,1
males\sample-007696.mp3,1
males\sample-007698.mp3,1
males\sample-007699.mp3,1
males\sample-007702.mp3,1
males\sample-007703.mp3,1
males\sample-007706.mp3,1
males\sample-007711.mp3,1
males\sample-007720.mp3,1
males\sample-007734.mp3,1
males\sample-007737.mp3,1
males\sample-007745.mp3,1
males\sample-007747.mp3,1
males\sample-007748.mp3,1
males\sample-007751.mp3,1
males\sample-007754.mp3,1
males\sample-007758.mp3,1
males\sample-007759.mp3,1
males\sample-007761.mp3,1
males\sample-007762.mp3,1
males\sample-007764.mp3,1
males\sample-007765.mp3,1
males\sample-007769.mp3,1
males\sample-007771.mp3,1
males\sample-007776.mp3,1
males\sample-007780.mp3,1
males\sample-007788.mp3,1
males\sample-007789.mp3,1
males\sample-007790.mp3,1
males\sample-007792.mp3,1
males\sample-007796.mp3,1
males\sample-007807.mp3,1
males\sample-007814.mp3,1
males\sample-007822.mp3,1
males\sample-007823.mp3,1
males\sample-007830.mp3,1
males\sample-007834.mp3,1
males\sample-007838.mp3,1
males\sample-007840.mp3,1
males\sample-007843.mp3,1
males\sample-007848.mp3,1
males\sample-007849.mp3,1
males\sample-007856.mp3,1
males\sample-007860.mp3,1
males\sample-007862.mp3,1
males\sample-007867.mp3,1
males\sample-007868.mp3,1
males\sample-007877.mp3,1
males\sample-007883.mp3,1
males\sample-007884.mp3,1
males\sample-007891.mp3,1
males\sample-007896.mp3,1
males\sample-007899.mp3,1
males\sample-007903.mp3,1
males\sample-007908.mp3,1
males\sample-007909.mp3,1
males\sample-007918.mp3,1
males\sample-007925.mp3,1
males\sample-007927.mp3,1
males\sample-007928.mp3,1
males\sample-007935.mp3,1
males\sample-007939.mp3,1
males\sample-007946.mp3,1
males\sample-007958.mp3,1
males\sample-007965.mp3,1
males\sample-007967.mp3,1
males\sample-007971.mp3,1
males\sample-007973.mp3,1
males\sample-007974.mp3,1
males\sample-007975.mp3,1
males\sample-007976.mp3,1
males\sample-007980.mp3,1
males\sample-007984.mp3,1
males\sample-007988.mp3,1
males\sample-007989.mp3,1
males\sample-007991.mp3,1
males\sample-007992.mp3,1
males\sample-007995.mp3,1
males\sample-007998.mp3,1
males\sample-008001.mp3,1
males\sample-008003.mp3,1
males\sample-008004.mp3,1
males\sample-008006.mp3,1
males\sample-008009.mp3,1
males\sample-008014.mp3,1
males\sample-008016.mp3,1
males\sample-008017.mp3,1
males\sample-008022.mp3,1
males\sample-008025.mp3,1
males\sample-008026.mp3,1
males\sample-008032.mp3,1
males\sample-008034.mp3,1
males\sample-008037.mp3,1
males\sample-008041.mp3,1
males\sample-008044.mp3,1
males\sample-008047.mp3,1
males\sample-008053.mp3,1
males\sample-008062.mp3,1
males\sample-008073.mp3,1
males\sample-008075.mp3,1
males\sample-008079.mp3,1
males\sample-008082.mp3,1
males\sample-008084.mp3,1
males\sample-008087.mp3,1
males\sample-008090.mp3,1
males\sample-008098.mp3,1
males\sample-008102.mp3,1
males\sample-008104.mp3,1
males\sample-008106.mp3,1
males\sample-008113.mp3,1
males\sample-008114.mp3,1
males\sample-008115.mp3,1
males\sample-008124.mp3,1
males\sample-008129.mp3,1
males\sample-008137.mp3,1
males\sample-008142.mp3,1
males\sample-008145.mp3,1
males\sample-008159.mp3,1
males\sample-008169.mp3,1
males\sample-008173.mp3,1
males\sample-008174.mp3,1
males\sample-008178.mp3,1
males\sample-008181.mp3,1
males\sample-008182.mp3,1
males\sample-008188.mp3,1
males\sample-008189.mp3,1
males\sample-008190.mp3,1
males\sample-008192.mp3,1
males\sample-008196.mp3,1
males\sample-008197.mp3,1
males\sample-008199.mp3,1
males\sample-008205.mp3,1
males\sample-008211.mp3,1
males\sample-008215.mp3,1
males\sample-008218.mp3,1
males\sample-008224.mp3,1
males\sample-008226.mp3,1
males\sample-008228.mp3,1
males\sample-008230.mp3,1
males\sample-008236.mp3,1
males\sample-008238.mp3,1
males\sample-008241.mp3,1
males\sample-008247.mp3,1
males\sample-008248.mp3,1
males\sample-008252.mp3,1
males\sample-008256.mp3,1
males\sample-008264.mp3,1
males\sample-008266.mp3,1
males\sample-008269.mp3,1
males\sample-008273.mp3,1
males\sample-008274.mp3,1
males\sample-008281.mp3,1
males\sample-008282.mp3,1
males\sample-008284.mp3,1
males\sample-008285.mp3,1
males\sample-008289.mp3,1
males\sample-008294.mp3,1
males\sample-008295.mp3,1
males\sample-008300.mp3,1
males\sample-008309.mp3,1
males\sample-008311.mp3,1
males\sample-008318.mp3,1
males\sample-008320.mp3,1
males\sample-008321.mp3,1
males\sample-008322.mp3,1
males\sample-008324.mp3,1
males\sample-008335.mp3,1
males\sample-008338.mp3,1
males\sample-008342.mp3,1
males\sample-008347.mp3,1
males\sample-008348.mp3,1
males\sample-008350.mp3,1
males\sample-008354.mp3,1
males\sample-008359.mp3,1
males\sample-008361.mp3,1
males\sample-008364.mp3,1
males\sample-008365.mp3,1
males\sample-008366.mp3,1
males\sample-008367.mp3,1
males\sample-008369.mp3,1
males\sample-008376.mp3,1
males\sample-008380.mp3,1
males\sample-008381.mp3,1
males\sample-008386.mp3,1
males\sample-008392.mp3,1
males\sample-008396.mp3,1
males\sample-008398.mp3,1
males\sample-008399.mp3,1
males\sample-008413.mp3,1
males\sample-008416.mp3,1
males\sample-008417.mp3,1
males\sample-008425.mp3,1
males\sample-008427.mp3,1
males\sample-008428.mp3,1
males\sample-008436.mp3,1
males\sample-008437.mp3,1
males\sample-008438.mp3,1
males\sample-008439.mp3,1
males\sample-008441.mp3,1
males\sample-008446.mp3,1
males\sample-008454.mp3,1
males\sample-008455.mp3,1
males\sample-008465.mp3,1
males\sample-008466.mp3,1
males\sample-008469.mp3,1
males\sample-008470.mp3,1
males\sample-008471.mp3,1
males\sample-008472.mp3,1
males\sample-008478.mp3,1
males\sample-008486.mp3,1
males\sample-008490.mp3,1
males\sample-008497.mp3,1
males\sample-008500.mp3,1
males\sample-008506.mp3,1
males\sample-008508.mp3,1
males\sample-008518.mp3,1
males\sample-008522.mp3,1
males\sample-008528.mp3,1
males\sample-008531.mp3,1
males\sample-008533.mp3,1
males\sample-008537.mp3,1
males\sample-008538.mp3,1
males\sample-008543.mp3,1
males\sample-008546.mp3,1
males\sample-008558.mp3,1
males\sample-008562.mp3,1
males\sample-008565.mp3,1
males\sample-008566.mp3,1
males\sample-008568.mp3,1
males\sample-008571.mp3,1
males\sample-008573.mp3,1
males\sample-008576.mp3,1
males\sample-008577.mp3,1
males\sample-008585.mp3,1
males\sample-008586.mp3,1
males\sample-008587.mp3,1
males\sample-008589.mp3,1
males\sample-008598.mp3,1
males\sample-008600.mp3,1
males\sample-008601.mp3,1
males\sample-008602.mp3,1
males\sample-008608.mp3,1
males\sample-008610.mp3,1
males\sample-008616.mp3,1
males\sample-008619.mp3,1
males\sample-008621.mp3,1
males\sample-008639.mp3,1
males\sample-008642.mp3,1
males\sample-008649.mp3,1
males\sample-008652.mp3,1
males\sample-008653.mp3,1
males\sample-008668.mp3,1
males\sample-008672.mp3,1
males\sample-008674.mp3,1
males\sample-008678.mp3,1
males\sample-008681.mp3,1
males\sample-008683.mp3,1
males\sample-008686.mp3,1
males\sample-008688.mp3,1
males\sample-008690.mp3,1
males\sample-008691.mp3,1
males\sample-008696.mp3,1
males\sample-008698.mp3,1
males\sample-008703.mp3,1
males\sample-008704.mp3,1
males\sample-008705.mp3,1
males\sample-008708.mp3,1
males\sample-008710.mp3,1
males\sample-008711.mp3,1
males\sample-008712.mp3,1
males\sample-008713.mp3,1
males\sample-008715.mp3,1
males\sample-008720.mp3,1
males\sample-008721.mp3,1
males\sample-008729.mp3,1
males\sample-008731.mp3,1
males\sample-008735.mp3,1
males\sample-008743.mp3,1
males\sample-008745.mp3,1
males\sample-008747.mp3,1
males\sample-008755.mp3,1
males\sample-008759.mp3,1
males\sample-008760.mp3,1
males\sample-008763.mp3,1
males\sample-008768.mp3,1
males\sample-008770.mp3,1
males\sample-008771.mp3,1
males\sample-008776.mp3,1
males\sample-008777.mp3,1
males\sample-008781.mp3,1
males\sample-008785.mp3,1
males\sample-008788.mp3,1
males\sample-008793.mp3,1
males\sample-008796.mp3,1
males\sample-008800.mp3,1
males\sample-008802.mp3,1
males\sample-008806.mp3,1
males\sample-008807.mp3,1
males\sample-008813.mp3,1
males\sample-008816.mp3,1
males\sample-008826.mp3,1
males\sample-008827.mp3,1
males\sample-008841.mp3,1
males\sample-008842.mp3,1
males\sample-008849.mp3,1
males\sample-008855.mp3,1
males\sample-008856.mp3,1
males\sample-008864.mp3,1
males\sample-008869.mp3,1
males\sample-008873.mp3,1
males\sample-008877.mp3,1
males\sample-008884.mp3,1
males\sample-008885.mp3,1
males\sample-008889.mp3,1
males\sample-008895.mp3,1
males\sample-008896.mp3,1
males\sample-008897.mp3,1
males\sample-008900.mp3,1
males\sample-008904.mp3,1
males\sample-008907.mp3,1
males\sample-008912.mp3,1
males\sample-008914.mp3,1
males\sample-008915.mp3,1
males\sample-008917.mp3,1
males\sample-008921.mp3,1
males\sample-008930.mp3,1
males\sample-008934.mp3,1
males\sample-008938.mp3,1
males\sample-008943.mp3,1
males\sample-008948.mp3,1
males\sample-008949.mp3,1
males\sample-008952.mp3,1
males\sample-008953.mp3,1
males\sample-008955.mp3,1
males\sample-008957.mp3,1
males\sample-008958.mp3,1
males\sample-008966.mp3,1
males\sample-008969.mp3,1
males\sample-008979.mp3,1
males\sample-008981.mp3,1
males\sample-008982.mp3,1
males\sample-008984.mp3,1
males\sample-008988.mp3,1
males\sample-009000.mp3,1
males\sample-009003.mp3,1
males\sample-009005.mp3,1
males\sample-009006.mp3,1
males\sample-009008.mp3,1
males\sample-009011.mp3,1
males\sample-009013.mp3,1
males\sample-009015.mp3,1
males\sample-009022.mp3,1
males\sample-009025.mp3,1
males\sample-009027.mp3,1
males\sample-009028.mp3,1
males\sample-009032.mp3,1
males\sample-009033.mp3,1
males\sample-009034.mp3,1
males\sample-009035.mp3,1
males\sample-009036.mp3,1
males\sample-009061.mp3,1
males\sample-009062.mp3,1
males\sample-009063.mp3,1
males\sample-009066.mp3,1
males\sample-009070.mp3,1
males\sample-009071.mp3,1
males\sample-009076.mp3,1
males\sample-009079.mp3,1
males\sample-009085.mp3,1
males\sample-009086.mp3,1
males\sample-009087.mp3,1
males\sample-009091.mp3,1
males\sample-009095.mp3,1
males\sample-009099.mp3,1
males\sample-009101.mp3,1
males\sample-009110.mp3,1
males\sample-009114.mp3,1
males\sample-009116.mp3,1
males\sample-009130.mp3,1
males\sample-009131.mp3,1
males\sample-009141.mp3,1
males\sample-009143.mp3,1
males\sample-009145.mp3,1
males\sample-009152.mp3,1
males\sample-009155.mp3,1
males\sample-009156.mp3,1
males\sample-009173.mp3,1
males\sample-009175.mp3,1
males\sample-009186.mp3,1
males\sample-009187.mp3,1
males\sample-009207.mp3,1
males\sample-009217.mp3,1
males\sample-009220.mp3,1
males\sample-009221.mp3,1
males\sample-009226.mp3,1
males\sample-009227.mp3,1
males\sample-009231.mp3,1
males\sample-009236.mp3,1
males\sample-009238.mp3,1
males\sample-009239.mp3,1
males\sample-009240.mp3,1
males\sample-009245.mp3,1
males\sample-009246.mp3,1
males\sample-009249.mp3,1
males\sample-009250.mp3,1
males\sample-009252.mp3,1
males\sample-009253.mp3,1
males\sample-009257.mp3,1
males\sample-009258.mp3,1
males\sample-009260.mp3,1
males\sample-009262.mp3,1
males\sample-009265.mp3,1
males\sample-009268.mp3,1
males\sample-009270.mp3,1
males\sample-009272.mp3,1
males\sample-009273.mp3,1
males\sample-009275.mp3,1
males\sample-009276.mp3,1
males\sample-009279.mp3,1
males\sample-009283.mp3,1
males\sample-009285.mp3,1
males\sample-009290.mp3,1
males\sample-009293.mp3,1
males\sample-009294.mp3,1
males\sample-009296.mp3,1
males\sample-009305.mp3,1
males\sample-009320.mp3,1
males\sample-009322.mp3,1
males\sample-009328.mp3,1
males\sample-009329.mp3,1
males\sample-009334.mp3,1
males\sample-009336.mp3,1
males\sample-009337.mp3,1
males\sample-009343.mp3,1
males\sample-009347.mp3,1
males\sample-009352.mp3,1
males\sample-009366.mp3,1
males\sample-009367.mp3,1
males\sample-009373.mp3,1
males\sample-009375.mp3,1
males\sample-009377.mp3,1
males\sample-009381.mp3,1
males\sample-009382.mp3,1
males\sample-009385.mp3,1
males\sample-009388.mp3,1
males\sample-009390.mp3,1
males\sample-009392.mp3,1
males\sample-009402.mp3,1
males\sample-009405.mp3,1
males\sample-009409.mp3,1
males\sample-009411.mp3,1
males\sample-009412.mp3,1
males\sample-009416.mp3,1
males\sample-009418.mp3,1
males\sample-009422.mp3,1
males\sample-009426.mp3,1
males\sample-009438.mp3,1
males\sample-009442.mp3,1
males\sample-009449.mp3,1
males\sample-009450.mp3,1
males\sample-009456.mp3,1
males\sample-009461.mp3,1
males\sample-009468.mp3,1
males\sample-009470.mp3,1
males\sample-009472.mp3,1
males\sample-009481.mp3,1
males\sample-009482.mp3,1
males\sample-009484.mp3,1
males\sample-009487.mp3,1
males\sample-009495.mp3,1
males\sample-009496.mp3,1
males\sample-009497.mp3,1
males\sample-009498.mp3,1
males\sample-009501.mp3,1
males\sample-009503.mp3,1
males\sample-009507.mp3,1
males\sample-009510.mp3,1
males\sample-009514.mp3,1
males\sample-009518.mp3,1
males\sample-009519.mp3,1
males\sample-009521.mp3,1
males\sample-009526.mp3,1
males\sample-009527.mp3,1
males\sample-009533.mp3,1
males\sample-009535.mp3,1
males\sample-009542.mp3,1
males\sample-009547.mp3,1
males\sample-009554.mp3,1
males\sample-009555.mp3,1
males\sample-009557.mp3,1
males\sample-009567.mp3,1
males\sample-009569.mp3,1
males\sample-009575.mp3,1
males\sample-009578.mp3,1
males\sample-009581.mp3,1
males\sample-009587.mp3,1
males\sample-009597.mp3,1
males\sample-009599.mp3,1
males\sample-009600.mp3,1
males\sample-009608.mp3,1
males\sample-009610.mp3,1
males\sample-009619.mp3,1
males\sample-009623.mp3,1
males\sample-009625.mp3,1
males\sample-009627.mp3,1
males\sample-009633.mp3,1
males\sample-009635.mp3,1
males\sample-009639.mp3,1
males\sample-009641.mp3,1
males\sample-009644.mp3,1
males\sample-009646.mp3,1
males\sample-009651.mp3,1
males\sample-009652.mp3,1
males\sample-009653.mp3,1
males\sample-009657.mp3,1
males\sample-009659.mp3,1
males\sample-009661.mp3,1
males\sample-009663.mp3,1
males\sample-009676.mp3,1
males\sample-009680.mp3,1
males\sample-009686.mp3,1
males\sample-009687.mp3,1
males\sample-009688.mp3,1
males\sample-009694.mp3,1
males\sample-009696.mp3,1
males\sample-009699.mp3,1
males\sample-009700.mp3,1
males\sample-009704.mp3,1
males\sample-009706.mp3,1
males\sample-009707.mp3,1
males\sample-009709.mp3,1
males\sample-009716.mp3,1
males\sample-009721.mp3,1
males\sample-009723.mp3,1
males\sample-009728.mp3,1
males\sample-009730.mp3,1
males\sample-009742.mp3,1
males\sample-009743.mp3,1
males\sample-009745.mp3,1
males\sample-009758.mp3,1
males\sample-009764.mp3,1
males\sample-009766.mp3,1
males\sample-009768.mp3,1
males\sample-009770.mp3,1
males\sample-009775.mp3,1
males\sample-009776.mp3,1
males\sample-009792.mp3,1
males\sample-009795.mp3,1
males\sample-009801.mp3,1
males\sample-009803.mp3,1
males\sample-009806.mp3,1
males\sample-009810.mp3,1
males\sample-009816.mp3,1
males\sample-009820.mp3,1
males\sample-009821.mp3,1
males\sample-009822.mp3,1
males\sample-009825.mp3,1
males\sample-009827.mp3,1
males\sample-009828.mp3,1
males\sample-009837.mp3,1
males\sample-009838.mp3,1
males\sample-009841.mp3,1
males\sample-009843.mp3,1
males\sample-009845.mp3,1
males\sample-009849.mp3,1
males\sample-009851.mp3,1
males\sample-009852.mp3,1
males\sample-009853.mp3,1
males\sample-009867.mp3,1
males\sample-009871.mp3,1
males\sample-009876.mp3,1
males\sample-009877.mp3,1
males\sample-009879.mp3,1
males\sample-009885.mp3,1
males\sample-009889.mp3,1
males\sample-009890.mp3,1
males\sample-009891.mp3,1
males\sample-009895.mp3,1
males\sample-009898.mp3,1
males\sample-009901.mp3,1
males\sample-009904.mp3,1
males\sample-009905.mp3,1
males\sample-009907.mp3,1
males\sample-009909.mp3,1
males\sample-009914.mp3,1
males\sample-009915.mp3,1
males\sample-009916.mp3,1
males\sample-009917.mp3,1
males\sample-009921.mp3,1
males\sample-009925.mp3,1
males\sample-009927.mp3,1
males\sample-009946.mp3,1
males\sample-009947.mp3,1
males\sample-009950.mp3,1
males\sample-009955.mp3,1
males\sample-009959.mp3,1
males\sample-009963.mp3,1
males\sample-009965.mp3,1
males\sample-009966.mp3,1
males\sample-009968.mp3,1
males\sample-009969.mp3,1
males\sample-009972.mp3,1
males\sample-009978.mp3,1
males\sample-009981.mp3,1
males\sample-009987.mp3,1
males\sample-010001.mp3,1
males\sample-010002.mp3,1
males\sample-010003.mp3,1
males\sample-010014.mp3,1
males\sample-010019.mp3,1
males\sample-010031.mp3,1
males\sample-010033.mp3,1
males\sample-010034.mp3,1
males\sample-010041.mp3,1
males\sample-010045.mp3,1
males\sample-010053.mp3,1
males\sample-010060.mp3,1
males\sample-010061.mp3,1
males\sample-010064.mp3,1
males\sample-010067.mp3,1
males\sample-010071.mp3,1
males\sample-010076.mp3,1
males\sample-010077.mp3,1
males\sample-010083.mp3,1
males\sample-010087.mp3,1
males\sample-010090.mp3,1
males\sample-010092.mp3,1
males\sample-010096.mp3,1
males\sample-010097.mp3,1
males\sample-010112.mp3,1
males\sample-010113.mp3,1
males\sample-010114.mp3,1
males\sample-010121.mp3,1
males\sample-010122.mp3,1
males\sample-010126.mp3,1
males\sample-010127.mp3,1
males\sample-010128.mp3,1
males\sample-010130.mp3,1
males\sample-010139.mp3,1
males\sample-010142.mp3,1
males\sample-010143.mp3,1
males\sample-010145.mp3,1
males\sample-010149.mp3,1
males\sample-010151.mp3,1
males\sample-010154.mp3,1
males\sample-010155.mp3,1
males\sample-010164.mp3,1
males\sample-010165.mp3,1
males\sample-010167.mp3,1
males\sample-010168.mp3,1
males\sample-010169.mp3,1
males\sample-010172.mp3,1
males\sample-010173.mp3,1
males\sample-010176.mp3,1
males\sample-010177.mp3,1
males\sample-010180.mp3,1
males\sample-010205.mp3,1
males\sample-010211.mp3,1
males\sample-010215.mp3,1
males\sample-010221.mp3,1
males\sample-010225.mp3,1
males\sample-010227.mp3,1
males\sample-010236.mp3,1
males\sample-010239.mp3,1
males\sample-010240.mp3,1
males\sample-010241.mp3,1
males\sample-010243.mp3,1
males\sample-010245.mp3,1
males\sample-010253.mp3,1
males\sample-010257.mp3,1
males\sample-010259.mp3,1
males\sample-010266.mp3,1
males\sample-010270.mp3,1
males\sample-010278.mp3,1
males\sample-010280.mp3,1
males\sample-010290.mp3,1
males\sample-010291.mp3,1
males\sample-010294.mp3,1
males\sample-010299.mp3,1
males\sample-010300.mp3,1
males\sample-010303.mp3,1
males\sample-010304.mp3,1
males\sample-010324.mp3,1
males\sample-010331.mp3,1
males\sample-010333.mp3,1
males\sample-010337.mp3,1
males\sample-010340.mp3,1
males\sample-010341.mp3,1
males\sample-010342.mp3,1
males\sample-010355.mp3,1
males\sample-010357.mp3,1
males\sample-010361.mp3,1
males\sample-010363.mp3,1
males\sample-010366.mp3,1
males\sample-010368.mp3,1
males\sample-010371.mp3,1
males\sample-010375.mp3,1
males\sample-010376.mp3,1
males\sample-010377.mp3,1
males\sample-010379.mp3,1
males\sample-010386.mp3,1
males\sample-010390.mp3,1
males\sample-010398.mp3,1
males\sample-010400.mp3,1
males\sample-010408.mp3,1
males\sample-010415.mp3,1
males\sample-010420.mp3,1
males\sample-010421.mp3,1
males\sample-010423.mp3,1
males\sample-010436.mp3,1
males\sample-010438.mp3,1
males\sample-010439.mp3,1
males\sample-010441.mp3,1
males\sample-010450.mp3,1
males\sample-010455.mp3,1
males\sample-010456.mp3,1
males\sample-010461.mp3,1
males\sample-010469.mp3,1
males\sample-010470.mp3,1
males\sample-010472.mp3,1
males\sample-010483.mp3,1
males\sample-010484.mp3,1
males\sample-010485.mp3,1
males\sample-010489.mp3,1
males\sample-010496.mp3,1
males\sample-010498.mp3,1
males\sample-010500.mp3,1
males\sample-010507.mp3,1
males\sample-010509.mp3,1
males\sample-010511.mp3,1
males\sample-010513.mp3,1
males\sample-010519.mp3,1
males\sample-010521.mp3,1
males\sample-010527.mp3,1
males\sample-010530.mp3,1
males\sample-010534.mp3,1
males\sample-010535.mp3,1
males\sample-010540.mp3,1
males\sample-010545.mp3,1
males\sample-010546.mp3,1
males\sample-010550.mp3,1
males\sample-010551.mp3,1
males\sample-010554.mp3,1
males\sample-010558.mp3,1
males\sample-010559.mp3,1
males\sample-010561.mp3,1
males\sample-010565.mp3,1
males\sample-010575.mp3,1
males\sample-010576.mp3,1
males\sample-010585.mp3,1
males\sample-010586.mp3,1
males\sample-010588.mp3,1
males\sample-010591.mp3,1
males\sample-010599.mp3,1
males\sample-010611.mp3,1
males\sample-010613.mp3,1
males\sample-010620.mp3,1
males\sample-010623.mp3,1
males\sample-010630.mp3,1
males\sample-010635.mp3,1
males\sample-010643.mp3,1
males\sample-010645.mp3,1
males\sample-010646.mp3,1
males\sample-010647.mp3,1
males\sample-010650.mp3,1
males\sample-010651.mp3,1
males\sample-010661.mp3,1
males\sample-010667.mp3,1
males\sample-010668.mp3,1
males\sample-010669.mp3,1
males\sample-010673.mp3,1
males\sample-010675.mp3,1
males\sample-010682.mp3,1
males\sample-010683.mp3,1
males\sample-010687.mp3,1
males\sample-010694.mp3,1
males\sample-010696.mp3,1
males\sample-010698.mp3,1
males\sample-010703.mp3,1
males\sample-010704.mp3,1
males\sample-010712.mp3,1
males\sample-010714.mp3,1
males\sample-010715.mp3,1
males\sample-010719.mp3,1
males\sample-010731.mp3,1
males\sample-010733.mp3,1
males\sample-010734.mp3,1
males\sample-010737.mp3,1
males\sample-010740.mp3,1
males\sample-010745.mp3,1
males\sample-010749.mp3,1
males\sample-010750.mp3,1
males\sample-010760.mp3,1
males\sample-010765.mp3,1
males\sample-010767.mp3,1
males\sample-010772.mp3,1
males\sample-010775.mp3,1
males\sample-010777.mp3,1
males\sample-010786.mp3,1
males\sample-010787.mp3,1
males\sample-010789.mp3,1
males\sample-010790.mp3,1
males\sample-010795.mp3,1
males\sample-010796.mp3,1
males\sample-010801.mp3,1
males\sample-010816.mp3,1
males\sample-010820.mp3,1
males\sample-010847.mp3,1
males\sample-010852.mp3,1
males\sample-010861.mp3,1
males\sample-010863.mp3,1
males\sample-010864.mp3,1
males\sample-010866.mp3,1
males\sample-010872.mp3,1
males\sample-010873.mp3,1
males\sample-010876.mp3,1
males\sample-010880.mp3,1
males\sample-010884.mp3,1
males\sample-010898.mp3,1
males\sample-010903.mp3,1
males\sample-010908.mp3,1
males\sample-010914.mp3,1
males\sample-010919.mp3,1
males\sample-010921.mp3,1
males\sample-010922.mp3,1
males\sample-010929.mp3,1
males\sample-010934.mp3,1
males\sample-010937.mp3,1
males\sample-010938.mp3,1
males\sample-010943.mp3,1
males\sample-010944.mp3,1
males\sample-010951.mp3,1
males\sample-010952.mp3,1
males\sample-010956.mp3,1
males\sample-010957.mp3,1
males\sample-010964.mp3,1
males\sample-010967.mp3,1
males\sample-010971.mp3,1
males\sample-010972.mp3,1
males\sample-010973.mp3,1
males\sample-010974.mp3,1
males\sample-010978.mp3,1
males\sample-010980.mp3,1
males\sample-010986.mp3,1
males\sample-010987.mp3,1
males\sample-010992.mp3,1
males\sample-010993.mp3,1
males\sample-010994.mp3,1
males\sample-010997.mp3,1
males\sample-011000.mp3,1
males\sample-011010.mp3,1
males\sample-011016.mp3,1
males\sample-011023.mp3,1
males\sample-011027.mp3,1
males\sample-011029.mp3,1
males\sample-011032.mp3,1
males\sample-011034.mp3,1
males\sample-011038.mp3,1
males\sample-011046.mp3,1
males\sample-011049.mp3,1
males\sample-011051.mp3,1
males\sample-011059.mp3,1
males\sample-011067.mp3,1
males\sample-011072.mp3,1
males\sample-011079.mp3,1
males\sample-011081.mp3,1
males\sample-011083.mp3,1
males\sample-011087.mp3,1
males\sample-011093.mp3,1
males\sample-011097.mp3,1
males\sample-011099.mp3,1
males\sample-011100.mp3,1
males\sample-011101.mp3,1
males\sample-011102.mp3,1
males\sample-011106.mp3,1
males\sample-011107.mp3,1
males\sample-011113.mp3,1
males\sample-011119.mp3,1
males\sample-011123.mp3,1
males\sample-011124.mp3,1
males\sample-011128.mp3,1
males\sample-011132.mp3,1
males\sample-011135.mp3,1
males\sample-011138.mp3,1
males\sample-011139.mp3,1
males\sample-011140.mp3,1
males\sample-011142.mp3,1
males\sample-011148.mp3,1
males\sample-011149.mp3,1
males\sample-011160.mp3,1
males\sample-011161.mp3,1
males\sample-011168.mp3,1
males\sample-011175.mp3,1
males\sample-011180.mp3,1
males\sample-011181.mp3,1
males\sample-011183.mp3,1
males\sample-011189.mp3,1
males\sample-011191.mp3,1
males\sample-011192.mp3,1
males\sample-011204.mp3,1
males\sample-011205.mp3,1
males\sample-011206.mp3,1
males\sample-011210.mp3,1
males\sample-011220.mp3,1
males\sample-011222.mp3,1
males\sample-011226.mp3,1
males\sample-011227.mp3,1
males\sample-011228.mp3,1
males\sample-011241.mp3,1
males\sample-011245.mp3,1
males\sample-011246.mp3,1
males\sample-011247.mp3,1
males\sample-011248.mp3,1
males\sample-011251.mp3,1
males\sample-011252.mp3,1
males\sample-011267.mp3,1
males\sample-011268.mp3,1
males\sample-011271.mp3,1
males\sample-011273.mp3,1
males\sample-011274.mp3,1
males\sample-011275.mp3,1
males\sample-011281.mp3,1
males\sample-011284.mp3,1
males\sample-011285.mp3,1
males\sample-011291.mp3,1
males\sample-011294.mp3,1
males\sample-011300.mp3,1
males\sample-011304.mp3,1
males\sample-011316.mp3,1
males\sample-011318.mp3,1
males\sample-011322.mp3,1
males\sample-011326.mp3,1
males\sample-011331.mp3,1
males\sample-011339.mp3,1
males\sample-011341.mp3,1
males\sample-011346.mp3,1
males\sample-011347.mp3,1
males\sample-011352.mp3,1
males\sample-011364.mp3,1
males\sample-011366.mp3,1
males\sample-011369.mp3,1
males\sample-011370.mp3,1
males\sample-011371.mp3,1
males\sample-011372.mp3,1
males\sample-011377.mp3,1
males\sample-011378.mp3,1
males\sample-011383.mp3,1
males\sample-011385.mp3,1
males\sample-011394.mp3,1
males\sample-011395.mp3,1
males\sample-011396.mp3,1
males\sample-011398.mp3,1
males\sample-011399.mp3,1
males\sample-011405.mp3,1
males\sample-011406.mp3,1
males\sample-011407.mp3,1
males\sample-011408.mp3,1
males\sample-011411.mp3,1
males\sample-011421.mp3,1
males\sample-011423.mp3,1
males\sample-011435.mp3,1
males\sample-011439.mp3,1
males\sample-011442.mp3,1
males\sample-011449.mp3,1
males\sample-011450.mp3,1
males\sample-011451.mp3,1
males\sample-011454.mp3,1
males\sample-011456.mp3,1
males\sample-011457.mp3,1
males\sample-011459.mp3,1
males\sample-011461.mp3,1
males\sample-011463.mp3,1
males\sample-011470.mp3,1
males\sample-011471.mp3,1
males\sample-011477.mp3,1
males\sample-011480.mp3,1
males\sample-011481.mp3,1
males\sample-011484.mp3,1
males\sample-011487.mp3,1
males\sample-011497.mp3,1
males\sample-011500.mp3,1
males\sample-011508.mp3,1
males\sample-011509.mp3,1
males\sample-011515.mp3,1
males\sample-011518.mp3,1
males\sample-011520.mp3,1
males\sample-011522.mp3,1
males\sample-011524.mp3,1
males\sample-011539.mp3,1
males\sample-011547.mp3,1
males\sample-011549.mp3,1
males\sample-011561.mp3,1
males\sample-011573.mp3,1
males\sample-011574.mp3,1
males\sample-011578.mp3,1
males\sample-011580.mp3,1
males\sample-011581.mp3,1
males\sample-011582.mp3,1
males\sample-011588.mp3,1
males\sample-011589.mp3,1
males\sample-011591.mp3,1
males\sample-011598.mp3,1
males\sample-011607.mp3,1
males\sample-011610.mp3,1
males\sample-011611.mp3,1
males\sample-011630.mp3,1
males\sample-011637.mp3,1
males\sample-011645.mp3,1
males\sample-011646.mp3,1
males\sample-011649.mp3,1
males\sample-011653.mp3,1
males\sample-011659.mp3,1
males\sample-011661.mp3,1
males\sample-011662.mp3,1
males\sample-011663.mp3,1
males\sample-011664.mp3,1
males\sample-011670.mp3,1
males\sample-011672.mp3,1
males\sample-011682.mp3,1
males\sample-011684.mp3,1
males\sample-011685.mp3,1
males\sample-011688.mp3,1
males\sample-011691.mp3,1
males\sample-011692.mp3,1
males\sample-011700.mp3,1
males\sample-011704.mp3,1
males\sample-011714.mp3,1
males\sample-011717.mp3,1
males\sample-011723.mp3,1
males\sample-011725.mp3,1
males\sample-011734.mp3,1
males\sample-011735.mp3,1
males\sample-011739.mp3,1
males\sample-011745.mp3,1
males\sample-011747.mp3,1
males\sample-011748.mp3,1
males\sample-011759.mp3,1
males\sample-011760.mp3,1
males\sample-011765.mp3,1
males\sample-011774.mp3,1
males\sample-011790.mp3,1
males\sample-011793.mp3,1
males\sample-011799.mp3,1
males\sample-011808.mp3,1
males\sample-011811.mp3,1
males\sample-011828.mp3,1
males\sample-011829.mp3,1
males\sample-011835.mp3,1
males\sample-011843.mp3,1
males\sample-011848.mp3,1
males\sample-011851.mp3,1
males\sample-011852.mp3,1
males\sample-011854.mp3,1
males\sample-011856.mp3,1
males\sample-011859.mp3,1
males\sample-011862.mp3,1
males\sample-011863.mp3,1
males\sample-011873.mp3,1
males\sample-011875.mp3,1
males\sample-011876.mp3,1
males\sample-011877.mp3,1
males\sample-011882.mp3,1
males\sample-011885.mp3,1
males\sample-011889.mp3,1
males\sample-011892.mp3,1
males\sample-011897.mp3,1
males\sample-011905.mp3,1
males\sample-011908.mp3,1
males\sample-011909.mp3,1
males\sample-011916.mp3,1
males\sample-011921.mp3,1
males\sample-011930.mp3,1
males\sample-011936.mp3,1
males\sample-011942.mp3,1
males\sample-011952.mp3,1
males\sample-011953.mp3,1
males\sample-011961.mp3,1
males\sample-011965.mp3,1
males\sample-011970.mp3,1
males\sample-011976.mp3,1
males\sample-011980.mp3,1
males\sample-011985.mp3,1
males\sample-011987.mp3,1
males\sample-011991.mp3,1
males\sample-011997.mp3,1
males\sample-012001.mp3,1
males\sample-012002.mp3,1
males\sample-012003.mp3,1
males\sample-012016.mp3,1
males\sample-012021.mp3,1
males\sample-012024.mp3,1
males\sample-012028.mp3,1
males\sample-012036.mp3,1
males\sample-012047.mp3,1
males\sample-012049.mp3,1
males\sample-012051.mp3,1
males\sample-012053.mp3,1
males\sample-012060.mp3,1
males\sample-012062.mp3,1
males\sample-012067.mp3,1
males\sample-012071.mp3,1
males\sample-012075.mp3,1
males\sample-012078.mp3,1
males\sample-012084.mp3,1
males\sample-012096.mp3,1
males\sample-012102.mp3,1
males\sample-012106.mp3,1
males\sample-012118.mp3,1
males\sample-012119.mp3,1
males\sample-012122.mp3,1
males\sample-012127.mp3,1
males\sample-012134.mp3,1
males\sample-012136.mp3,1
males\sample-012139.mp3,1
males\sample-012140.mp3,1
males\sample-012143.mp3,1
males\sample-012146.mp3,1
males\sample-012148.mp3,1
males\sample-012150.mp3,1
males\sample-012151.mp3,1
males\sample-012152.mp3,1
males\sample-012161.mp3,1
males\sample-012166.mp3,1
males\sample-012187.mp3,1
males\sample-012189.mp3,1
males\sample-012194.mp3,1
males\sample-012195.mp3,1
males\sample-012197.mp3,1
males\sample-012203.mp3,1
males\sample-012208.mp3,1
males\sample-012213.mp3,1
males\sample-012217.mp3,1
males\sample-012221.mp3,1
males\sample-012222.mp3,1
males\sample-012229.mp3,1
males\sample-012231.mp3,1
males\sample-012238.mp3,1
males\sample-012239.mp3,1
males\sample-012242.mp3,1
males\sample-012250.mp3,1
males\sample-012267.mp3,1
males\sample-012273.mp3,1
males\sample-012275.mp3,1
males\sample-012279.mp3,1
males\sample-012282.mp3,1
males\sample-012283.mp3,1
males\sample-012284.mp3,1
males\sample-012285.mp3,1
males\sample-012287.mp3,1
males\sample-012289.mp3,1
males\sample-012293.mp3,1
males\sample-012311.mp3,1
males\sample-012317.mp3,1
males\sample-012318.mp3,1
males\sample-012322.mp3,1
males\sample-012323.mp3,1
males\sample-012325.mp3,1
males\sample-012328.mp3,1
males\sample-012330.mp3,1
males\sample-012335.mp3,1
males\sample-012341.mp3,1
males\sample-012344.mp3,1
males\sample-012346.mp3,1
males\sample-012348.mp3,1
males\sample-012352.mp3,1
males\sample-012354.mp3,1
males\sample-012360.mp3,1
males\sample-012366.mp3,1
males\sample-012369.mp3,1
males\sample-012371.mp3,1
males\sample-012375.mp3,1
males\sample-012401.mp3,1
males\sample-012408.mp3,1
males\sample-012428.mp3,1
males\sample-012429.mp3,1
males\sample-012430.mp3,1
males\sample-012433.mp3,1
males\sample-012435.mp3,1
males\sample-012442.mp3,1
males\sample-012449.mp3,1
males\sample-012450.mp3,1
males\sample-012454.mp3,1
males\sample-012458.mp3,1
males\sample-012468.mp3,1
males\sample-012472.mp3,1
males\sample-012473.mp3,1
males\sample-012476.mp3,1
males\sample-012477.mp3,1
males\sample-012480.mp3,1
males\sample-012484.mp3,1
males\sample-012486.mp3,1
males\sample-012491.mp3,1
males\sample-012493.mp3,1
males\sample-012496.mp3,1
males\sample-012499.mp3,1
males\sample-012506.mp3,1
males\sample-012507.mp3,1
males\sample-012510.mp3,1
males\sample-012514.mp3,1
males\sample-012523.mp3,1
males\sample-012524.mp3,1
males\sample-012529.mp3,1
males\sample-012534.mp3,1
males\sample-012536.mp3,1
males\sample-012538.mp3,1
males\sample-012544.mp3,1
males\sample-012548.mp3,1
males\sample-012550.mp3,1
males\sample-012551.mp3,1
males\sample-012556.mp3,1
males\sample-012559.mp3,1
males\sample-012561.mp3,1
males\sample-012563.mp3,1
males\sample-012564.mp3,1
males\sample-012574.mp3,1
males\sample-012577.mp3,1
males\sample-012579.mp3,1
males\sample-012582.mp3,1
males\sample-012583.mp3,1
males\sample-012588.mp3,1
males\sample-012589.mp3,1
males\sample-012595.mp3,1
males\sample-012597.mp3,1
males\sample-012599.mp3,1
males\sample-012600.mp3,1
males\sample-012603.mp3,1
males\sample-012606.mp3,1
males\sample-012610.mp3,1
males\sample-012611.mp3,1
males\sample-012612.mp3,1
males\sample-012616.mp3,1
males\sample-012618.mp3,1
males\sample-012625.mp3,1
males\sample-012626.mp3,1
males\sample-012630.mp3,1
males\sample-012636.mp3,1
males\sample-012638.mp3,1
males\sample-012639.mp3,1
males\sample-012647.mp3,1
males\sample-012648.mp3,1
males\sample-012654.mp3,1
males\sample-012660.mp3,1
males\sample-012670.mp3,1
males\sample-012680.mp3,1
males\sample-012692.mp3,1
males\sample-012696.mp3,1
males\sample-012701.mp3,1
males\sample-012706.mp3,1
males\sample-012716.mp3,1
males\sample-012719.mp3,1
males\sample-012725.mp3,1
males\sample-012731.mp3,1
males\sample-012741.mp3,1
males\sample-012744.mp3,1
males\sample-012760.mp3,1
males\sample-012761.mp3,1
males\sample-012772.mp3,1
males\sample-012776.mp3,1
males\sample-012781.mp3,1
males\sample-012783.mp3,1
males\sample-012785.mp3,1
males\sample-012791.mp3,1
males\sample-012793.mp3,1
males\sample-012800.mp3,1
males\sample-012805.mp3,1
males\sample-012809.mp3,1
males\sample-012810.mp3,1
males\sample-012812.mp3,1
males\sample-012814.mp3,1
males\sample-012815.mp3,1
males\sample-012822.mp3,1
males\sample-012830.mp3,1
males\sample-012832.mp3,1
males\sample-012833.mp3,1
males\sample-012834.mp3,1
males\sample-012840.mp3,1
males\sample-012843.mp3,1
males\sample-012852.mp3,1
males\sample-012854.mp3,1
males\sample-012855.mp3,1
males\sample-012857.mp3,1
males\sample-012859.mp3,1
males\sample-012860.mp3,1
males\sample-012862.mp3,1
males\sample-012863.mp3,1
males\sample-012865.mp3,1
males\sample-012869.mp3,1
males\sample-012871.mp3,1
males\sample-012873.mp3,1
males\sample-012874.mp3,1
males\sample-012876.mp3,1
males\sample-012879.mp3,1
males\sample-012887.mp3,1
males\sample-012891.mp3,1
males\sample-012900.mp3,1
males\sample-012901.mp3,1
males\sample-012909.mp3,1
males\sample-012914.mp3,1
males\sample-012927.mp3,1
males\sample-012930.mp3,1
males\sample-012932.mp3,1
males\sample-012933.mp3,1
males\sample-012937.mp3,1
males\sample-012943.mp3,1
males\sample-012946.mp3,1
males\sample-012950.mp3,1
males\sample-012953.mp3,1
males\sample-012956.mp3,1
males\sample-012957.mp3,1
males\sample-012963.mp3,1
males\sample-012964.mp3,1
males\sample-012969.mp3,1
males\sample-012976.mp3,1
males\sample-012977.mp3,1
males\sample-012979.mp3,1
males\sample-012985.mp3,1
males\sample-012988.mp3,1
males\sample-012992.mp3,1
males\sample-012993.mp3,1
males\sample-013000.mp3,1
males\sample-013006.mp3,1
males\sample-013009.mp3,1
males\sample-013012.mp3,1
males\sample-013014.mp3,1
males\sample-013015.mp3,1
males\sample-013016.mp3,1
males\sample-013023.mp3,1
males\sample-013029.mp3,1
males\sample-013032.mp3,1
males\sample-013035.mp3,1
males\sample-013042.mp3,1
males\sample-013043.mp3,1
males\sample-013046.mp3,1
males\sample-013050.mp3,1
males\sample-013059.mp3,1
males\sample-013073.mp3,1
males\sample-013076.mp3,1
males\sample-013077.mp3,1
males\sample-013078.mp3,1
males\sample-013079.mp3,1
males\sample-013089.mp3,1
males\sample-013091.mp3,1
males\sample-013093.mp3,1
males\sample-013098.mp3,1
males\sample-013100.mp3,1
males\sample-013101.mp3,1
males\sample-013102.mp3,1
males\sample-013104.mp3,1
males\sample-013108.mp3,1
males\sample-013114.mp3,1
males\sample-013121.mp3,1
males\sample-013127.mp3,1
males\sample-013133.mp3,1
males\sample-013135.mp3,1
males\sample-013137.mp3,1
males\sample-013138.mp3,1
males\sample-013141.mp3,1
males\sample-013144.mp3,1
males\sample-013151.mp3,1
males\sample-013155.mp3,1
males\sample-013158.mp3,1
males\sample-013159.mp3,1
males\sample-013161.mp3,1
males\sample-013164.mp3,1
males\sample-013165.mp3,1
males\sample-013176.mp3,1
males\sample-013178.mp3,1
males\sample-013179.mp3,1
males\sample-013182.mp3,1
males\sample-013183.mp3,1
males\sample-013191.mp3,1
males\sample-013194.mp3,1
males\sample-013201.mp3,1
males\sample-013204.mp3,1
males\sample-013209.mp3,1
males\sample-013210.mp3,1
males\sample-013212.mp3,1
males\sample-013218.mp3,1
males\sample-013222.mp3,1
males\sample-013223.mp3,1
males\sample-013226.mp3,1
males\sample-013230.mp3,1
males\sample-013236.mp3,1
males\sample-013246.mp3,1
males\sample-013248.mp3,1
males\sample-013249.mp3,1
males\sample-013270.mp3,1
males\sample-013272.mp3,1
males\sample-013274.mp3,1
males\sample-013282.mp3,1
males\sample-013283.mp3,1
males\sample-013286.mp3,1
males\sample-013293.mp3,1
males\sample-013295.mp3,1
males\sample-013296.mp3,1
males\sample-013299.mp3,1
males\sample-013304.mp3,1
males\sample-013306.mp3,1
males\sample-013309.mp3,1
males\sample-013311.mp3,1
males\sample-013313.mp3,1
males\sample-013316.mp3,1
males\sample-013318.mp3,1
males\sample-013321.mp3,1
males\sample-013322.mp3,1
males\sample-013327.mp3,1
males\sample-013332.mp3,1
males\sample-013339.mp3,1
males\sample-013342.mp3,1
males\sample-013343.mp3,1
males\sample-013347.mp3,1
males\sample-013349.mp3,1
males\sample-013350.mp3,1
males\sample-013358.mp3,1
males\sample-013360.mp3,1
males\sample-013376.mp3,1
males\sample-013382.mp3,1
males\sample-013387.mp3,1
males\sample-013389.mp3,1
males\sample-013391.mp3,1
males\sample-013392.mp3,1
males\sample-013398.mp3,1
males\sample-013401.mp3,1
males\sample-013404.mp3,1
males\sample-013418.mp3,1
males\sample-013427.mp3,1
males\sample-013429.mp3,1
males\sample-013431.mp3,1
males\sample-013432.mp3,1
males\sample-013433.mp3,1
males\sample-013436.mp3,1
males\sample-013444.mp3,1
males\sample-013445.mp3,1
males\sample-013446.mp3,1
males\sample-013449.mp3,1
males\sample-013451.mp3,1
males\sample-013452.mp3,1
males\sample-013454.mp3,1
males\sample-013459.mp3,1
males\sample-013467.mp3,1
males\sample-013469.mp3,1
males\sample-013473.mp3,1
males\sample-013478.mp3,1
males\sample-013482.mp3,1
males\sample-013485.mp3,1
males\sample-013496.mp3,1
males\sample-013497.mp3,1
males\sample-013498.mp3,1
males\sample-013499.mp3,1
males\sample-013502.mp3,1
males\sample-013504.mp3,1
males\sample-013506.mp3,1
males\sample-013507.mp3,1
males\sample-013514.mp3,1
males\sample-013516.mp3,1
males\sample-013521.mp3,1
males\sample-013526.mp3,1
males\sample-013529.mp3,1
males\sample-013533.mp3,1
males\sample-013536.mp3,1
males\sample-013541.mp3,1
males\sample-013542.mp3,1
males\sample-013543.mp3,1
males\sample-013547.mp3,1
males\sample-013551.mp3,1
males\sample-013557.mp3,1
males\sample-013565.mp3,1
males\sample-013572.mp3,1
males\sample-013580.mp3,1
males\sample-013584.mp3,1
males\sample-013586.mp3,1
males\sample-013591.mp3,1
males\sample-013594.mp3,1
males\sample-013596.mp3,1
males\sample-013598.mp3,1
males\sample-013599.mp3,1
males\sample-013605.mp3,1
males\sample-013609.mp3,1
males\sample-013614.mp3,1
males\sample-013615.mp3,1
males\sample-013618.mp3,1
males\sample-013619.mp3,1
males\sample-013624.mp3,1
males\sample-013627.mp3,1
males\sample-013628.mp3,1
males\sample-013631.mp3,1
males\sample-013637.mp3,1
males\sample-013640.mp3,1
males\sample-013646.mp3,1
males\sample-013647.mp3,1
males\sample-013648.mp3,1
males\sample-013650.mp3,1
males\sample-013651.mp3,1
males\sample-013652.mp3,1
males\sample-013653.mp3,1
males\sample-013654.mp3,1
males\sample-013659.mp3,1
males\sample-013667.mp3,1
males\sample-013668.mp3,1
males\sample-013669.mp3,1
males\sample-013671.mp3,1
males\sample-013682.mp3,1
males\sample-013684.mp3,1
males\sample-013686.mp3,1
males\sample-013694.mp3,1
males\sample-013698.mp3,1
males\sample-013699.mp3,1
males\sample-013706.mp3,1
males\sample-013712.mp3,1
males\sample-013717.mp3,1
males\sample-013719.mp3,1
males\sample-013725.mp3,1
males\sample-013731.mp3,1
males\sample-013734.mp3,1
males\sample-013735.mp3,1
males\sample-013742.mp3,1
males\sample-013743.mp3,1
males\sample-013750.mp3,1
males\sample-013753.mp3,1
males\sample-013756.mp3,1
males\sample-013757.mp3,1
males\sample-013762.mp3,1
males\sample-013766.mp3,1
males\sample-013767.mp3,1
males\sample-013768.mp3,1
males\sample-013771.mp3,1
males\sample-013773.mp3,1
males\sample-013779.mp3,1
males\sample-013783.mp3,1
males\sample-013787.mp3,1
males\sample-013790.mp3,1
males\sample-013800.mp3,1
males\sample-013802.mp3,1
males\sample-013808.mp3,1
males\sample-013813.mp3,1
males\sample-013819.mp3,1
males\sample-013822.mp3,1
males\sample-013835.mp3,1
males\sample-013844.mp3,1
males\sample-013847.mp3,1
males\sample-013848.mp3,1
males\sample-013853.mp3,1
males\sample-013864.mp3,1
males\sample-013870.mp3,1
males\sample-013871.mp3,1
males\sample-013878.mp3,1
males\sample-013882.mp3,1
males\sample-013888.mp3,1
males\sample-013892.mp3,1
males\sample-013896.mp3,1
males\sample-013898.mp3,1
males\sample-013901.mp3,1
males\sample-013902.mp3,1
males\sample-013904.mp3,1
males\sample-013908.mp3,1
males\sample-013914.mp3,1
males\sample-013916.mp3,1
males\sample-013918.mp3,1
males\sample-013919.mp3,1
males\sample-013920.mp3,1
males\sample-013921.mp3,1
males\sample-013930.mp3,1
males\sample-013932.mp3,1
males\sample-013942.mp3,1
males\sample-013953.mp3,1
males\sample-013956.mp3,1
males\sample-013963.mp3,1
males\sample-013964.mp3,1
males\sample-013965.mp3,1
males\sample-013967.mp3,1
males\sample-013977.mp3,1
males\sample-013979.mp3,1
males\sample-013985.mp3,1
males\sample-013990.mp3,1
males\sample-014006.mp3,1
males\sample-014008.mp3,1
males\sample-014010.mp3,1
males\sample-014011.mp3,1
males\sample-014012.mp3,1
males\sample-014014.mp3,1
males\sample-014024.mp3,1
males\sample-014028.mp3,1
males\sample-014029.mp3,1
males\sample-014030.mp3,1
males\sample-014031.mp3,1
males\sample-014032.mp3,1
males\sample-014044.mp3,1
males\sample-014047.mp3,1
males\sample-014048.mp3,1
males\sample-014052.mp3,1
males\sample-014059.mp3,1
males\sample-014062.mp3,1
males\sample-014065.mp3,1
males\sample-014067.mp3,1
males\sample-014075.mp3,1
males\sample-014081.mp3,1
males\sample-014082.mp3,1
males\sample-014093.mp3,1
males\sample-014097.mp3,1
males\sample-014099.mp3,1
males\sample-014106.mp3,1
males\sample-014107.mp3,1
males\sample-014109.mp3,1
males\sample-014112.mp3,1
males\sample-014114.mp3,1
males\sample-014116.mp3,1
males\sample-014118.mp3,1
males\sample-014119.mp3,1
males\sample-014122.mp3,1
males\sample-014125.mp3,1
males\sample-014130.mp3,1
males\sample-014142.mp3,1
males\sample-014149.mp3,1
males\sample-014162.mp3,1
males\sample-014163.mp3,1
males\sample-014166.mp3,1
males\sample-014167.mp3,1
males\sample-014176.mp3,1
males\sample-014177.mp3,1
males\sample-014180.mp3,1
males\sample-014188.mp3,1
males\sample-014197.mp3,1
males\sample-014200.mp3,1
males\sample-014207.mp3,1
males\sample-014218.mp3,1
males\sample-014226.mp3,1
males\sample-014228.mp3,1
males\sample-014246.mp3,1
males\sample-014249.mp3,1
males\sample-014255.mp3,1
males\sample-014258.mp3,1
males\sample-014263.mp3,1
males\sample-014268.mp3,1
males\sample-014269.mp3,1
males\sample-014270.mp3,1
males\sample-014272.mp3,1
males\sample-014273.mp3,1
males\sample-014277.mp3,1
males\sample-014280.mp3,1
males\sample-014281.mp3,1
males\sample-014290.mp3,1
males\sample-014293.mp3,1
males\sample-014303.mp3,1
males\sample-014315.mp3,1
males\sample-014316.mp3,1
males\sample-014318.mp3,1
males\sample-014320.mp3,1
males\sample-014323.mp3,1
males\sample-014328.mp3,1
males\sample-014330.mp3,1
males\sample-014333.mp3,1
males\sample-014340.mp3,1
males\sample-014341.mp3,1
males\sample-014346.mp3,1
males\sample-014347.mp3,1
males\sample-014349.mp3,1
males\sample-014352.mp3,1
males\sample-014353.mp3,1
males\sample-014354.mp3,1
males\sample-014360.mp3,1
males\sample-014364.mp3,1
males\sample-014365.mp3,1
males\sample-014366.mp3,1
males\sample-014368.mp3,1
males\sample-014369.mp3,1
males\sample-014374.mp3,1
males\sample-014375.mp3,1
males\sample-014382.mp3,1
males\sample-014384.mp3,1
males\sample-014388.mp3,1
males\sample-014397.mp3,1
males\sample-014404.mp3,1
males\sample-014405.mp3,1
males\sample-014406.mp3,1
males\sample-014407.mp3,1
males\sample-014411.mp3,1
males\sample-014413.mp3,1
males\sample-014422.mp3,1
males\sample-014426.mp3,1
males\sample-014434.mp3,1
males\sample-014447.mp3,1
males\sample-014451.mp3,1
males\sample-014454.mp3,1
males\sample-014470.mp3,1
males\sample-014471.mp3,1
males\sample-014472.mp3,1
males\sample-014476.mp3,1
males\sample-014483.mp3,1
males\sample-014485.mp3,1
males\sample-014488.mp3,1
males\sample-014493.mp3,1
males\sample-014497.mp3,1
males\sample-014501.mp3,1
males\sample-014511.mp3,1
males\sample-014518.mp3,1
males\sample-014520.mp3,1
males\sample-014524.mp3,1
males\sample-014529.mp3,1
males\sample-014532.mp3,1
males\sample-014541.mp3,1
males\sample-014552.mp3,1
males\sample-014553.mp3,1
males\sample-014556.mp3,1
males\sample-014565.mp3,1
males\sample-014570.mp3,1
males\sample-014572.mp3,1
males\sample-014573.mp3,1
males\sample-014576.mp3,1
males\sample-014580.mp3,1
males\sample-014581.mp3,1
males\sample-014584.mp3,1
males\sample-014585.mp3,1
males\sample-014587.mp3,1
males\sample-014591.mp3,1
males\sample-014592.mp3,1
males\sample-014594.mp3,1
males\sample-014603.mp3,1
males\sample-014615.mp3,1
males\sample-014622.mp3,1
males\sample-014623.mp3,1
males\sample-014627.mp3,1
males\sample-014629.mp3,1
males\sample-014631.mp3,1
males\sample-014633.mp3,1
males\sample-014635.mp3,1
males\sample-014640.mp3,1
males\sample-014643.mp3,1
males\sample-014648.mp3,1
males\sample-014649.mp3,1
males\sample-014652.mp3,1
males\sample-014656.mp3,1
males\sample-014665.mp3,1
males\sample-014666.mp3,1
males\sample-014668.mp3,1
males\sample-014669.mp3,1
males\sample-014674.mp3,1
males\sample-014684.mp3,1
males\sample-014686.mp3,1
males\sample-014687.mp3,1
males\sample-014690.mp3,1
males\sample-014693.mp3,1
males\sample-014694.mp3,1
males\sample-014696.mp3,1
males\sample-014704.mp3,1
males\sample-014707.mp3,1
males\sample-014710.mp3,1
males\sample-014711.mp3,1
males\sample-014714.mp3,1
males\sample-014721.mp3,1
males\sample-014723.mp3,1
males\sample-014731.mp3,1
males\sample-014733.mp3,1
males\sample-014734.mp3,1
males\sample-014737.mp3,1
males\sample-014738.mp3,1
males\sample-014741.mp3,1
males\sample-014743.mp3,1
males\sample-014744.mp3,1
males\sample-014748.mp3,1
males\sample-014763.mp3,1
males\sample-014766.mp3,1
males\sample-014768.mp3,1
males\sample-014773.mp3,1
males\sample-014778.mp3,1
males\sample-014780.mp3,1
males\sample-014784.mp3,1
males\sample-014797.mp3,1
males\sample-014800.mp3,1
males\sample-014801.mp3,1
males\sample-014814.mp3,1
males\sample-014823.mp3,1
males\sample-014824.mp3,1
males\sample-014833.mp3,1
males\sample-014837.mp3,1
males\sample-014839.mp3,1
males\sample-014841.mp3,1
males\sample-014842.mp3,1
males\sample-014846.mp3,1
males\sample-014853.mp3,1
males\sample-014859.mp3,1
males\sample-014860.mp3,1
males\sample-014861.mp3,1
males\sample-014863.mp3,1
males\sample-014878.mp3,1
males\sample-014882.mp3,1
males\sample-014887.mp3,1
males\sample-014889.mp3,1
males\sample-014896.mp3,1
males\sample-014903.mp3,1
males\sample-014911.mp3,1
males\sample-014914.mp3,1
males\sample-014920.mp3,1
males\sample-014921.mp3,1
males\sample-014924.mp3,1
males\sample-014927.mp3,1
males\sample-014928.mp3,1
males\sample-014929.mp3,1
males\sample-014930.mp3,1
males\sample-014953.mp3,1
males\sample-014954.mp3,1
males\sample-014959.mp3,1
males\sample-014960.mp3,1
males\sample-014972.mp3,1
males\sample-014974.mp3,1
males\sample-014976.mp3,1
males\sample-014980.mp3,1
males\sample-014990.mp3,1
males\sample-014991.mp3,1
males\sample-015003.mp3,1
males\sample-015005.mp3,1
males\sample-015006.mp3,1
males\sample-015010.mp3,1
males\sample-015012.mp3,1
males\sample-015015.mp3,1
males\sample-015018.mp3,1
males\sample-015021.mp3,1
males\sample-015025.mp3,1
males\sample-015030.mp3,1
males\sample-015032.mp3,1
males\sample-015034.mp3,1
males\sample-015038.mp3,1
males\sample-015043.mp3,1
males\sample-015044.mp3,1
males\sample-015055.mp3,1
males\sample-015059.mp3,1
males\sample-015062.mp3,1
males\sample-015065.mp3,1
males\sample-015067.mp3,1
males\sample-015069.mp3,1
males\sample-015074.mp3,1
males\sample-015080.mp3,1
males\sample-015082.mp3,1
males\sample-015090.mp3,1
males\sample-015091.mp3,1
males\sample-015098.mp3,1
males\sample-015101.mp3,1
males\sample-015102.mp3,1
males\sample-015104.mp3,1
males\sample-015106.mp3,1
males\sample-015111.mp3,1
males\sample-015119.mp3,1
males\sample-015120.mp3,1
males\sample-015124.mp3,1
males\sample-015125.mp3,1
males\sample-015128.mp3,1
males\sample-015131.mp3,1
males\sample-015134.mp3,1
males\sample-015136.mp3,1
males\sample-015142.mp3,1
males\sample-015145.mp3,1
males\sample-015147.mp3,1
males\sample-015148.mp3,1
males\sample-015152.mp3,1
males\sample-015153.mp3,1
males\sample-015157.mp3,1
males\sample-015160.mp3,1
males\sample-015161.mp3,1
males\sample-015162.mp3,1
males\sample-015164.mp3,1
males\sample-015170.mp3,1
males\sample-015172.mp3,1
males\sample-015173.mp3,1
males\sample-015177.mp3,1
males\sample-015187.mp3,1
males\sample-015189.mp3,1
males\sample-015190.mp3,1
males\sample-015195.mp3,1
males\sample-015202.mp3,1
males\sample-015211.mp3,1
males\sample-015214.mp3,1
males\sample-015219.mp3,1
males\sample-015226.mp3,1
males\sample-015231.mp3,1
males\sample-015234.mp3,1
males\sample-015237.mp3,1
males\sample-015250.mp3,1
males\sample-015255.mp3,1
males\sample-015256.mp3,1
males\sample-015258.mp3,1
males\sample-015263.mp3,1
males\sample-015265.mp3,1
males\sample-015266.mp3,1
males\sample-015269.mp3,1
males\sample-015273.mp3,1
males\sample-015277.mp3,1
males\sample-015278.mp3,1
males\sample-015279.mp3,1
males\sample-015281.mp3,1
males\sample-015290.mp3,1
males\sample-015293.mp3,1
males\sample-015295.mp3,1
males\sample-015298.mp3,1
males\sample-015302.mp3,1
males\sample-015309.mp3,1
males\sample-015310.mp3,1
males\sample-015313.mp3,1
males\sample-015315.mp3,1
males\sample-015316.mp3,1
males\sample-015319.mp3,1
males\sample-015321.mp3,1
males\sample-015322.mp3,1
males\sample-015329.mp3,1
males\sample-015337.mp3,1
males\sample-015338.mp3,1
males\sample-015341.mp3,1
males\sample-015342.mp3,1
males\sample-015346.mp3,1
males\sample-015347.mp3,1
males\sample-015353.mp3,1
males\sample-015364.mp3,1
males\sample-015367.mp3,1
males\sample-015371.mp3,1
males\sample-015381.mp3,1
males\sample-015383.mp3,1
males\sample-015385.mp3,1
males\sample-015386.mp3,1
males\sample-015408.mp3,1
males\sample-015411.mp3,1
males\sample-015419.mp3,1
males\sample-015425.mp3,1
males\sample-015431.mp3,1
males\sample-015435.mp3,1
males\sample-015442.mp3,1
males\sample-015447.mp3,1
males\sample-015450.mp3,1
males\sample-015451.mp3,1
males\sample-015453.mp3,1
males\sample-015454.mp3,1
males\sample-015457.mp3,1
males\sample-015458.mp3,1
males\sample-015459.mp3,1
males\sample-015462.mp3,1
males\sample-015463.mp3,1
males\sample-015469.mp3,1
males\sample-015473.mp3,1
males\sample-015475.mp3,1
males\sample-015477.mp3,1
males\sample-015478.mp3,1
males\sample-015479.mp3,1
males\sample-015483.mp3,1
males\sample-015486.mp3,1
males\sample-015487.mp3,1
males\sample-015489.mp3,1
males\sample-015490.mp3,1
males\sample-015495.mp3,1
males\sample-015500.mp3,1
males\sample-015501.mp3,1
males\sample-015502.mp3,1
males\sample-015512.mp3,1
males\sample-015516.mp3,1
males\sample-015519.mp3,1
males\sample-015526.mp3,1
males\sample-015527.mp3,1
males\sample-015534.mp3,1
males\sample-015536.mp3,1
males\sample-015540.mp3,1
males\sample-015541.mp3,1
males\sample-015546.mp3,1
males\sample-015553.mp3,1
males\sample-015557.mp3,1
males\sample-015558.mp3,1
males\sample-015560.mp3,1
males\sample-015567.mp3,1
males\sample-015568.mp3,1
males\sample-015570.mp3,1
males\sample-015571.mp3,1
males\sample-015573.mp3,1
males\sample-015583.mp3,1
males\sample-015587.mp3,1
males\sample-015590.mp3,1
males\sample-015593.mp3,1
males\sample-015595.mp3,1
males\sample-015598.mp3,1
males\sample-015602.mp3,1
males\sample-015603.mp3,1
males\sample-015606.mp3,1
males\sample-015614.mp3,1
males\sample-015616.mp3,1
males\sample-015617.mp3,1
males\sample-015622.mp3,1
males\sample-015624.mp3,1
males\sample-015625.mp3,1
males\sample-015626.mp3,1
males\sample-015628.mp3,1
males\sample-015632.mp3,1
males\sample-015637.mp3,1
males\sample-015641.mp3,1
males\sample-015642.mp3,1
males\sample-015645.mp3,1
males\sample-015646.mp3,1
males\sample-015647.mp3,1
males\sample-015648.mp3,1
males\sample-015649.mp3,1
males\sample-015650.mp3,1
males\sample-015660.mp3,1
males\sample-015664.mp3,1
males\sample-015665.mp3,1
males\sample-015675.mp3,1
males\sample-015679.mp3,1
males\sample-015688.mp3,1
males\sample-015690.mp3,1
males\sample-015691.mp3,1
males\sample-015696.mp3,1
males\sample-015698.mp3,1
males\sample-015701.mp3,1
males\sample-015706.mp3,1
males\sample-015709.mp3,1
males\sample-015711.mp3,1
males\sample-015714.mp3,1
males\sample-015724.mp3,1
males\sample-015726.mp3,1
males\sample-015728.mp3,1
males\sample-015729.mp3,1
males\sample-015735.mp3,1
males\sample-015736.mp3,1
males\sample-015740.mp3,1
males\sample-015749.mp3,1
males\sample-015752.mp3,1
males\sample-015755.mp3,1
males\sample-015758.mp3,1
males\sample-015767.mp3,1
males\sample-015770.mp3,1
males\sample-015780.mp3,1
males\sample-015781.mp3,1
males\sample-015792.mp3,1
males\sample-015795.mp3,1
males\sample-015800.mp3,1
males\sample-015802.mp3,1
males\sample-015812.mp3,1
males\sample-015814.mp3,1
males\sample-015829.mp3,1
males\sample-015833.mp3,1
males\sample-015837.mp3,1
males\sample-015838.mp3,1
males\sample-015841.mp3,1
males\sample-015842.mp3,1
males\sample-015843.mp3,1
males\sample-015846.mp3,1
males\sample-015847.mp3,1
males\sample-015853.mp3,1
males\sample-015855.mp3,1
males\sample-015862.mp3,1
males\sample-015871.mp3,1
males\sample-015872.mp3,1
males\sample-015873.mp3,1
males\sample-015874.mp3,1
males\sample-015879.mp3,1
males\sample-015888.mp3,1
males\sample-015893.mp3,1
males\sample-015899.mp3,1
males\sample-015904.mp3,1
males\sample-015910.mp3,1
males\sample-015913.mp3,1
males\sample-015916.mp3,1
males\sample-015920.mp3,1
males\sample-015925.mp3,1
males\sample-015928.mp3,1
males\sample-015931.mp3,1
males\sample-015934.mp3,1
males\sample-015938.mp3,1
males\sample-015944.mp3,1
males\sample-015948.mp3,1
males\sample-015949.mp3,1
males\sample-015960.mp3,1
males\sample-015963.mp3,1
males\sample-015965.mp3,1
males\sample-015968.mp3,1
males\sample-015969.mp3,1
males\sample-015970.mp3,1
males\sample-015977.mp3,1
males\sample-015983.mp3,1
males\sample-015985.mp3,1
males\sample-015990.mp3,1
males\sample-015991.mp3,1
males\sample-015994.mp3,1
males\sample-016002.mp3,1
males\sample-016010.mp3,1
males\sample-016011.mp3,1
males\sample-016019.mp3,1
males\sample-016022.mp3,1
males\sample-016029.mp3,1
males\sample-016034.mp3,1
males\sample-016038.mp3,1
males\sample-016050.mp3,1
males\sample-016052.mp3,1
males\sample-016060.mp3,1
males\sample-016061.mp3,1
males\sample-016067.mp3,1
males\sample-016068.mp3,1
males\sample-016072.mp3,1
males\sample-016090.mp3,1
males\sample-016091.mp3,1
males\sample-016096.mp3,1
males\sample-016099.mp3,1
males\sample-016109.mp3,1
males\sample-016113.mp3,1
males\sample-016118.mp3,1
males\sample-016120.mp3,1
males\sample-016123.mp3,1
males\sample-016125.mp3,1
males\sample-016128.mp3,1
males\sample-016129.mp3,1
males\sample-016130.mp3,1
males\sample-016137.mp3,1
males\sample-016143.mp3,1
males\sample-016155.mp3,1
males\sample-016158.mp3,1
males\sample-016164.mp3,1
males\sample-016166.mp3,1
males\sample-016190.mp3,1
males\sample-016200.mp3,1
males\sample-016204.mp3,1
males\sample-016224.mp3,1
males\sample-016233.mp3,1
males\sample-016234.mp3,1
males\sample-016236.mp3,1
males\sample-016240.mp3,1
males\sample-016241.mp3,1
males\sample-016247.mp3,1
males\sample-016249.mp3,1
males\sample-016251.mp3,1
males\sample-016261.mp3,1
males\sample-016266.mp3,1
males\sample-016275.mp3,1
males\sample-016276.mp3,1
males\sample-016282.mp3,1
males\sample-016284.mp3,1
males\sample-016291.mp3,1
males\sample-016310.mp3,1
males\sample-016315.mp3,1
males\sample-016319.mp3,1
males\sample-016326.mp3,1
males\sample-016328.mp3,1
males\sample-016334.mp3,1
males\sample-016340.mp3,1
males\sample-016351.mp3,1
males\sample-016352.mp3,1
males\sample-016353.mp3,1
males\sample-016356.mp3,1
males\sample-016359.mp3,1
males\sample-016361.mp3,1
males\sample-016362.mp3,1
males\sample-016363.mp3,1
males\sample-016371.mp3,1
males\sample-016378.mp3,1
males\sample-016379.mp3,1
males\sample-016381.mp3,1
males\sample-016404.mp3,1
males\sample-016408.mp3,1
males\sample-016415.mp3,1
males\sample-016422.mp3,1
males\sample-016427.mp3,1
males\sample-016430.mp3,1
males\sample-016434.mp3,1
males\sample-016436.mp3,1
males\sample-016445.mp3,1
males\sample-016447.mp3,1
males\sample-016451.mp3,1
males\sample-016453.mp3,1
males\sample-016462.mp3,1
males\sample-016465.mp3,1
males\sample-016469.mp3,1
males\sample-016479.mp3,1
males\sample-016480.mp3,1
males\sample-016484.mp3,1
males\sample-016485.mp3,1
males\sample-016492.mp3,1
males\sample-016493.mp3,1
males\sample-016494.mp3,1
males\sample-016498.mp3,1
males\sample-016500.mp3,1
males\sample-016509.mp3,1
males\sample-016519.mp3,1
males\sample-016520.mp3,1
males\sample-016521.mp3,1
males\sample-016523.mp3,1
males\sample-016525.mp3,1
males\sample-016551.mp3,1
males\sample-016555.mp3,1
males\sample-016556.mp3,1
males\sample-016568.mp3,1
males\sample-016571.mp3,1
males\sample-016575.mp3,1
males\sample-016579.mp3,1
males\sample-016581.mp3,1
males\sample-016584.mp3,1
males\sample-016586.mp3,1
males\sample-016590.mp3,1
males\sample-016593.mp3,1
males\sample-016596.mp3,1
males\sample-016599.mp3,1
males\sample-016606.mp3,1
males\sample-016611.mp3,1
males\sample-016619.mp3,1
males\sample-016621.mp3,1
males\sample-016622.mp3,1
males\sample-016623.mp3,1
males\sample-016628.mp3,1
males\sample-016630.mp3,1
males\sample-016631.mp3,1
males\sample-016634.mp3,1
males\sample-016635.mp3,1
males\sample-016636.mp3,1
males\sample-016637.mp3,1
males\sample-016640.mp3,1
males\sample-016642.mp3,1
males\sample-016643.mp3,1
males\sample-016645.mp3,1
males\sample-016647.mp3,1
males\sample-016649.mp3,1
males\sample-016656.mp3,1
males\sample-016659.mp3,1
males\sample-016662.mp3,1
males\sample-016680.mp3,1
males\sample-016681.mp3,1
males\sample-016682.mp3,1
males\sample-016686.mp3,1
males\sample-016688.mp3,1
males\sample-016699.mp3,1
males\sample-016700.mp3,1
males\sample-016706.mp3,1
males\sample-016709.mp3,1
males\sample-016716.mp3,1
males\sample-016722.mp3,1
males\sample-016723.mp3,1
males\sample-016732.mp3,1
males\sample-016734.mp3,1
males\sample-016746.mp3,1
males\sample-016749.mp3,1
males\sample-016752.mp3,1
males\sample-016755.mp3,1
males\sample-016756.mp3,1
males\sample-016759.mp3,1
males\sample-016762.mp3,1
males\sample-016777.mp3,1
males\sample-016779.mp3,1
males\sample-016780.mp3,1
males\sample-016781.mp3,1
males\sample-016800.mp3,1
males\sample-016802.mp3,1
males\sample-016809.mp3,1
males\sample-016818.mp3,1
males\sample-016819.mp3,1
males\sample-016826.mp3,1
males\sample-016827.mp3,1
males\sample-016832.mp3,1
males\sample-016834.mp3,1
males\sample-016840.mp3,1
males\sample-016842.mp3,1
males\sample-016848.mp3,1
males\sample-016849.mp3,1
males\sample-016851.mp3,1
males\sample-016852.mp3,1
males\sample-016854.mp3,1
males\sample-016857.mp3,1
males\sample-016859.mp3,1
males\sample-016864.mp3,1
males\sample-016876.mp3,1
males\sample-016880.mp3,1
males\sample-016881.mp3,1
males\sample-016884.mp3,1
males\sample-016889.mp3,1
males\sample-016892.mp3,1
males\sample-016904.mp3,1
males\sample-016913.mp3,1
males\sample-016915.mp3,1
males\sample-016920.mp3,1
males\sample-016926.mp3,1
males\sample-016933.mp3,1
males\sample-016938.mp3,1
males\sample-016944.mp3,1
males\sample-016949.mp3,1
males\sample-016954.mp3,1
males\sample-016956.mp3,1
males\sample-016958.mp3,1
males\sample-016960.mp3,1
males\sample-016965.mp3,1
males\sample-016969.mp3,1
males\sample-016970.mp3,1
males\sample-016971.mp3,1
males\sample-016972.mp3,1
males\sample-016973.mp3,1
males\sample-016979.mp3,1
males\sample-016980.mp3,1
males\sample-016981.mp3,1
males\sample-016983.mp3,1
males\sample-016984.mp3,1
males\sample-016988.mp3,1
males\sample-016989.mp3,1
males\sample-016991.mp3,1
males\sample-016995.mp3,1
males\sample-017003.mp3,1
males\sample-017006.mp3,1
males\sample-017013.mp3,1
males\sample-017015.mp3,1
males\sample-017019.mp3,1
males\sample-017022.mp3,1
males\sample-017023.mp3,1
males\sample-017024.mp3,1
males\sample-017028.mp3,1
males\sample-017031.mp3,1
males\sample-017040.mp3,1
males\sample-017043.mp3,1
males\sample-017058.mp3,1
males\sample-017060.mp3,1
males\sample-017061.mp3,1
males\sample-017066.mp3,1
males\sample-017067.mp3,1
males\sample-017073.mp3,1
males\sample-017091.mp3,1
males\sample-017099.mp3,1
males\sample-017101.mp3,1
males\sample-017107.mp3,1
males\sample-017113.mp3,1
males\sample-017118.mp3,1
males\sample-017120.mp3,1
males\sample-017134.mp3,1
males\sample-017139.mp3,1
males\sample-017140.mp3,1
males\sample-017143.mp3,1
males\sample-017161.mp3,1
males\sample-017172.mp3,1
males\sample-017173.mp3,1
males\sample-017174.mp3,1
males\sample-017177.mp3,1
males\sample-017180.mp3,1
males\sample-017181.mp3,1
males\sample-017185.mp3,1
males\sample-017187.mp3,1
males\sample-017192.mp3,1
males\sample-017204.mp3,1
males\sample-017207.mp3,1
males\sample-017208.mp3,1
males\sample-017213.mp3,1
males\sample-017214.mp3,1
males\sample-017216.mp3,1
males\sample-017219.mp3,1
males\sample-017227.mp3,1
males\sample-017229.mp3,1
males\sample-017235.mp3,1
males\sample-017243.mp3,1
males\sample-017246.mp3,1
males\sample-017251.mp3,1
males\sample-017254.mp3,1
males\sample-017255.mp3,1
males\sample-017259.mp3,1
males\sample-017260.mp3,1
males\sample-017273.mp3,1
males\sample-017274.mp3,1
males\sample-017278.mp3,1
males\sample-017279.mp3,1
males\sample-017285.mp3,1
males\sample-017290.mp3,1
males\sample-017292.mp3,1
males\sample-017302.mp3,1
males\sample-017304.mp3,1
males\sample-017305.mp3,1
males\sample-017309.mp3,1
males\sample-017312.mp3,1
males\sample-017321.mp3,1
males\sample-017323.mp3,1
males\sample-017325.mp3,1
males\sample-017333.mp3,1
males\sample-017335.mp3,1
males\sample-017337.mp3,1
males\sample-017339.mp3,1
males\sample-017344.mp3,1
males\sample-017347.mp3,1
males\sample-017352.mp3,1
males\sample-017355.mp3,1
males\sample-017358.mp3,1
males\sample-017362.mp3,1
males\sample-017374.mp3,1
males\sample-017375.mp3,1
males\sample-017384.mp3,1
males\sample-017394.mp3,1
males\sample-017400.mp3,1
males\sample-017401.mp3,1
males\sample-017404.mp3,1
males\sample-017407.mp3,1
males\sample-017415.mp3,1
males\sample-017420.mp3,1
males\sample-017421.mp3,1
males\sample-017432.mp3,1
males\sample-017433.mp3,1
males\sample-017434.mp3,1
males\sample-017436.mp3,1
males\sample-017440.mp3,1
males\sample-017442.mp3,1
males\sample-017443.mp3,1
males\sample-017455.mp3,1
males\sample-017458.mp3,1
males\sample-017461.mp3,1
males\sample-017462.mp3,1
males\sample-017465.mp3,1
males\sample-017466.mp3,1
males\sample-017468.mp3,1
males\sample-017476.mp3,1
males\sample-017480.mp3,1
males\sample-017482.mp3,1
males\sample-017487.mp3,1
males\sample-017488.mp3,1
males\sample-017492.mp3,1
males\sample-017493.mp3,1
males\sample-017501.mp3,1
males\sample-017505.mp3,1
males\sample-017508.mp3,1
males\sample-017509.mp3,1
males\sample-017517.mp3,1
males\sample-017519.mp3,1
males\sample-017521.mp3,1
males\sample-017522.mp3,1
males\sample-017529.mp3,1
males\sample-017533.mp3,1
males\sample-017536.mp3,1
males\sample-017537.mp3,1
males\sample-017539.mp3,1
males\sample-017546.mp3,1
males\sample-017547.mp3,1
males\sample-017550.mp3,1
males\sample-017558.mp3,1
males\sample-017559.mp3,1
males\sample-017560.mp3,1
males\sample-017570.mp3,1
males\sample-017572.mp3,1
males\sample-017578.mp3,1
males\sample-017581.mp3,1
males\sample-017583.mp3,1
males\sample-017586.mp3,1
males\sample-017591.mp3,1
males\sample-017593.mp3,1
males\sample-017601.mp3,1
males\sample-017605.mp3,1
males\sample-017608.mp3,1
males\sample-017610.mp3,1
males\sample-017611.mp3,1
males\sample-017622.mp3,1
males\sample-017625.mp3,1
males\sample-017627.mp3,1
males\sample-017628.mp3,1
males\sample-017635.mp3,1
males\sample-017644.mp3,1
males\sample-017648.mp3,1
males\sample-017649.mp3,1
males\sample-017651.mp3,1
males\sample-017654.mp3,1
males\sample-017668.mp3,1
males\sample-017669.mp3,1
males\sample-017671.mp3,1
males\sample-017673.mp3,1
males\sample-017677.mp3,1
males\sample-017679.mp3,1
males\sample-017683.mp3,1
males\sample-017692.mp3,1
males\sample-017703.mp3,1
males\sample-017705.mp3,1
males\sample-017709.mp3,1
males\sample-017714.mp3,1
males\sample-017719.mp3,1
males\sample-017721.mp3,1
males\sample-017723.mp3,1
males\sample-017729.mp3,1
males\sample-017731.mp3,1
males\sample-017735.mp3,1
males\sample-017736.mp3,1
males\sample-017740.mp3,1
males\sample-017746.mp3,1
males\sample-017747.mp3,1
males\sample-017752.mp3,1
males\sample-017755.mp3,1
males\sample-017763.mp3,1
males\sample-017765.mp3,1
males\sample-017769.mp3,1
males\sample-017771.mp3,1
males\sample-017775.mp3,1
males\sample-017785.mp3,1
males\sample-017789.mp3,1
males\sample-017794.mp3,1
males\sample-017805.mp3,1
males\sample-017806.mp3,1
males\sample-017812.mp3,1
males\sample-017814.mp3,1
males\sample-017815.mp3,1
males\sample-017827.mp3,1
males\sample-017832.mp3,1
males\sample-017836.mp3,1
males\sample-017837.mp3,1
males\sample-017838.mp3,1
males\sample-017850.mp3,1
males\sample-017851.mp3,1
males\sample-017856.mp3,1
males\sample-017857.mp3,1
males\sample-017858.mp3,1
males\sample-017861.mp3,1
males\sample-017862.mp3,1
males\sample-017865.mp3,1
males\sample-017868.mp3,1
males\sample-017870.mp3,1
males\sample-017873.mp3,1
males\sample-017878.mp3,1
males\sample-017880.mp3,1
males\sample-017881.mp3,1
males\sample-017883.mp3,1
males\sample-017884.mp3,1
males\sample-017891.mp3,1
males\sample-017892.mp3,1
males\sample-017893.mp3,1
males\sample-017895.mp3,1
males\sample-017902.mp3,1
males\sample-017905.mp3,1
males\sample-017909.mp3,1
males\sample-017921.mp3,1
males\sample-017922.mp3,1
males\sample-017925.mp3,1
males\sample-017927.mp3,1
males\sample-017937.mp3,1
males\sample-017938.mp3,1
males\sample-017943.mp3,1
males\sample-017952.mp3,1
males\sample-017953.mp3,1
males\sample-017955.mp3,1
males\sample-017956.mp3,1
males\sample-017960.mp3,1
males\sample-017964.mp3,1
males\sample-017966.mp3,1
males\sample-017972.mp3,1
males\sample-017973.mp3,1
males\sample-017980.mp3,1
males\sample-017983.mp3,1
males\sample-017985.mp3,1
males\sample-017986.mp3,1
males\sample-018000.mp3,1
males\sample-018007.mp3,1
males\sample-018008.mp3,1
males\sample-018010.mp3,1
males\sample-018012.mp3,1
males\sample-018013.mp3,1
males\sample-018017.mp3,1
males\sample-018023.mp3,1
males\sample-018035.mp3,1
males\sample-018047.mp3,1
males\sample-018048.mp3,1
males\sample-018055.mp3,1
males\sample-018061.mp3,1
males\sample-018074.mp3,1
males\sample-018075.mp3,1
males\sample-018078.mp3,1
males\sample-018081.mp3,1
males\sample-018086.mp3,1
males\sample-018092.mp3,1
males\sample-018095.mp3,1
males\sample-018096.mp3,1
males\sample-018107.mp3,1
males\sample-018111.mp3,1
males\sample-018115.mp3,1
males\sample-018118.mp3,1
males\sample-018127.mp3,1
males\sample-018128.mp3,1
males\sample-018129.mp3,1
males\sample-018130.mp3,1
males\sample-018131.mp3,1
males\sample-018132.mp3,1
males\sample-018133.mp3,1
males\sample-018135.mp3,1
males\sample-018136.mp3,1
males\sample-018141.mp3,1
males\sample-018145.mp3,1
males\sample-018148.mp3,1
males\sample-018153.mp3,1
males\sample-018155.mp3,1
males\sample-018157.mp3,1
males\sample-018163.mp3,1
males\sample-018165.mp3,1
males\sample-018171.mp3,1
males\sample-018176.mp3,1
males\sample-018178.mp3,1
males\sample-018184.mp3,1
males\sample-018204.mp3,1
males\sample-018207.mp3,1
males\sample-018208.mp3,1
males\sample-018210.mp3,1
males\sample-018213.mp3,1
males\sample-018214.mp3,1
males\sample-018218.mp3,1
males\sample-018219.mp3,1
males\sample-018220.mp3,1
males\sample-018221.mp3,1
males\sample-018233.mp3,1
males\sample-018238.mp3,1
males\sample-018241.mp3,1
males\sample-018245.mp3,1
males\sample-018248.mp3,1
males\sample-018253.mp3,1
males\sample-018272.mp3,1
males\sample-018273.mp3,1
males\sample-018278.mp3,1
males\sample-018290.mp3,1
males\sample-018301.mp3,1
males\sample-018305.mp3,1
males\sample-018306.mp3,1
males\sample-018310.mp3,1
males\sample-018315.mp3,1
males\sample-018326.mp3,1
males\sample-018327.mp3,1
males\sample-018329.mp3,1
males\sample-018330.mp3,1
males\sample-018336.mp3,1
males\sample-018337.mp3,1
males\sample-018347.mp3,1
males\sample-018348.mp3,1
males\sample-018351.mp3,1
males\sample-018353.mp3,1
males\sample-018357.mp3,1
males\sample-018358.mp3,1
males\sample-018359.mp3,1
males\sample-018361.mp3,1
males\sample-018362.mp3,1
males\sample-018363.mp3,1
males\sample-018372.mp3,1
males\sample-018373.mp3,1
males\sample-018379.mp3,1
males\sample-018386.mp3,1
males\sample-018387.mp3,1
males\sample-018392.mp3,1
males\sample-018393.mp3,1
males\sample-018394.mp3,1
males\sample-018399.mp3,1
males\sample-018400.mp3,1
males\sample-018405.mp3,1
males\sample-018406.mp3,1
males\sample-018411.mp3,1
males\sample-018412.mp3,1
males\sample-018418.mp3,1
males\sample-018419.mp3,1
males\sample-018431.mp3,1
males\sample-018436.mp3,1
males\sample-018446.mp3,1
males\sample-018450.mp3,1
males\sample-018454.mp3,1
males\sample-018457.mp3,1
males\sample-018458.mp3,1
males\sample-018462.mp3,1
males\sample-018463.mp3,1
males\sample-018465.mp3,1
males\sample-018470.mp3,1
males\sample-018471.mp3,1
males\sample-018475.mp3,1
males\sample-018476.mp3,1
males\sample-018479.mp3,1
males\sample-018483.mp3,1
males\sample-018485.mp3,1
males\sample-018486.mp3,1
males\sample-018487.mp3,1
males\sample-018489.mp3,1
males\sample-018491.mp3,1
males\sample-018494.mp3,1
males\sample-018500.mp3,1
males\sample-018504.mp3,1
males\sample-018513.mp3,1
males\sample-018526.mp3,1
males\sample-018528.mp3,1
males\sample-018529.mp3,1
males\sample-018533.mp3,1
males\sample-018538.mp3,1
males\sample-018561.mp3,1
males\sample-018570.mp3,1
males\sample-018574.mp3,1
males\sample-018581.mp3,1
males\sample-018585.mp3,1
males\sample-018586.mp3,1
males\sample-018599.mp3,1
males\sample-018600.mp3,1
males\sample-018601.mp3,1
males\sample-018604.mp3,1
males\sample-018607.mp3,1
males\sample-018608.mp3,1
males\sample-018612.mp3,1
males\sample-018622.mp3,1
males\sample-018625.mp3,1
males\sample-018626.mp3,1
males\sample-018629.mp3,1
males\sample-018630.mp3,1
males\sample-018642.mp3,1
males\sample-018645.mp3,1
males\sample-018647.mp3,1
males\sample-018650.mp3,1
males\sample-018654.mp3,1
males\sample-018655.mp3,1
males\sample-018658.mp3,1
males\sample-018661.mp3,1
males\sample-018666.mp3,1
males\sample-018667.mp3,1
males\sample-018668.mp3,1
males\sample-018670.mp3,1
males\sample-018675.mp3,1
males\sample-018682.mp3,1
males\sample-018686.mp3,1
males\sample-018694.mp3,1
males\sample-018695.mp3,1
males\sample-018698.mp3,1
males\sample-018699.mp3,1
males\sample-018700.mp3,1
males\sample-018701.mp3,1
males\sample-018708.mp3,1
males\sample-018712.mp3,1
males\sample-018713.mp3,1
males\sample-018714.mp3,1
males\sample-018723.mp3,1
males\sample-018724.mp3,1
males\sample-018726.mp3,1
males\sample-018730.mp3,1
males\sample-018739.mp3,1
males\sample-018741.mp3,1
males\sample-018743.mp3,1
males\sample-018748.mp3,1
males\sample-018749.mp3,1
males\sample-018750.mp3,1
males\sample-018752.mp3,1
males\sample-018770.mp3,1
males\sample-018781.mp3,1
males\sample-018784.mp3,1
males\sample-018789.mp3,1
males\sample-018791.mp3,1
males\sample-018792.mp3,1
males\sample-018793.mp3,1
males\sample-018803.mp3,1
males\sample-018808.mp3,1
males\sample-018812.mp3,1
males\sample-018818.mp3,1
males\sample-018819.mp3,1
males\sample-018824.mp3,1
males\sample-018825.mp3,1
males\sample-018827.mp3,1
males\sample-018830.mp3,1
males\sample-018834.mp3,1
males\sample-018835.mp3,1
males\sample-018841.mp3,1
males\sample-018843.mp3,1
males\sample-018846.mp3,1
males\sample-018847.mp3,1
males\sample-018857.mp3,1
males\sample-018861.mp3,1
males\sample-018863.mp3,1
males\sample-018865.mp3,1
males\sample-018867.mp3,1
males\sample-018870.mp3,1
males\sample-018871.mp3,1
males\sample-018875.mp3,1
males\sample-018878.mp3,1
males\sample-018882.mp3,1
males\sample-018891.mp3,1
males\sample-018892.mp3,1
males\sample-018896.mp3,1
males\sample-018898.mp3,1
males\sample-018905.mp3,1
males\sample-018907.mp3,1
males\sample-018908.mp3,1
males\sample-018913.mp3,1
males\sample-018915.mp3,1
males\sample-018916.mp3,1
males\sample-018921.mp3,1
males\sample-018926.mp3,1
males\sample-018929.mp3,1
males\sample-018932.mp3,1
males\sample-018934.mp3,1
males\sample-018939.mp3,1
males\sample-018943.mp3,1
males\sample-018947.mp3,1
males\sample-018952.mp3,1
males\sample-018955.mp3,1
males\sample-018957.mp3,1
males\sample-018958.mp3,1
males\sample-018960.mp3,1
males\sample-018963.mp3,1
males\sample-018964.mp3,1
males\sample-018978.mp3,1
males\sample-018980.mp3,1
males\sample-019004.mp3,1
males\sample-019006.mp3,1
males\sample-019014.mp3,1
males\sample-019018.mp3,1
males\sample-019019.mp3,1
males\sample-019024.mp3,1
males\sample-019028.mp3,1
males\sample-019038.mp3,1
males\sample-019046.mp3,1
males\sample-019049.mp3,1
males\sample-019054.mp3,1
males\sample-019059.mp3,1
males\sample-019060.mp3,1
males\sample-019075.mp3,1
males\sample-019076.mp3,1
males\sample-019077.mp3,1
males\sample-019079.mp3,1
males\sample-019086.mp3,1
males\sample-019090.mp3,1
males\sample-019099.mp3,1
males\sample-019102.mp3,1
males\sample-019111.mp3,1
males\sample-019119.mp3,1
males\sample-019120.mp3,1
males\sample-019121.mp3,1
males\sample-019124.mp3,1
males\sample-019132.mp3,1
males\sample-019134.mp3,1
males\sample-019135.mp3,1
males\sample-019139.mp3,1
males\sample-019144.mp3,1
males\sample-019162.mp3,1
males\sample-019169.mp3,1
males\sample-019175.mp3,1
males\sample-019180.mp3,1
males\sample-019181.mp3,1
males\sample-019183.mp3,1
males\sample-019185.mp3,1
males\sample-019186.mp3,1
males\sample-019192.mp3,1
males\sample-019196.mp3,1
males\sample-019197.mp3,1
males\sample-019198.mp3,1
males\sample-019199.mp3,1
males\sample-019201.mp3,1
males\sample-019206.mp3,1
males\sample-019208.mp3,1
males\sample-019210.mp3,1
males\sample-019213.mp3,1
males\sample-019214.mp3,1
males\sample-019219.mp3,1
males\sample-019225.mp3,1
males\sample-019226.mp3,1
males\sample-019229.mp3,1
males\sample-019241.mp3,1
males\sample-019257.mp3,1
males\sample-019259.mp3,1
males\sample-019261.mp3,1
males\sample-019263.mp3,1
males\sample-019264.mp3,1
males\sample-019269.mp3,1
males\sample-019277.mp3,1
males\sample-019278.mp3,1
males\sample-019280.mp3,1
males\sample-019282.mp3,1
males\sample-019286.mp3,1
males\sample-019288.mp3,1
males\sample-019289.mp3,1
males\sample-019290.mp3,1
males\sample-019296.mp3,1
males\sample-019307.mp3,1
males\sample-019309.mp3,1
males\sample-019315.mp3,1
males\sample-019318.mp3,1
males\sample-019323.mp3,1
males\sample-019332.mp3,1
males\sample-019336.mp3,1
males\sample-019337.mp3,1
males\sample-019341.mp3,1
males\sample-019342.mp3,1
males\sample-019346.mp3,1
males\sample-019356.mp3,1
males\sample-019376.mp3,1
males\sample-019384.mp3,1
males\sample-019386.mp3,1
males\sample-019387.mp3,1
males\sample-019395.mp3,1
males\sample-019400.mp3,1
males\sample-019402.mp3,1
males\sample-019407.mp3,1
males\sample-019415.mp3,1
males\sample-019417.mp3,1
males\sample-019421.mp3,1
males\sample-019422.mp3,1
males\sample-019426.mp3,1
males\sample-019429.mp3,1
males\sample-019430.mp3,1
males\sample-019436.mp3,1
males\sample-019441.mp3,1
males\sample-019447.mp3,1
males\sample-019448.mp3,1
males\sample-019449.mp3,1
males\sample-019451.mp3,1
males\sample-019456.mp3,1
males\sample-019459.mp3,1
males\sample-019463.mp3,1
males\sample-019468.mp3,1
males\sample-019469.mp3,1
males\sample-019471.mp3,1
males\sample-019473.mp3,1
males\sample-019476.mp3,1
males\sample-019486.mp3,1
males\sample-019487.mp3,1
males\sample-019488.mp3,1
males\sample-019490.mp3,1
males\sample-019493.mp3,1
males\sample-019508.mp3,1
males\sample-019509.mp3,1
males\sample-019512.mp3,1
males\sample-019513.mp3,1
males\sample-019520.mp3,1
males\sample-019523.mp3,1
males\sample-019525.mp3,1
males\sample-019528.mp3,1
males\sample-019530.mp3,1
males\sample-019532.mp3,1
males\sample-019534.mp3,1
males\sample-019540.mp3,1
males\sample-019543.mp3,1
males\sample-019549.mp3,1
males\sample-019552.mp3,1
males\sample-019559.mp3,1
males\sample-019562.mp3,1
males\sample-019564.mp3,1
males\sample-019566.mp3,1
males\sample-019570.mp3,1
males\sample-019573.mp3,1
males\sample-019574.mp3,1
males\sample-019577.mp3,1
males\sample-019580.mp3,1
males\sample-019590.mp3,1
males\sample-019599.mp3,1
males\sample-019606.mp3,1
males\sample-019613.mp3,1
males\sample-019614.mp3,1
males\sample-019616.mp3,1
males\sample-019617.mp3,1
males\sample-019622.mp3,1
males\sample-019629.mp3,1
males\sample-019634.mp3,1
males\sample-019642.mp3,1
males\sample-019652.mp3,1
males\sample-019653.mp3,1
males\sample-019654.mp3,1
males\sample-019657.mp3,1
males\sample-019660.mp3,1
males\sample-019661.mp3,1
males\sample-019663.mp3,1
males\sample-019681.mp3,1
males\sample-019685.mp3,1
males\sample-019688.mp3,1
males\sample-019690.mp3,1
males\sample-019691.mp3,1
males\sample-019701.mp3,1
males\sample-019702.mp3,1
males\sample-019704.mp3,1
males\sample-019707.mp3,1
males\sample-019714.mp3,1
males\sample-019717.mp3,1
males\sample-019720.mp3,1
males\sample-019726.mp3,1
males\sample-019727.mp3,1
males\sample-019730.mp3,1
males\sample-019738.mp3,1
males\sample-019740.mp3,1
males\sample-019744.mp3,1
males\sample-019765.mp3,1
males\sample-019767.mp3,1
males\sample-019774.mp3,1
males\sample-019776.mp3,1
males\sample-019777.mp3,1
males\sample-019786.mp3,1
males\sample-019787.mp3,1
males\sample-019788.mp3,1
males\sample-019789.mp3,1
males\sample-019790.mp3,1
males\sample-019794.mp3,1
males\sample-019795.mp3,1
males\sample-019800.mp3,1
males\sample-019803.mp3,1
males\sample-019804.mp3,1
males\sample-019806.mp3,1
males\sample-019807.mp3,1
males\sample-019821.mp3,1
males\sample-019822.mp3,1
males\sample-019824.mp3,1
males\sample-019825.mp3,1
males\sample-019828.mp3,1
males\sample-019836.mp3,1
males\sample-019839.mp3,1
males\sample-019844.mp3,1
males\sample-019853.mp3,1
males\sample-019854.mp3,1
males\sample-019855.mp3,1
males\sample-019859.mp3,1
males\sample-019862.mp3,1
males\sample-019863.mp3,1
males\sample-019864.mp3,1
males\sample-019865.mp3,1
males\sample-019866.mp3,1
males\sample-019867.mp3,1
males\sample-019870.mp3,1
males\sample-019872.mp3,1
males\sample-019876.mp3,1
males\sample-019877.mp3,1
males\sample-019879.mp3,1
males\sample-019880.mp3,1
males\sample-019892.mp3,1
males\sample-019898.mp3,1
males\sample-019902.mp3,1
males\sample-019904.mp3,1
males\sample-019909.mp3,1
males\sample-019911.mp3,1
males\sample-019912.mp3,1
males\sample-019917.mp3,1
males\sample-019918.mp3,1
males\sample-019919.mp3,1
males\sample-019923.mp3,1
males\sample-019930.mp3,1
males\sample-019933.mp3,1
males\sample-019935.mp3,1
males\sample-019939.mp3,1
males\sample-019940.mp3,1
males\sample-019943.mp3,1
males\sample-019949.mp3,1
males\sample-019955.mp3,1
males\sample-019956.mp3,1
males\sample-019958.mp3,1
males\sample-019962.mp3,1
males\sample-019969.mp3,1
males\sample-019970.mp3,1
males\sample-019971.mp3,1
males\sample-019972.mp3,1
males\sample-019975.mp3,1
males\sample-019977.mp3,1
males\sample-019978.mp3,1
males\sample-019983.mp3,1
males\sample-019985.mp3,1
males\sample-019987.mp3,1
males\sample-019988.mp3,1
males\sample-019990.mp3,1
males\sample-019991.mp3,1
males\sample-019992.mp3,1
males\sample-019993.mp3,1
males\sample-019994.mp3,1
males\sample-019996.mp3,1
males\sample-019997.mp3,1
males\sample-019998.mp3,1
males\sample-019999.mp3,1
males\sample-020000.mp3,1
males\sample-020007.mp3,1
males\sample-020017.mp3,1
males\sample-020033.mp3,1
males\sample-020040.mp3,1
males\sample-020041.mp3,1
males\sample-020050.mp3,1
males\sample-020052.mp3,1
males\sample-020054.mp3,1
males\sample-020063.mp3,1
males\sample-020071.mp3,1
males\sample-020087.mp3,1
males\sample-020089.mp3,1
males\sample-020095.mp3,1
males\sample-020107.mp3,1
males\sample-020108.mp3,1
males\sample-020112.mp3,1
males\sample-020115.mp3,1
males\sample-020120.mp3,1
males\sample-020124.mp3,1
males\sample-020136.mp3,1
males\sample-020141.mp3,1
males\sample-020146.mp3,1
males\sample-020147.mp3,1
males\sample-020155.mp3,1
males\sample-020156.mp3,1
males\sample-020161.mp3,1
males\sample-020165.mp3,1
males\sample-020167.mp3,1
males\sample-020170.mp3,1
males\sample-020176.mp3,1
males\sample-020177.mp3,1
males\sample-020178.mp3,1
males\sample-020180.mp3,1
males\sample-020186.mp3,1
males\sample-020189.mp3,1
males\sample-020192.mp3,1
males\sample-020196.mp3,1
males\sample-020217.mp3,1
males\sample-020228.mp3,1
males\sample-020233.mp3,1
males\sample-020239.mp3,1
males\sample-020242.mp3,1
males\sample-020243.mp3,1
males\sample-020245.mp3,1
males\sample-020248.mp3,1
males\sample-020250.mp3,1
males\sample-020255.mp3,1
males\sample-020260.mp3,1
males\sample-020265.mp3,1
males\sample-020266.mp3,1
males\sample-020267.mp3,1
males\sample-020270.mp3,1
males\sample-020271.mp3,1
males\sample-020284.mp3,1
males\sample-020289.mp3,1
males\sample-020298.mp3,1
males\sample-020305.mp3,1
males\sample-020306.mp3,1
males\sample-020309.mp3,1
males\sample-020310.mp3,1
males\sample-020312.mp3,1
males\sample-020313.mp3,1
males\sample-020315.mp3,1
males\sample-020318.mp3,1
males\sample-020319.mp3,1
males\sample-020321.mp3,1
males\sample-020331.mp3,1
males\sample-020344.mp3,1
males\sample-020351.mp3,1
males\sample-020352.mp3,1
males\sample-020355.mp3,1
males\sample-020362.mp3,1
males\sample-020363.mp3,1
males\sample-020369.mp3,1
males\sample-020371.mp3,1
males\sample-020378.mp3,1
males\sample-020385.mp3,1
males\sample-020387.mp3,1
males\sample-020390.mp3,1
males\sample-020398.mp3,1
males\sample-020399.mp3,1
males\sample-020409.mp3,1
males\sample-020415.mp3,1
males\sample-020417.mp3,1
males\sample-020423.mp3,1
males\sample-020427.mp3,1
males\sample-020429.mp3,1
males\sample-020430.mp3,1
males\sample-020432.mp3,1
males\sample-020444.mp3,1
males\sample-020446.mp3,1
males\sample-020457.mp3,1
males\sample-020458.mp3,1
males\sample-020459.mp3,1
males\sample-020463.mp3,1
males\sample-020465.mp3,1
males\sample-020474.mp3,1
males\sample-020475.mp3,1
males\sample-020482.mp3,1
males\sample-020484.mp3,1
males\sample-020485.mp3,1
males\sample-020486.mp3,1
males\sample-020493.mp3,1
males\sample-020494.mp3,1
males\sample-020501.mp3,1
males\sample-020502.mp3,1
males\sample-020504.mp3,1
males\sample-020508.mp3,1
males\sample-020511.mp3,1
males\sample-020512.mp3,1
males\sample-020519.mp3,1
males\sample-020521.mp3,1
males\sample-020525.mp3,1
males\sample-020532.mp3,1
males\sample-020544.mp3,1
males\sample-020548.mp3,1
males\sample-020552.mp3,1
males\sample-020561.mp3,1
males\sample-020562.mp3,1
males\sample-020569.mp3,1
males\sample-020571.mp3,1
males\sample-020574.mp3,1
males\sample-020576.mp3,1
males\sample-020581.mp3,1
males\sample-020586.mp3,1
males\sample-020589.mp3,1
males\sample-020593.mp3,1
males\sample-020603.mp3,1
males\sample-020604.mp3,1
males\sample-020611.mp3,1
males\sample-020614.mp3,1
males\sample-020620.mp3,1
males\sample-020627.mp3,1
males\sample-020628.mp3,1
males\sample-020629.mp3,1
males\sample-020631.mp3,1
males\sample-020634.mp3,1
males\sample-020637.mp3,1
males\sample-020643.mp3,1
males\sample-020647.mp3,1
males\sample-020652.mp3,1
males\sample-020653.mp3,1
males\sample-020661.mp3,1
males\sample-020670.mp3,1
males\sample-020673.mp3,1
males\sample-020676.mp3,1
males\sample-020681.mp3,1
males\sample-020682.mp3,1
males\sample-020684.mp3,1
males\sample-020685.mp3,1
males\sample-020687.mp3,1
males\sample-020691.mp3,1
males\sample-020697.mp3,1
males\sample-020703.mp3,1
males\sample-020705.mp3,1
males\sample-020708.mp3,1
males\sample-020713.mp3,1
males\sample-020717.mp3,1
males\sample-020719.mp3,1
males\sample-020722.mp3,1
males\sample-020730.mp3,1
males\sample-020733.mp3,1
males\sample-020734.mp3,1
males\sample-020739.mp3,1
males\sample-020747.mp3,1
males\sample-020749.mp3,1
males\sample-020751.mp3,1
males\sample-020752.mp3,1
males\sample-020753.mp3,1
males\sample-020759.mp3,1
males\sample-020762.mp3,1
males\sample-020766.mp3,1
males\sample-020767.mp3,1
males\sample-020781.mp3,1
males\sample-020785.mp3,1
males\sample-020788.mp3,1
males\sample-020793.mp3,1
males\sample-020802.mp3,1
males\sample-020803.mp3,1
males\sample-020806.mp3,1
males\sample-020808.mp3,1
males\sample-020811.mp3,1
males\sample-020812.mp3,1
males\sample-020840.mp3,1
males\sample-020846.mp3,1
males\sample-020849.mp3,1
males\sample-020863.mp3,1
males\sample-020866.mp3,1
males\sample-020873.mp3,1
males\sample-020889.mp3,1
males\sample-020893.mp3,1
males\sample-020896.mp3,1
males\sample-020901.mp3,1
males\sample-020914.mp3,1
males\sample-020919.mp3,1
males\sample-020922.mp3,1
males\sample-020926.mp3,1
males\sample-020927.mp3,1
males\sample-020929.mp3,1
males\sample-020932.mp3,1
males\sample-020936.mp3,1
males\sample-020941.mp3,1
males\sample-020942.mp3,1
males\sample-020960.mp3,1
males\sample-020965.mp3,1
males\sample-020971.mp3,1
males\sample-020978.mp3,1
males\sample-020981.mp3,1
males\sample-020986.mp3,1
males\sample-020987.mp3,1
males\sample-020989.mp3,1
males\sample-020990.mp3,1
males\sample-020992.mp3,1
males\sample-020993.mp3,1
males\sample-020996.mp3,1
males\sample-021007.mp3,1
males\sample-021008.mp3,1
males\sample-021012.mp3,1
males\sample-021019.mp3,1
males\sample-021024.mp3,1
males\sample-021025.mp3,1
males\sample-021034.mp3,1
males\sample-021035.mp3,1
males\sample-021039.mp3,1
males\sample-021047.mp3,1
males\sample-021049.mp3,1
males\sample-021072.mp3,1
males\sample-021077.mp3,1
males\sample-021078.mp3,1
males\sample-021092.mp3,1
males\sample-021098.mp3,1
males\sample-021100.mp3,1
males\sample-021102.mp3,1
males\sample-021103.mp3,1
males\sample-021110.mp3,1
males\sample-021111.mp3,1
males\sample-021114.mp3,1
males\sample-021116.mp3,1
males\sample-021125.mp3,1
males\sample-021129.mp3,1
males\sample-021140.mp3,1
males\sample-021151.mp3,1
males\sample-021152.mp3,1
males\sample-021154.mp3,1
males\sample-021163.mp3,1
males\sample-021165.mp3,1
males\sample-021169.mp3,1
males\sample-021171.mp3,1
males\sample-021179.mp3,1
males\sample-021182.mp3,1
males\sample-021187.mp3,1
males\sample-021191.mp3,1
males\sample-021194.mp3,1
males\sample-021198.mp3,1
males\sample-021202.mp3,1
males\sample-021210.mp3,1
males\sample-021212.mp3,1
males\sample-021213.mp3,1
males\sample-021221.mp3,1
males\sample-021233.mp3,1
males\sample-021237.mp3,1
males\sample-021238.mp3,1
males\sample-021239.mp3,1
males\sample-021242.mp3,1
males\sample-021244.mp3,1
males\sample-021245.mp3,1
males\sample-021248.mp3,1
males\sample-021250.mp3,1
males\sample-021252.mp3,1
males\sample-021257.mp3,1
males\sample-021260.mp3,1
males\sample-021264.mp3,1
males\sample-021268.mp3,1
males\sample-021269.mp3,1
males\sample-021278.mp3,1
males\sample-021279.mp3,1
males\sample-021287.mp3,1
males\sample-021290.mp3,1
males\sample-021295.mp3,1
males\sample-021296.mp3,1
males\sample-021297.mp3,1
males\sample-021302.mp3,1
males\sample-021309.mp3,1
males\sample-021313.mp3,1
males\sample-021319.mp3,1
males\sample-021320.mp3,1
males\sample-021325.mp3,1
males\sample-021333.mp3,1
males\sample-021334.mp3,1
males\sample-021335.mp3,1
males\sample-021341.mp3,1
males\sample-021343.mp3,1
males\sample-021344.mp3,1
males\sample-021346.mp3,1
males\sample-021347.mp3,1
males\sample-021349.mp3,1
males\sample-021352.mp3,1
males\sample-021354.mp3,1
males\sample-021355.mp3,1
males\sample-021358.mp3,1
males\sample-021361.mp3,1
males\sample-021366.mp3,1
males\sample-021367.mp3,1
males\sample-021376.mp3,1
males\sample-021380.mp3,1
males\sample-021392.mp3,1
males\sample-021400.mp3,1
males\sample-021407.mp3,1
males\sample-021408.mp3,1
males\sample-021413.mp3,1
males\sample-021416.mp3,1
males\sample-021425.mp3,1
males\sample-021427.mp3,1
males\sample-021428.mp3,1
males\sample-021435.mp3,1
males\sample-021441.mp3,1
males\sample-021447.mp3,1
males\sample-021448.mp3,1
males\sample-021449.mp3,1
males\sample-021450.mp3,1
males\sample-021458.mp3,1
males\sample-021459.mp3,1
males\sample-021460.mp3,1
males\sample-021467.mp3,1
males\sample-021472.mp3,1
males\sample-021475.mp3,1
males\sample-021479.mp3,1
males\sample-021481.mp3,1
males\sample-021482.mp3,1
males\sample-021485.mp3,1
males\sample-021492.mp3,1
males\sample-021496.mp3,1
males\sample-021499.mp3,1
males\sample-021501.mp3,1
males\sample-021502.mp3,1
males\sample-021503.mp3,1
males\sample-021508.mp3,1
males\sample-021510.mp3,1
males\sample-021512.mp3,1
males\sample-021517.mp3,1
males\sample-021519.mp3,1
males\sample-021523.mp3,1
males\sample-021530.mp3,1
males\sample-021535.mp3,1
males\sample-021541.mp3,1
males\sample-021549.mp3,1
males\sample-021552.mp3,1
males\sample-021563.mp3,1
males\sample-021574.mp3,1
males\sample-021578.mp3,1
males\sample-021581.mp3,1
males\sample-021583.mp3,1
males\sample-021584.mp3,1
males\sample-021594.mp3,1
males\sample-021597.mp3,1
males\sample-021600.mp3,1
males\sample-021601.mp3,1
males\sample-021605.mp3,1
males\sample-021609.mp3,1
males\sample-021610.mp3,1
males\sample-021612.mp3,1
males\sample-021627.mp3,1
males\sample-021633.mp3,1
males\sample-021639.mp3,1
males\sample-021640.mp3,1
males\sample-021642.mp3,1
males\sample-021658.mp3,1
males\sample-021668.mp3,1
males\sample-021669.mp3,1
males\sample-021672.mp3,1
males\sample-021674.mp3,1
males\sample-021677.mp3,1
males\sample-021683.mp3,1
males\sample-021686.mp3,1
males\sample-021689.mp3,1
males\sample-021692.mp3,1
males\sample-021696.mp3,1
males\sample-021704.mp3,1
males\sample-021705.mp3,1
males\sample-021711.mp3,1
males\sample-021717.mp3,1
males\sample-021718.mp3,1
males\sample-021721.mp3,1
males\sample-021723.mp3,1
males\sample-021728.mp3,1
males\sample-021729.mp3,1
males\sample-021730.mp3,1
males\sample-021733.mp3,1
males\sample-021735.mp3,1
males\sample-021738.mp3,1
males\sample-021743.mp3,1
males\sample-021744.mp3,1
males\sample-021745.mp3,1
males\sample-021749.mp3,1
males\sample-021751.mp3,1
males\sample-021756.mp3,1
males\sample-021760.mp3,1
males\sample-021766.mp3,1
males\sample-021773.mp3,1
males\sample-021774.mp3,1
males\sample-021785.mp3,1
males\sample-021786.mp3,1
males\sample-021787.mp3,1
males\sample-021793.mp3,1
males\sample-021804.mp3,1
males\sample-021806.mp3,1
males\sample-021807.mp3,1
males\sample-021808.mp3,1
males\sample-021817.mp3,1
males\sample-021820.mp3,1
males\sample-021821.mp3,1
males\sample-021825.mp3,1
males\sample-021830.mp3,1
males\sample-021831.mp3,1
males\sample-021833.mp3,1
males\sample-021835.mp3,1
males\sample-021842.mp3,1
males\sample-021856.mp3,1
males\sample-021865.mp3,1
males\sample-021866.mp3,1
males\sample-021871.mp3,1
males\sample-021876.mp3,1
males\sample-021877.mp3,1
males\sample-021879.mp3,1
males\sample-021887.mp3,1
males\sample-021891.mp3,1
males\sample-021900.mp3,1
males\sample-021907.mp3,1
males\sample-021913.mp3,1
males\sample-021917.mp3,1
males\sample-021919.mp3,1
males\sample-021920.mp3,1
males\sample-021921.mp3,1
males\sample-021926.mp3,1
males\sample-021941.mp3,1
males\sample-021942.mp3,1
males\sample-021963.mp3,1
males\sample-021964.mp3,1
males\sample-021977.mp3,1
males\sample-021979.mp3,1
males\sample-021980.mp3,1
males\sample-021982.mp3,1
males\sample-021991.mp3,1
males\sample-021994.mp3,1
males\sample-021996.mp3,1
males\sample-021997.mp3,1
males\sample-022004.mp3,1
males\sample-022009.mp3,1
males\sample-022012.mp3,1
males\sample-022013.mp3,1
males\sample-022014.mp3,1
males\sample-022020.mp3,1
males\sample-022022.mp3,1
males\sample-022031.mp3,1
males\sample-022034.mp3,1
males\sample-022037.mp3,1
males\sample-022038.mp3,1
males\sample-022041.mp3,1
males\sample-022042.mp3,1
males\sample-022043.mp3,1
males\sample-022046.mp3,1
males\sample-022048.mp3,1
males\sample-022049.mp3,1
males\sample-022052.mp3,1
males\sample-022055.mp3,1
males\sample-022057.mp3,1
males\sample-022058.mp3,1
males\sample-022063.mp3,1
males\sample-022065.mp3,1
males\sample-022069.mp3,1
males\sample-022072.mp3,1
males\sample-022073.mp3,1
males\sample-022079.mp3,1
males\sample-022082.mp3,1
males\sample-022085.mp3,1
males\sample-022089.mp3,1
males\sample-022091.mp3,1
males\sample-022093.mp3,1
males\sample-022096.mp3,1
males\sample-022101.mp3,1
males\sample-022107.mp3,1
males\sample-022110.mp3,1
males\sample-022125.mp3,1
males\sample-022127.mp3,1
males\sample-022130.mp3,1
males\sample-022131.mp3,1
males\sample-022132.mp3,1
males\sample-022149.mp3,1
males\sample-022152.mp3,1
males\sample-022155.mp3,1
males\sample-022160.mp3,1
males\sample-022165.mp3,1
males\sample-022167.mp3,1
males\sample-022172.mp3,1
males\sample-022180.mp3,1
males\sample-022190.mp3,1
males\sample-022197.mp3,1
males\sample-022201.mp3,1
males\sample-022202.mp3,1
males\sample-022207.mp3,1
males\sample-022211.mp3,1
males\sample-022224.mp3,1
males\sample-022227.mp3,1
males\sample-022237.mp3,1
males\sample-022247.mp3,1
males\sample-022248.mp3,1
males\sample-022249.mp3,1
males\sample-022251.mp3,1
males\sample-022254.mp3,1
males\sample-022255.mp3,1
males\sample-022263.mp3,1
males\sample-022266.mp3,1
males\sample-022269.mp3,1
males\sample-022275.mp3,1
males\sample-022277.mp3,1
males\sample-022279.mp3,1
males\sample-022289.mp3,1
males\sample-022292.mp3,1
males\sample-022297.mp3,1
males\sample-022298.mp3,1
males\sample-022301.mp3,1
males\sample-022302.mp3,1
males\sample-022304.mp3,1
males\sample-022307.mp3,1
males\sample-022314.mp3,1
males\sample-022315.mp3,1
males\sample-022318.mp3,1
males\sample-022321.mp3,1
males\sample-022324.mp3,1
males\sample-022331.mp3,1
males\sample-022333.mp3,1
males\sample-022343.mp3,1
males\sample-022344.mp3,1
males\sample-022348.mp3,1
males\sample-022349.mp3,1
males\sample-022352.mp3,1
males\sample-022356.mp3,1
males\sample-022359.mp3,1
males\sample-022361.mp3,1
males\sample-022367.mp3,1
males\sample-022368.mp3,1
males\sample-022384.mp3,1
males\sample-022385.mp3,1
males\sample-022386.mp3,1
males\sample-022391.mp3,1
males\sample-022395.mp3,1
males\sample-022397.mp3,1
males\sample-022401.mp3,1
males\sample-022402.mp3,1
males\sample-022407.mp3,1
males\sample-022412.mp3,1
males\sample-022420.mp3,1
males\sample-022424.mp3,1
males\sample-022429.mp3,1
males\sample-022436.mp3,1
males\sample-022437.mp3,1
males\sample-022441.mp3,1
males\sample-022460.mp3,1
males\sample-022462.mp3,1
males\sample-022465.mp3,1
males\sample-022472.mp3,1
males\sample-022473.mp3,1
males\sample-022480.mp3,1
males\sample-022492.mp3,1
males\sample-022498.mp3,1
males\sample-022505.mp3,1
males\sample-022506.mp3,1
males\sample-022508.mp3,1
males\sample-022516.mp3,1
males\sample-022519.mp3,1
males\sample-022520.mp3,1
males\sample-022522.mp3,1
males\sample-022526.mp3,1
males\sample-022532.mp3,1
males\sample-022538.mp3,1
males\sample-022541.mp3,1
males\sample-022542.mp3,1
males\sample-022554.mp3,1
males\sample-022556.mp3,1
males\sample-022557.mp3,1
males\sample-022559.mp3,1
males\sample-022560.mp3,1
males\sample-022567.mp3,1
males\sample-022573.mp3,1
males\sample-022583.mp3,1
males\sample-022588.mp3,1
males\sample-022590.mp3,1
males\sample-022593.mp3,1
males\sample-022595.mp3,1
males\sample-022611.mp3,1
males\sample-022612.mp3,1
males\sample-022613.mp3,1
males\sample-022620.mp3,1
males\sample-022627.mp3,1
males\sample-022631.mp3,1
males\sample-022636.mp3,1
males\sample-022638.mp3,1
males\sample-022640.mp3,1
males\sample-022644.mp3,1
males\sample-022645.mp3,1
males\sample-022647.mp3,1
males\sample-022653.mp3,1
males\sample-022654.mp3,1
males\sample-022659.mp3,1
males\sample-022662.mp3,1
males\sample-022663.mp3,1
males\sample-022664.mp3,1
males\sample-022674.mp3,1
males\sample-022676.mp3,1
males\sample-022677.mp3,1
males\sample-022680.mp3,1
males\sample-022682.mp3,1
males\sample-022683.mp3,1
males\sample-022685.mp3,1
males\sample-022692.mp3,1
males\sample-022693.mp3,1
males\sample-022697.mp3,1
males\sample-022700.mp3,1
males\sample-022704.mp3,1
males\sample-022706.mp3,1
males\sample-022710.mp3,1
males\sample-022714.mp3,1
males\sample-022717.mp3,1
males\sample-022719.mp3,1
males\sample-022722.mp3,1
males\sample-022723.mp3,1
males\sample-022724.mp3,1
males\sample-022725.mp3,1
males\sample-022727.mp3,1
males\sample-022731.mp3,1
males\sample-022732.mp3,1
males\sample-022735.mp3,1
males\sample-022736.mp3,1
males\sample-022737.mp3,1
males\sample-022744.mp3,1
males\sample-022746.mp3,1
males\sample-022750.mp3,1
males\sample-022759.mp3,1
males\sample-022766.mp3,1
males\sample-022768.mp3,1
males\sample-022771.mp3,1
males\sample-022775.mp3,1
males\sample-022779.mp3,1
males\sample-022785.mp3,1
males\sample-022800.mp3,1
males\sample-022803.mp3,1
males\sample-022818.mp3,1
males\sample-022824.mp3,1
males\sample-022831.mp3,1
males\sample-022854.mp3,1
males\sample-022862.mp3,1
males\sample-022863.mp3,1
males\sample-022864.mp3,1
males\sample-022868.mp3,1
males\sample-022870.mp3,1
males\sample-022871.mp3,1
males\sample-022876.mp3,1
males\sample-022877.mp3,1
males\sample-022882.mp3,1
males\sample-022885.mp3,1
males\sample-022888.mp3,1
males\sample-022890.mp3,1
males\sample-022897.mp3,1
males\sample-022898.mp3,1
males\sample-022899.mp3,1
males\sample-022901.mp3,1
males\sample-022906.mp3,1
males\sample-022907.mp3,1
males\sample-022909.mp3,1
males\sample-022911.mp3,1
males\sample-022915.mp3,1
males\sample-022917.mp3,1
males\sample-022919.mp3,1
males\sample-022929.mp3,1
males\sample-022931.mp3,1
males\sample-022933.mp3,1
males\sample-022935.mp3,1
males\sample-022937.mp3,1
males\sample-022939.mp3,1
males\sample-022941.mp3,1
males\sample-022942.mp3,1
males\sample-022944.mp3,1
males\sample-022945.mp3,1
males\sample-022953.mp3,1
males\sample-022954.mp3,1
males\sample-022965.mp3,1
males\sample-022967.mp3,1
males\sample-022968.mp3,1
males\sample-022970.mp3,1
males\sample-022974.mp3,1
males\sample-022975.mp3,1
males\sample-022981.mp3,1
males\sample-022986.mp3,1
males\sample-022987.mp3,1
males\sample-022989.mp3,1
males\sample-022997.mp3,1
males\sample-023001.mp3,1
males\sample-023002.mp3,1
males\sample-023004.mp3,1
males\sample-023005.mp3,1
males\sample-023007.mp3,1
males\sample-023008.mp3,1
males\sample-023012.mp3,1
males\sample-023021.mp3,1
males\sample-023029.mp3,1
males\sample-023030.mp3,1
males\sample-023032.mp3,1
males\sample-023034.mp3,1
males\sample-023040.mp3,1
males\sample-023041.mp3,1
males\sample-023047.mp3,1
males\sample-023049.mp3,1
males\sample-023056.mp3,1
males\sample-023061.mp3,1
males\sample-023071.mp3,1
males\sample-023073.mp3,1
males\sample-023077.mp3,1
males\sample-023086.mp3,1
males\sample-023088.mp3,1
males\sample-023089.mp3,1
males\sample-023093.mp3,1
males\sample-023095.mp3,1
males\sample-023097.mp3,1
males\sample-023099.mp3,1
males\sample-023100.mp3,1
males\sample-023108.mp3,1
males\sample-023109.mp3,1
males\sample-023112.mp3,1
males\sample-023116.mp3,1
males\sample-023118.mp3,1
males\sample-023125.mp3,1
males\sample-023129.mp3,1
males\sample-023138.mp3,1
males\sample-023144.mp3,1
males\sample-023153.mp3,1
males\sample-023163.mp3,1
males\sample-023183.mp3,1
males\sample-023188.mp3,1
males\sample-023192.mp3,1
males\sample-023193.mp3,1
males\sample-023195.mp3,1
males\sample-023197.mp3,1
males\sample-023203.mp3,1
males\sample-023204.mp3,1
males\sample-023205.mp3,1
males\sample-023213.mp3,1
males\sample-023221.mp3,1
males\sample-023225.mp3,1
males\sample-023226.mp3,1
males\sample-023231.mp3,1
males\sample-023236.mp3,1
males\sample-023238.mp3,1
males\sample-023241.mp3,1
males\sample-023245.mp3,1
males\sample-023248.mp3,1
males\sample-023250.mp3,1
males\sample-023252.mp3,1
males\sample-023258.mp3,1
males\sample-023261.mp3,1
males\sample-023263.mp3,1
males\sample-023265.mp3,1
males\sample-023268.mp3,1
males\sample-023270.mp3,1
males\sample-023273.mp3,1
males\sample-023276.mp3,1
males\sample-023278.mp3,1
males\sample-023289.mp3,1
males\sample-023298.mp3,1
males\sample-023302.mp3,1
males\sample-023305.mp3,1
males\sample-023312.mp3,1
males\sample-023320.mp3,1
males\sample-023322.mp3,1
males\sample-023336.mp3,1
males\sample-023342.mp3,1
males\sample-023343.mp3,1
males\sample-023348.mp3,1
males\sample-023359.mp3,1
males\sample-023378.mp3,1
males\sample-023381.mp3,1
males\sample-023392.mp3,1
males\sample-023395.mp3,1
males\sample-023398.mp3,1
males\sample-023407.mp3,1
males\sample-023413.mp3,1
males\sample-023414.mp3,1
males\sample-023422.mp3,1
males\sample-023426.mp3,1
males\sample-023435.mp3,1
males\sample-023436.mp3,1
males\sample-023441.mp3,1
males\sample-023447.mp3,1
males\sample-023451.mp3,1
males\sample-023454.mp3,1
males\sample-023461.mp3,1
males\sample-023462.mp3,1
males\sample-023467.mp3,1
males\sample-023474.mp3,1
males\sample-023475.mp3,1
males\sample-023478.mp3,1
males\sample-023481.mp3,1
males\sample-023482.mp3,1
males\sample-023483.mp3,1
males\sample-023488.mp3,1
males\sample-023491.mp3,1
males\sample-023495.mp3,1
males\sample-023501.mp3,1
males\sample-023502.mp3,1
males\sample-023504.mp3,1
males\sample-023508.mp3,1
males\sample-023510.mp3,1
males\sample-023512.mp3,1
males\sample-023521.mp3,1
males\sample-023525.mp3,1
males\sample-023526.mp3,1
males\sample-023527.mp3,1
males\sample-023530.mp3,1
males\sample-023533.mp3,1
males\sample-023535.mp3,1
males\sample-023542.mp3,1
males\sample-023549.mp3,1
males\sample-023558.mp3,1
males\sample-023568.mp3,1
males\sample-023571.mp3,1
males\sample-023583.mp3,1
males\sample-023589.mp3,1
males\sample-023591.mp3,1
males\sample-023597.mp3,1
males\sample-023602.mp3,1
males\sample-023603.mp3,1
males\sample-023606.mp3,1
males\sample-023618.mp3,1
males\sample-023620.mp3,1
males\sample-023624.mp3,1
males\sample-023625.mp3,1
males\sample-023630.mp3,1
males\sample-023632.mp3,1
males\sample-023634.mp3,1
males\sample-023636.mp3,1
males\sample-023639.mp3,1
males\sample-023648.mp3,1
males\sample-023650.mp3,1
males\sample-023651.mp3,1
males\sample-023656.mp3,1
males\sample-023664.mp3,1
males\sample-023674.mp3,1
males\sample-023676.mp3,1
males\sample-023683.mp3,1
males\sample-023693.mp3,1
males\sample-023699.mp3,1
males\sample-023700.mp3,1
males\sample-023703.mp3,1
males\sample-023705.mp3,1
males\sample-023706.mp3,1
males\sample-023712.mp3,1
males\sample-023713.mp3,1
males\sample-023714.mp3,1
males\sample-023718.mp3,1
males\sample-023721.mp3,1
males\sample-023725.mp3,1
males\sample-023727.mp3,1
males\sample-023729.mp3,1
males\sample-023732.mp3,1
males\sample-023733.mp3,1
males\sample-023734.mp3,1
males\sample-023736.mp3,1
males\sample-023740.mp3,1
males\sample-023744.mp3,1
males\sample-023753.mp3,1
males\sample-023760.mp3,1
males\sample-023766.mp3,1
males\sample-023768.mp3,1
males\sample-023775.mp3,1
males\sample-023776.mp3,1
males\sample-023778.mp3,1
males\sample-023783.mp3,1
males\sample-023793.mp3,1
males\sample-023800.mp3,1
males\sample-023803.mp3,1
males\sample-023804.mp3,1
males\sample-023806.mp3,1
males\sample-023807.mp3,1
males\sample-023809.mp3,1
males\sample-023814.mp3,1
males\sample-023816.mp3,1
males\sample-023823.mp3,1
males\sample-023824.mp3,1
males\sample-023825.mp3,1
males\sample-023828.mp3,1
males\sample-023838.mp3,1
males\sample-023840.mp3,1
males\sample-023842.mp3,1
males\sample-023850.mp3,1
males\sample-023856.mp3,1
males\sample-023861.mp3,1
males\sample-023867.mp3,1
males\sample-023878.mp3,1
males\sample-023883.mp3,1
males\sample-023886.mp3,1
males\sample-023887.mp3,1
males\sample-023888.mp3,1
males\sample-023892.mp3,1
males\sample-023893.mp3,1
males\sample-023900.mp3,1
males\sample-023911.mp3,1
males\sample-023919.mp3,1
males\sample-023923.mp3,1
males\sample-023933.mp3,1
males\sample-023934.mp3,1
males\sample-023945.mp3,1
males\sample-023955.mp3,1
males\sample-023956.mp3,1
males\sample-023957.mp3,1
males\sample-023960.mp3,1
males\sample-023961.mp3,1
males\sample-023963.mp3,1
males\sample-023965.mp3,1
males\sample-023973.mp3,1
males\sample-023974.mp3,1
males\sample-023977.mp3,1
males\sample-023979.mp3,1
males\sample-023981.mp3,1
males\sample-023984.mp3,1
males\sample-023985.mp3,1
males\sample-023989.mp3,1
males\sample-023997.mp3,1
males\sample-023999.mp3,1
males\sample-024003.mp3,1
males\sample-024005.mp3,1
males\sample-024007.mp3,1
males\sample-024009.mp3,1
males\sample-024010.mp3,1
males\sample-024012.mp3,1
males\sample-024015.mp3,1
males\sample-024018.mp3,1
males\sample-024021.mp3,1
males\sample-024036.mp3,1
males\sample-024039.mp3,1
males\sample-024043.mp3,1
males\sample-024044.mp3,1
males\sample-024052.mp3,1
males\sample-024053.mp3,1
males\sample-024061.mp3,1
males\sample-024062.mp3,1
males\sample-024063.mp3,1
males\sample-024064.mp3,1
males\sample-024068.mp3,1
males\sample-024069.mp3,1
males\sample-024072.mp3,1
males\sample-024075.mp3,1
males\sample-024079.mp3,1
males\sample-024081.mp3,1
males\sample-024094.mp3,1
males\sample-024116.mp3,1
males\sample-024118.mp3,1
males\sample-024128.mp3,1
males\sample-024129.mp3,1
males\sample-024131.mp3,1
males\sample-024134.mp3,1
males\sample-024138.mp3,1
males\sample-024139.mp3,1
males\sample-024143.mp3,1
males\sample-024147.mp3,1
males\sample-024148.mp3,1
males\sample-024149.mp3,1
males\sample-024156.mp3,1
males\sample-024159.mp3,1
males\sample-024161.mp3,1
males\sample-024165.mp3,1
males\sample-024166.mp3,1
males\sample-024168.mp3,1
males\sample-024173.mp3,1
males\sample-024174.mp3,1
males\sample-024177.mp3,1
males\sample-024183.mp3,1
males\sample-024184.mp3,1
males\sample-024191.mp3,1
males\sample-024192.mp3,1
males\sample-024198.mp3,1
males\sample-024205.mp3,1
males\sample-024207.mp3,1
males\sample-024208.mp3,1
males\sample-024211.mp3,1
males\sample-024213.mp3,1
males\sample-024219.mp3,1
males\sample-024221.mp3,1
males\sample-024222.mp3,1
males\sample-024223.mp3,1
males\sample-024229.mp3,1
males\sample-024234.mp3,1
males\sample-024237.mp3,1
males\sample-024244.mp3,1
males\sample-024246.mp3,1
males\sample-024247.mp3,1
males\sample-024259.mp3,1
males\sample-024260.mp3,1
males\sample-024263.mp3,1
males\sample-024268.mp3,1
males\sample-024275.mp3,1
males\sample-024279.mp3,1
males\sample-024282.mp3,1
males\sample-024293.mp3,1
males\sample-024294.mp3,1
males\sample-024295.mp3,1
males\sample-024300.mp3,1
males\sample-024303.mp3,1
males\sample-024305.mp3,1
males\sample-024306.mp3,1
males\sample-024307.mp3,1
males\sample-024314.mp3,1
males\sample-024315.mp3,1
males\sample-024316.mp3,1
males\sample-024319.mp3,1
males\sample-024330.mp3,1
males\sample-024332.mp3,1
males\sample-024337.mp3,1
males\sample-024347.mp3,1
males\sample-024353.mp3,1
males\sample-024367.mp3,1
males\sample-024368.mp3,1
males\sample-024369.mp3,1
males\sample-024370.mp3,1
males\sample-024371.mp3,1
males\sample-024373.mp3,1
males\sample-024377.mp3,1
males\sample-024378.mp3,1
males\sample-024383.mp3,1
males\sample-024387.mp3,1
males\sample-024390.mp3,1
males\sample-024392.mp3,1
males\sample-024404.mp3,1
males\sample-024407.mp3,1
males\sample-024408.mp3,1
males\sample-024409.mp3,1
males\sample-024410.mp3,1
males\sample-024419.mp3,1
males\sample-024422.mp3,1
males\sample-024425.mp3,1
males\sample-024426.mp3,1
males\sample-024444.mp3,1
males\sample-024445.mp3,1
males\sample-024446.mp3,1
males\sample-024447.mp3,1
males\sample-024449.mp3,1
males\sample-024456.mp3,1
males\sample-024457.mp3,1
males\sample-024461.mp3,1
males\sample-024463.mp3,1
males\sample-024469.mp3,1
males\sample-024470.mp3,1
males\sample-024477.mp3,1
males\sample-024479.mp3,1
males\sample-024481.mp3,1
males\sample-024483.mp3,1
males\sample-024484.mp3,1
males\sample-024495.mp3,1
males\sample-024498.mp3,1
males\sample-024499.mp3,1
males\sample-024503.mp3,1
males\sample-024506.mp3,1
males\sample-024507.mp3,1
males\sample-024508.mp3,1
males\sample-024509.mp3,1
males\sample-024510.mp3,1
males\sample-024513.mp3,1
males\sample-024517.mp3,1
males\sample-024526.mp3,1
males\sample-024528.mp3,1
males\sample-024533.mp3,1
males\sample-024537.mp3,1
males\sample-024539.mp3,1
males\sample-024540.mp3,1
males\sample-024542.mp3,1
males\sample-024548.mp3,1
males\sample-024549.mp3,1
males\sample-024554.mp3,1
males\sample-024562.mp3,1
males\sample-024565.mp3,1
males\sample-024569.mp3,1
males\sample-024572.mp3,1
males\sample-024573.mp3,1
males\sample-024575.mp3,1
males\sample-024576.mp3,1
males\sample-024583.mp3,1
males\sample-024587.mp3,1
males\sample-024589.mp3,1
males\sample-024592.mp3,1
males\sample-024593.mp3,1
males\sample-024599.mp3,1
males\sample-024604.mp3,1
males\sample-024607.mp3,1
males\sample-024611.mp3,1
males\sample-024614.mp3,1
males\sample-024615.mp3,1
males\sample-024616.mp3,1
males\sample-024617.mp3,1
males\sample-024622.mp3,1
males\sample-024627.mp3,1
males\sample-024631.mp3,1
males\sample-024633.mp3,1
males\sample-024641.mp3,1
males\sample-024648.mp3,1
males\sample-024651.mp3,1
males\sample-024658.mp3,1
males\sample-024671.mp3,1
males\sample-024672.mp3,1
males\sample-024676.mp3,1
males\sample-024678.mp3,1
males\sample-024684.mp3,1
males\sample-024687.mp3,1
males\sample-024691.mp3,1
males\sample-024695.mp3,1
males\sample-024703.mp3,1
males\sample-024708.mp3,1
males\sample-024710.mp3,1
males\sample-024712.mp3,1
males\sample-024719.mp3,1
males\sample-024720.mp3,1
males\sample-024724.mp3,1
males\sample-024728.mp3,1
males\sample-024734.mp3,1
males\sample-024739.mp3,1
males\sample-024741.mp3,1
males\sample-024747.mp3,1
males\sample-024752.mp3,1
males\sample-024755.mp3,1
males\sample-024761.mp3,1
males\sample-024763.mp3,1
males\sample-024767.mp3,1
males\sample-024771.mp3,1
males\sample-024772.mp3,1
males\sample-024773.mp3,1
males\sample-024778.mp3,1
males\sample-024782.mp3,1
males\sample-024786.mp3,1
males\sample-024787.mp3,1
males\sample-024791.mp3,1
males\sample-024792.mp3,1
males\sample-024798.mp3,1
males\sample-024802.mp3,1
males\sample-024810.mp3,1
males\sample-024813.mp3,1
males\sample-024815.mp3,1
males\sample-024821.mp3,1
males\sample-024827.mp3,1
males\sample-024832.mp3,1
males\sample-024834.mp3,1
males\sample-024835.mp3,1
males\sample-024840.mp3,1
males\sample-024841.mp3,1
males\sample-024842.mp3,1
males\sample-024844.mp3,1
males\sample-024845.mp3,1
males\sample-024848.mp3,1
males\sample-024851.mp3,1
males\sample-024852.mp3,1
males\sample-024856.mp3,1
males\sample-024861.mp3,1
males\sample-024862.mp3,1
males\sample-024864.mp3,1
males\sample-024865.mp3,1
males\sample-024876.mp3,1
males\sample-024878.mp3,1
males\sample-024881.mp3,1
males\sample-024884.mp3,1
males\sample-024887.mp3,1
males\sample-024888.mp3,1
males\sample-024893.mp3,1
males\sample-024899.mp3,1
males\sample-024916.mp3,1
males\sample-024927.mp3,1
males\sample-024928.mp3,1
males\sample-024930.mp3,1
males\sample-024950.mp3,1
males\sample-024951.mp3,1
males\sample-024956.mp3,1
males\sample-024958.mp3,1
males\sample-024959.mp3,1
males\sample-024969.mp3,1
males\sample-024975.mp3,1
males\sample-024978.mp3,1
males\sample-024980.mp3,1
males\sample-024982.mp3,1
males\sample-024985.mp3,1
males\sample-024986.mp3,1
males\sample-024987.mp3,1
males\sample-024999.mp3,1
males\sample-025000.mp3,1
males\sample-025002.mp3,1
males\sample-025005.mp3,1
males\sample-025016.mp3,1
males\sample-025019.mp3,1
males\sample-025024.mp3,1
males\sample-025026.mp3,1
males\sample-025028.mp3,1
males\sample-025033.mp3,1
males\sample-025039.mp3,1
males\sample-025040.mp3,1
males\sample-025041.mp3,1
males\sample-025044.mp3,1
males\sample-025045.mp3,1
males\sample-025046.mp3,1
males\sample-025049.mp3,1
males\sample-025050.mp3,1
males\sample-025056.mp3,1
males\sample-025057.mp3,1
males\sample-025069.mp3,1
males\sample-025070.mp3,1
males\sample-025072.mp3,1
males\sample-025073.mp3,1
males\sample-025081.mp3,1
males\sample-025083.mp3,1
males\sample-025089.mp3,1
males\sample-025090.mp3,1
males\sample-025092.mp3,1
males\sample-025094.mp3,1
males\sample-025095.mp3,1
males\sample-025097.mp3,1
males\sample-025101.mp3,1
males\sample-025103.mp3,1
males\sample-025106.mp3,1
males\sample-025119.mp3,1
males\sample-025125.mp3,1
males\sample-025135.mp3,1
males\sample-025137.mp3,1
males\sample-025140.mp3,1
males\sample-025144.mp3,1
males\sample-025146.mp3,1
males\sample-025149.mp3,1
males\sample-025157.mp3,1
males\sample-025165.mp3,1
males\sample-025168.mp3,1
males\sample-025170.mp3,1
males\sample-025179.mp3,1
males\sample-025186.mp3,1
males\sample-025192.mp3,1
males\sample-025194.mp3,1
males\sample-025200.mp3,1
males\sample-025213.mp3,1
males\sample-025216.mp3,1
males\sample-025220.mp3,1
males\sample-025227.mp3,1
males\sample-025228.mp3,1
males\sample-025229.mp3,1
males\sample-025231.mp3,1
males\sample-025234.mp3,1
males\sample-025237.mp3,1
males\sample-025238.mp3,1
males\sample-025246.mp3,1
males\sample-025247.mp3,1
males\sample-025250.mp3,1
males\sample-025251.mp3,1
males\sample-025256.mp3,1
males\sample-025257.mp3,1
males\sample-025271.mp3,1
males\sample-025273.mp3,1
males\sample-025278.mp3,1
males\sample-025280.mp3,1
males\sample-025284.mp3,1
males\sample-025289.mp3,1
males\sample-025299.mp3,1
males\sample-025301.mp3,1
males\sample-025302.mp3,1
males\sample-025310.mp3,1
males\sample-025312.mp3,1
males\sample-025315.mp3,1
males\sample-025320.mp3,1
males\sample-025324.mp3,1
males\sample-025326.mp3,1
males\sample-025331.mp3,1
males\sample-025332.mp3,1
males\sample-025333.mp3,1
males\sample-025338.mp3,1
males\sample-025340.mp3,1
males\sample-025341.mp3,1
males\sample-025345.mp3,1
males\sample-025347.mp3,1
males\sample-025348.mp3,1
males\sample-025350.mp3,1
males\sample-025358.mp3,1
males\sample-025372.mp3,1
males\sample-025376.mp3,1
males\sample-025377.mp3,1
males\sample-025379.mp3,1
males\sample-025381.mp3,1
males\sample-025388.mp3,1
males\sample-025390.mp3,1
males\sample-025399.mp3,1
males\sample-025405.mp3,1
males\sample-025406.mp3,1
males\sample-025407.mp3,1
males\sample-025408.mp3,1
males\sample-025409.mp3,1
males\sample-025411.mp3,1
males\sample-025412.mp3,1
males\sample-025415.mp3,1
males\sample-025421.mp3,1
males\sample-025423.mp3,1
males\sample-025424.mp3,1
males\sample-025427.mp3,1
males\sample-025438.mp3,1
males\sample-025442.mp3,1
males\sample-025444.mp3,1
males\sample-025446.mp3,1
males\sample-025452.mp3,1
males\sample-025458.mp3,1
males\sample-025460.mp3,1
males\sample-025463.mp3,1
males\sample-025466.mp3,1
males\sample-025469.mp3,1
males\sample-025474.mp3,1
males\sample-025477.mp3,1
males\sample-025479.mp3,1
males\sample-025481.mp3,1
males\sample-025482.mp3,1
males\sample-025484.mp3,1
males\sample-025488.mp3,1
males\sample-025503.mp3,1
males\sample-025508.mp3,1
males\sample-025515.mp3,1
males\sample-025516.mp3,1
males\sample-025520.mp3,1
males\sample-025526.mp3,1
males\sample-025533.mp3,1
males\sample-025534.mp3,1
males\sample-025538.mp3,1
males\sample-025540.mp3,1
males\sample-025541.mp3,1
males\sample-025546.mp3,1
males\sample-025549.mp3,1
males\sample-025551.mp3,1
males\sample-025555.mp3,1
males\sample-025557.mp3,1
males\sample-025558.mp3,1
males\sample-025568.mp3,1
males\sample-025575.mp3,1
males\sample-025583.mp3,1
males\sample-025586.mp3,1
males\sample-025589.mp3,1
males\sample-025590.mp3,1
males\sample-025596.mp3,1
males\sample-025598.mp3,1
males\sample-025600.mp3,1
males\sample-025601.mp3,1
males\sample-025604.mp3,1
males\sample-025605.mp3,1
males\sample-025607.mp3,1
males\sample-025611.mp3,1
males\sample-025612.mp3,1
males\sample-025621.mp3,1
males\sample-025631.mp3,1
males\sample-025633.mp3,1
males\sample-025636.mp3,1
males\sample-025641.mp3,1
males\sample-025645.mp3,1
males\sample-025648.mp3,1
males\sample-025652.mp3,1
males\sample-025656.mp3,1
males\sample-025657.mp3,1
males\sample-025658.mp3,1
males\sample-025660.mp3,1
males\sample-025661.mp3,1
males\sample-025671.mp3,1
males\sample-025677.mp3,1
males\sample-025678.mp3,1
males\sample-025685.mp3,1
males\sample-025688.mp3,1
males\sample-025689.mp3,1
males\sample-025690.mp3,1
males\sample-025694.mp3,1
males\sample-025695.mp3,1
males\sample-025697.mp3,1
males\sample-025698.mp3,1
males\sample-025701.mp3,1
males\sample-025703.mp3,1
males\sample-025706.mp3,1
males\sample-025707.mp3,1
males\sample-025716.mp3,1
males\sample-025721.mp3,1
males\sample-025734.mp3,1
males\sample-025736.mp3,1
males\sample-025737.mp3,1
males\sample-025757.mp3,1
males\sample-025759.mp3,1
males\sample-025761.mp3,1
males\sample-025762.mp3,1
males\sample-025764.mp3,1
males\sample-025766.mp3,1
males\sample-025770.mp3,1
males\sample-025771.mp3,1
males\sample-025781.mp3,1
males\sample-025784.mp3,1
males\sample-025786.mp3,1
males\sample-025789.mp3,1
males\sample-025800.mp3,1
males\sample-025805.mp3,1
males\sample-025810.mp3,1
males\sample-025811.mp3,1
males\sample-025821.mp3,1
males\sample-025824.mp3,1
males\sample-025826.mp3,1
males\sample-025827.mp3,1
males\sample-025833.mp3,1
males\sample-025839.mp3,1
males\sample-025844.mp3,1
males\sample-025846.mp3,1
males\sample-025848.mp3,1
males\sample-025850.mp3,1
males\sample-025851.mp3,1
males\sample-025852.mp3,1
males\sample-025857.mp3,1
males\sample-025862.mp3,1
males\sample-025863.mp3,1
males\sample-025866.mp3,1
males\sample-025871.mp3,1
males\sample-025873.mp3,1
males\sample-025874.mp3,1
males\sample-025888.mp3,1
males\sample-025893.mp3,1
males\sample-025900.mp3,1
males\sample-025913.mp3,1
males\sample-025917.mp3,1
males\sample-025918.mp3,1
males\sample-025930.mp3,1
males\sample-025935.mp3,1
males\sample-025936.mp3,1
males\sample-025937.mp3,1
males\sample-025947.mp3,1
males\sample-025971.mp3,1
males\sample-025976.mp3,1
males\sample-025980.mp3,1
males\sample-025983.mp3,1
males\sample-025989.mp3,1
males\sample-025993.mp3,1
males\sample-026001.mp3,1
males\sample-026005.mp3,1
males\sample-026017.mp3,1
males\sample-026020.mp3,1
males\sample-026023.mp3,1
males\sample-026034.mp3,1
males\sample-026037.mp3,1
males\sample-026039.mp3,1
males\sample-026055.mp3,1
males\sample-026056.mp3,1
males\sample-026057.mp3,1
males\sample-026060.mp3,1
males\sample-026061.mp3,1
males\sample-026066.mp3,1
males\sample-026069.mp3,1
males\sample-026071.mp3,1
males\sample-026076.mp3,1
males\sample-026082.mp3,1
males\sample-026089.mp3,1
males\sample-026097.mp3,1
males\sample-026100.mp3,1
males\sample-026106.mp3,1
males\sample-026113.mp3,1
males\sample-026119.mp3,1
males\sample-026122.mp3,1
males\sample-026127.mp3,1
males\sample-026135.mp3,1
males\sample-026139.mp3,1
males\sample-026141.mp3,1
males\sample-026144.mp3,1
males\sample-026147.mp3,1
males\sample-026150.mp3,1
males\sample-026151.mp3,1
males\sample-026152.mp3,1
males\sample-026154.mp3,1
males\sample-026162.mp3,1
males\sample-026165.mp3,1
males\sample-026168.mp3,1
males\sample-026171.mp3,1
males\sample-026172.mp3,1
males\sample-026174.mp3,1
males\sample-026175.mp3,1
males\sample-026177.mp3,1
males\sample-026179.mp3,1
males\sample-026180.mp3,1
males\sample-026188.mp3,1
males\sample-026194.mp3,1
males\sample-026199.mp3,1
males\sample-026205.mp3,1
males\sample-026209.mp3,1
males\sample-026215.mp3,1
males\sample-026217.mp3,1
males\sample-026223.mp3,1
males\sample-026224.mp3,1
males\sample-026227.mp3,1
males\sample-026228.mp3,1
males\sample-026229.mp3,1
males\sample-026230.mp3,1
males\sample-026232.mp3,1
males\sample-026233.mp3,1
males\sample-026236.mp3,1
males\sample-026238.mp3,1
males\sample-026240.mp3,1
males\sample-026250.mp3,1
males\sample-026259.mp3,1
males\sample-026260.mp3,1
males\sample-026262.mp3,1
males\sample-026264.mp3,1
males\sample-026266.mp3,1
males\sample-026271.mp3,1
males\sample-026272.mp3,1
males\sample-026274.mp3,1
males\sample-026285.mp3,1
males\sample-026287.mp3,1
males\sample-026296.mp3,1
males\sample-026300.mp3,1
males\sample-026302.mp3,1
males\sample-026304.mp3,1
males\sample-026307.mp3,1
males\sample-026309.mp3,1
males\sample-026310.mp3,1
males\sample-026316.mp3,1
males\sample-026318.mp3,1
males\sample-026321.mp3,1
males\sample-026324.mp3,1
males\sample-026327.mp3,1
males\sample-026328.mp3,1
males\sample-026331.mp3,1
males\sample-026332.mp3,1
males\sample-026333.mp3,1
males\sample-026337.mp3,1
males\sample-026355.mp3,1
males\sample-026358.mp3,1
males\sample-026359.mp3,1
males\sample-026362.mp3,1
males\sample-026368.mp3,1
males\sample-026379.mp3,1
males\sample-026386.mp3,1
males\sample-026389.mp3,1
males\sample-026390.mp3,1
males\sample-026399.mp3,1
males\sample-026400.mp3,1
males\sample-026402.mp3,1
males\sample-026404.mp3,1
males\sample-026409.mp3,1
males\sample-026410.mp3,1
males\sample-026411.mp3,1
males\sample-026412.mp3,1
males\sample-026414.mp3,1
males\sample-026416.mp3,1
males\sample-026418.mp3,1
males\sample-026423.mp3,1
males\sample-026424.mp3,1
males\sample-026426.mp3,1
males\sample-026427.mp3,1
males\sample-026431.mp3,1
males\sample-026437.mp3,1
males\sample-026445.mp3,1
males\sample-026452.mp3,1
males\sample-026453.mp3,1
males\sample-026461.mp3,1
males\sample-026466.mp3,1
males\sample-026467.mp3,1
males\sample-026485.mp3,1
males\sample-026489.mp3,1
males\sample-026493.mp3,1
males\sample-026494.mp3,1
males\sample-026498.mp3,1
males\sample-026500.mp3,1
males\sample-026502.mp3,1
males\sample-026509.mp3,1
males\sample-026510.mp3,1
males\sample-026518.mp3,1
males\sample-026519.mp3,1
males\sample-026523.mp3,1
males\sample-026538.mp3,1
males\sample-026542.mp3,1
males\sample-026544.mp3,1
males\sample-026546.mp3,1
males\sample-026549.mp3,1
males\sample-026551.mp3,1
males\sample-026562.mp3,1
males\sample-026568.mp3,1
males\sample-026573.mp3,1
males\sample-026578.mp3,1
males\sample-026581.mp3,1
males\sample-026583.mp3,1
males\sample-026586.mp3,1
males\sample-026594.mp3,1
males\sample-026598.mp3,1
males\sample-026600.mp3,1
males\sample-026605.mp3,1
males\sample-026607.mp3,1
males\sample-026608.mp3,1
males\sample-026611.mp3,1
males\sample-026612.mp3,1
males\sample-026621.mp3,1
males\sample-026635.mp3,1
males\sample-026644.mp3,1
males\sample-026647.mp3,1
males\sample-026650.mp3,1
males\sample-026655.mp3,1
males\sample-026656.mp3,1
males\sample-026666.mp3,1
males\sample-026669.mp3,1
males\sample-026674.mp3,1
males\sample-026681.mp3,1
males\sample-026684.mp3,1
males\sample-026693.mp3,1
males\sample-026695.mp3,1
males\sample-026697.mp3,1
males\sample-026699.mp3,1
males\sample-026703.mp3,1
males\sample-026720.mp3,1
males\sample-026728.mp3,1
males\sample-026735.mp3,1
males\sample-026736.mp3,1
males\sample-026738.mp3,1
males\sample-026741.mp3,1
males\sample-026745.mp3,1
males\sample-026746.mp3,1
males\sample-026751.mp3,1
males\sample-026752.mp3,1
males\sample-026755.mp3,1
males\sample-026760.mp3,1
males\sample-026762.mp3,1
males\sample-026767.mp3,1
males\sample-026771.mp3,1
males\sample-026774.mp3,1
males\sample-026780.mp3,1
males\sample-026783.mp3,1
males\sample-026785.mp3,1
males\sample-026786.mp3,1
males\sample-026794.mp3,1
males\sample-026802.mp3,1
males\sample-026804.mp3,1
males\sample-026806.mp3,1
males\sample-026807.mp3,1
males\sample-026812.mp3,1
males\sample-026813.mp3,1
males\sample-026814.mp3,1
males\sample-026815.mp3,1
males\sample-026832.mp3,1
males\sample-026835.mp3,1
males\sample-026838.mp3,1
males\sample-026851.mp3,1
males\sample-026865.mp3,1
males\sample-026877.mp3,1
males\sample-026882.mp3,1
males\sample-026885.mp3,1
males\sample-026890.mp3,1
males\sample-026892.mp3,1
males\sample-026896.mp3,1
males\sample-026900.mp3,1
males\sample-026905.mp3,1
males\sample-026909.mp3,1
males\sample-026910.mp3,1
males\sample-026911.mp3,1
males\sample-026916.mp3,1
males\sample-026919.mp3,1
males\sample-026924.mp3,1
males\sample-026925.mp3,1
males\sample-026939.mp3,1
males\sample-026941.mp3,1
males\sample-026944.mp3,1
males\sample-026946.mp3,1
males\sample-026950.mp3,1
males\sample-026951.mp3,1
males\sample-026960.mp3,1
males\sample-026964.mp3,1
males\sample-026966.mp3,1
males\sample-026977.mp3,1
males\sample-026978.mp3,1
males\sample-026981.mp3,1
males\sample-026985.mp3,1
males\sample-026987.mp3,1
males\sample-026989.mp3,1
males\sample-026990.mp3,1
males\sample-027001.mp3,1
males\sample-027005.mp3,1
males\sample-027006.mp3,1
males\sample-027008.mp3,1
males\sample-027010.mp3,1
males\sample-027011.mp3,1
males\sample-027014.mp3,1
males\sample-027016.mp3,1
males\sample-027019.mp3,1
males\sample-027023.mp3,1
males\sample-027024.mp3,1
males\sample-027031.mp3,1
males\sample-027032.mp3,1
males\sample-027034.mp3,1
males\sample-027036.mp3,1
males\sample-027039.mp3,1
males\sample-027041.mp3,1
males\sample-027044.mp3,1
males\sample-027045.mp3,1
males\sample-027049.mp3,1
males\sample-027051.mp3,1
males\sample-027055.mp3,1
males\sample-027062.mp3,1
males\sample-027067.mp3,1
males\sample-027068.mp3,1
males\sample-027078.mp3,1
males\sample-027081.mp3,1
males\sample-027083.mp3,1
males\sample-027088.mp3,1
males\sample-027103.mp3,1
males\sample-027105.mp3,1
males\sample-027107.mp3,1
males\sample-027117.mp3,1
males\sample-027125.mp3,1
males\sample-027127.mp3,1
males\sample-027130.mp3,1
males\sample-027133.mp3,1
males\sample-027141.mp3,1
males\sample-027145.mp3,1
males\sample-027147.mp3,1
males\sample-027154.mp3,1
males\sample-027155.mp3,1
males\sample-027161.mp3,1
males\sample-027167.mp3,1
males\sample-027171.mp3,1
males\sample-027177.mp3,1
males\sample-027190.mp3,1
males\sample-027191.mp3,1
males\sample-027196.mp3,1
males\sample-027197.mp3,1
males\sample-027198.mp3,1
males\sample-027201.mp3,1
males\sample-027205.mp3,1
males\sample-027206.mp3,1
males\sample-027207.mp3,1
males\sample-027211.mp3,1
males\sample-027218.mp3,1
males\sample-027219.mp3,1
males\sample-027220.mp3,1
males\sample-027225.mp3,1
males\sample-027227.mp3,1
males\sample-027236.mp3,1
males\sample-027237.mp3,1
males\sample-027243.mp3,1
males\sample-027246.mp3,1
males\sample-027249.mp3,1
males\sample-027250.mp3,1
males\sample-027251.mp3,1
males\sample-027254.mp3,1
males\sample-027255.mp3,1
males\sample-027260.mp3,1
males\sample-027264.mp3,1
males\sample-027267.mp3,1
males\sample-027274.mp3,1
males\sample-027278.mp3,1
males\sample-027280.mp3,1
males\sample-027286.mp3,1
males\sample-027290.mp3,1
males\sample-027293.mp3,1
males\sample-027302.mp3,1
males\sample-027305.mp3,1
males\sample-027308.mp3,1
males\sample-027310.mp3,1
males\sample-027319.mp3,1
males\sample-027320.mp3,1
males\sample-027321.mp3,1
males\sample-027323.mp3,1
males\sample-027327.mp3,1
males\sample-027330.mp3,1
males\sample-027333.mp3,1
males\sample-027339.mp3,1
males\sample-027340.mp3,1
males\sample-027342.mp3,1
males\sample-027347.mp3,1
males\sample-027350.mp3,1
males\sample-027356.mp3,1
males\sample-027359.mp3,1
males\sample-027364.mp3,1
males\sample-027365.mp3,1
males\sample-027367.mp3,1
males\sample-027376.mp3,1
males\sample-027379.mp3,1
males\sample-027391.mp3,1
males\sample-027393.mp3,1
males\sample-027399.mp3,1
males\sample-027400.mp3,1
males\sample-027406.mp3,1
males\sample-027407.mp3,1
males\sample-027408.mp3,1
males\sample-027412.mp3,1
males\sample-027419.mp3,1
males\sample-027420.mp3,1
males\sample-027421.mp3,1
males\sample-027422.mp3,1
males\sample-027426.mp3,1
males\sample-027427.mp3,1
males\sample-027432.mp3,1
males\sample-027434.mp3,1
males\sample-027440.mp3,1
males\sample-027444.mp3,1
males\sample-027449.mp3,1
males\sample-027450.mp3,1
males\sample-027455.mp3,1
males\sample-027458.mp3,1
males\sample-027466.mp3,1
males\sample-027469.mp3,1
males\sample-027470.mp3,1
males\sample-027475.mp3,1
males\sample-027478.mp3,1
males\sample-027482.mp3,1
males\sample-027485.mp3,1
males\sample-027488.mp3,1
males\sample-027489.mp3,1
males\sample-027490.mp3,1
males\sample-027493.mp3,1
males\sample-027503.mp3,1
males\sample-027505.mp3,1
males\sample-027506.mp3,1
males\sample-027509.mp3,1
males\sample-027511.mp3,1
males\sample-027526.mp3,1
males\sample-027528.mp3,1
males\sample-027529.mp3,1
males\sample-027534.mp3,1
males\sample-027535.mp3,1
males\sample-027536.mp3,1
males\sample-027537.mp3,1
males\sample-027538.mp3,1
males\sample-027540.mp3,1
males\sample-027546.mp3,1
males\sample-027547.mp3,1
males\sample-027549.mp3,1
males\sample-027550.mp3,1
males\sample-027555.mp3,1
males\sample-027558.mp3,1
males\sample-027560.mp3,1
males\sample-027562.mp3,1
males\sample-027576.mp3,1
males\sample-027583.mp3,1
males\sample-027591.mp3,1
males\sample-027595.mp3,1
males\sample-027597.mp3,1
males\sample-027599.mp3,1
males\sample-027605.mp3,1
males\sample-027608.mp3,1
males\sample-027614.mp3,1
males\sample-027617.mp3,1
males\sample-027619.mp3,1
males\sample-027620.mp3,1
males\sample-027631.mp3,1
males\sample-027632.mp3,1
males\sample-027633.mp3,1
males\sample-027635.mp3,1
males\sample-027642.mp3,1
males\sample-027643.mp3,1
males\sample-027646.mp3,1
males\sample-027647.mp3,1
males\sample-027650.mp3,1
males\sample-027653.mp3,1
males\sample-027655.mp3,1
males\sample-027661.mp3,1
males\sample-027667.mp3,1
males\sample-027672.mp3,1
males\sample-027674.mp3,1
males\sample-027681.mp3,1
males\sample-027683.mp3,1
males\sample-027684.mp3,1
males\sample-027687.mp3,1
males\sample-027689.mp3,1
males\sample-027699.mp3,1
males\sample-027706.mp3,1
males\sample-027714.mp3,1
males\sample-027718.mp3,1
males\sample-027719.mp3,1
males\sample-027728.mp3,1
males\sample-027730.mp3,1
males\sample-027731.mp3,1
males\sample-027733.mp3,1
males\sample-027736.mp3,1
males\sample-027739.mp3,1
males\sample-027741.mp3,1
males\sample-027744.mp3,1
males\sample-027747.mp3,1
males\sample-027748.mp3,1
males\sample-027750.mp3,1
males\sample-027753.mp3,1
males\sample-027759.mp3,1
males\sample-027760.mp3,1
males\sample-027761.mp3,1
males\sample-027762.mp3,1
males\sample-027778.mp3,1
males\sample-027785.mp3,1
males\sample-027786.mp3,1
males\sample-027788.mp3,1
males\sample-027792.mp3,1
males\sample-027795.mp3,1
males\sample-027796.mp3,1
males\sample-027797.mp3,1
males\sample-027803.mp3,1
males\sample-027805.mp3,1
males\sample-027814.mp3,1
males\sample-027817.mp3,1
males\sample-027823.mp3,1
males\sample-027835.mp3,1
males\sample-027845.mp3,1
males\sample-027847.mp3,1
males\sample-027849.mp3,1
males\sample-027852.mp3,1
males\sample-027855.mp3,1
males\sample-027857.mp3,1
males\sample-027866.mp3,1
males\sample-027870.mp3,1
males\sample-027873.mp3,1
males\sample-027874.mp3,1
males\sample-027877.mp3,1
males\sample-027880.mp3,1
males\sample-027889.mp3,1
males\sample-027893.mp3,1
males\sample-027899.mp3,1
males\sample-027907.mp3,1
males\sample-027908.mp3,1
males\sample-027913.mp3,1
males\sample-027915.mp3,1
males\sample-027916.mp3,1
males\sample-027917.mp3,1
males\sample-027922.mp3,1
males\sample-027926.mp3,1
males\sample-027930.mp3,1
males\sample-027935.mp3,1
males\sample-027936.mp3,1
males\sample-027939.mp3,1
males\sample-027940.mp3,1
males\sample-027942.mp3,1
males\sample-027944.mp3,1
males\sample-027946.mp3,1
males\sample-027954.mp3,1
males\sample-027958.mp3,1
males\sample-027963.mp3,1
males\sample-027964.mp3,1
males\sample-027965.mp3,1
males\sample-027970.mp3,1
males\sample-027973.mp3,1
males\sample-027989.mp3,1
males\sample-027990.mp3,1
males\sample-027991.mp3,1
males\sample-027992.mp3,1
males\sample-027996.mp3,1
males\sample-027997.mp3,1
males\sample-027999.mp3,1
males\sample-028002.mp3,1
males\sample-028003.mp3,1
males\sample-028009.mp3,1
males\sample-028010.mp3,1
males\sample-028011.mp3,1
males\sample-028014.mp3,1
males\sample-028017.mp3,1
males\sample-028033.mp3,1
males\sample-028044.mp3,1
males\sample-028045.mp3,1
males\sample-028048.mp3,1
males\sample-028049.mp3,1
males\sample-028054.mp3,1
males\sample-028055.mp3,1
males\sample-028056.mp3,1
males\sample-028057.mp3,1
males\sample-028058.mp3,1
males\sample-028061.mp3,1
males\sample-028066.mp3,1
males\sample-028079.mp3,1
males\sample-028085.mp3,1
males\sample-028087.mp3,1
males\sample-028088.mp3,1
males\sample-028090.mp3,1
males\sample-028091.mp3,1
males\sample-028095.mp3,1
males\sample-028100.mp3,1
males\sample-028119.mp3,1
males\sample-028123.mp3,1
males\sample-028124.mp3,1
males\sample-028125.mp3,1
males\sample-028129.mp3,1
males\sample-028132.mp3,1
males\sample-028148.mp3,1
males\sample-028152.mp3,1
males\sample-028156.mp3,1
males\sample-028160.mp3,1
males\sample-028169.mp3,1
males\sample-028171.mp3,1
males\sample-028179.mp3,1
males\sample-028185.mp3,1
males\sample-028194.mp3,1
males\sample-028196.mp3,1
males\sample-028199.mp3,1
males\sample-028203.mp3,1
males\sample-028204.mp3,1
males\sample-028208.mp3,1
males\sample-028215.mp3,1
males\sample-028237.mp3,1
males\sample-028241.mp3,1
males\sample-028242.mp3,1
males\sample-028244.mp3,1
males\sample-028251.mp3,1
males\sample-028257.mp3,1
males\sample-028260.mp3,1
males\sample-028268.mp3,1
males\sample-028269.mp3,1
males\sample-028270.mp3,1
males\sample-028277.mp3,1
males\sample-028278.mp3,1
males\sample-028283.mp3,1
males\sample-028284.mp3,1
males\sample-028285.mp3,1
males\sample-028290.mp3,1
males\sample-028294.mp3,1
males\sample-028296.mp3,1
males\sample-028301.mp3,1
males\sample-028304.mp3,1
males\sample-028307.mp3,1
males\sample-028312.mp3,1
males\sample-028315.mp3,1
males\sample-028316.mp3,1
males\sample-028317.mp3,1
males\sample-028318.mp3,1
males\sample-028322.mp3,1
males\sample-028324.mp3,1
males\sample-028325.mp3,1
males\sample-028338.mp3,1
males\sample-028344.mp3,1
males\sample-028351.mp3,1
males\sample-028352.mp3,1
males\sample-028356.mp3,1
males\sample-028357.mp3,1
males\sample-028361.mp3,1
males\sample-028362.mp3,1
males\sample-028366.mp3,1
males\sample-028367.mp3,1
males\sample-028368.mp3,1
males\sample-028383.mp3,1
males\sample-028388.mp3,1
males\sample-028392.mp3,1
males\sample-028395.mp3,1
males\sample-028400.mp3,1
males\sample-028401.mp3,1
males\sample-028405.mp3,1
males\sample-028407.mp3,1
males\sample-028408.mp3,1
males\sample-028409.mp3,1
males\sample-028411.mp3,1
males\sample-028413.mp3,1
males\sample-028424.mp3,1
males\sample-028431.mp3,1
males\sample-028438.mp3,1
males\sample-028439.mp3,1
males\sample-028441.mp3,1
males\sample-028445.mp3,1
males\sample-028449.mp3,1
males\sample-028465.mp3,1
males\sample-028466.mp3,1
males\sample-028467.mp3,1
males\sample-028468.mp3,1
males\sample-028470.mp3,1
males\sample-028475.mp3,1
males\sample-028480.mp3,1
males\sample-028494.mp3,1
males\sample-028495.mp3,1
males\sample-028498.mp3,1
males\sample-028499.mp3,1
males\sample-028503.mp3,1
males\sample-028508.mp3,1
males\sample-028519.mp3,1
males\sample-028520.mp3,1
males\sample-028521.mp3,1
males\sample-028528.mp3,1
males\sample-028535.mp3,1
males\sample-028536.mp3,1
males\sample-028538.mp3,1
males\sample-028540.mp3,1
males\sample-028541.mp3,1
males\sample-028542.mp3,1
males\sample-028543.mp3,1
males\sample-028547.mp3,1
males\sample-028556.mp3,1
males\sample-028564.mp3,1
males\sample-028567.mp3,1
males\sample-028573.mp3,1
males\sample-028575.mp3,1
males\sample-028578.mp3,1
males\sample-028591.mp3,1
males\sample-028605.mp3,1
males\sample-028614.mp3,1
males\sample-028617.mp3,1
males\sample-028621.mp3,1
males\sample-028627.mp3,1
males\sample-028629.mp3,1
males\sample-028633.mp3,1
males\sample-028635.mp3,1
males\sample-028636.mp3,1
males\sample-028638.mp3,1
males\sample-028644.mp3,1
males\sample-028648.mp3,1
males\sample-028652.mp3,1
males\sample-028653.mp3,1
males\sample-028654.mp3,1
males\sample-028657.mp3,1
males\sample-028659.mp3,1
males\sample-028663.mp3,1
males\sample-028668.mp3,1
males\sample-028673.mp3,1
males\sample-028675.mp3,1
males\sample-028677.mp3,1
males\sample-028678.mp3,1
males\sample-028682.mp3,1
males\sample-028687.mp3,1
males\sample-028688.mp3,1
males\sample-028689.mp3,1
males\sample-028691.mp3,1
males\sample-028697.mp3,1
males\sample-028698.mp3,1
males\sample-028699.mp3,1
males\sample-028703.mp3,1
males\sample-028706.mp3,1
males\sample-028712.mp3,1
males\sample-028713.mp3,1
males\sample-028714.mp3,1
males\sample-028715.mp3,1
males\sample-028716.mp3,1
males\sample-028722.mp3,1
males\sample-028726.mp3,1
males\sample-028737.mp3,1
males\sample-028740.mp3,1
males\sample-028742.mp3,1
males\sample-028744.mp3,1
males\sample-028745.mp3,1
males\sample-028749.mp3,1
males\sample-028755.mp3,1
males\sample-028761.mp3,1
males\sample-028768.mp3,1
males\sample-028769.mp3,1
males\sample-028781.mp3,1
males\sample-028783.mp3,1
males\sample-028790.mp3,1
males\sample-028791.mp3,1
males\sample-028792.mp3,1
males\sample-028794.mp3,1
males\sample-028795.mp3,1
males\sample-028799.mp3,1
males\sample-028802.mp3,1
males\sample-028819.mp3,1
males\sample-028822.mp3,1
males\sample-028824.mp3,1
males\sample-028834.mp3,1
males\sample-028835.mp3,1
males\sample-028838.mp3,1
males\sample-028839.mp3,1
males\sample-028846.mp3,1
males\sample-028849.mp3,1
males\sample-028851.mp3,1
males\sample-028852.mp3,1
males\sample-028862.mp3,1
males\sample-028866.mp3,1
males\sample-028873.mp3,1
males\sample-028877.mp3,1
males\sample-028880.mp3,1
males\sample-028885.mp3,1
males\sample-028886.mp3,1
males\sample-028894.mp3,1
males\sample-028895.mp3,1
males\sample-028898.mp3,1
males\sample-028906.mp3,1
males\sample-028910.mp3,1
males\sample-028912.mp3,1
males\sample-028917.mp3,1
males\sample-028918.mp3,1
males\sample-028919.mp3,1
males\sample-028922.mp3,1
males\sample-028931.mp3,1
males\sample-028933.mp3,1
males\sample-028945.mp3,1
males\sample-028947.mp3,1
males\sample-028950.mp3,1
males\sample-028953.mp3,1
males\sample-028959.mp3,1
males\sample-028967.mp3,1
males\sample-028970.mp3,1
males\sample-028972.mp3,1
males\sample-028975.mp3,1
males\sample-028985.mp3,1
males\sample-028990.mp3,1
males\sample-028992.mp3,1
males\sample-028993.mp3,1
males\sample-028997.mp3,1
males\sample-028998.mp3,1
males\sample-028999.mp3,1
males\sample-029004.mp3,1
males\sample-029011.mp3,1
males\sample-029016.mp3,1
males\sample-029019.mp3,1
males\sample-029026.mp3,1
males\sample-029042.mp3,1
males\sample-029046.mp3,1
males\sample-029048.mp3,1
males\sample-029050.mp3,1
males\sample-029055.mp3,1
males\sample-029062.mp3,1
males\sample-029069.mp3,1
males\sample-029070.mp3,1
males\sample-029071.mp3,1
males\sample-029078.mp3,1
males\sample-029087.mp3,1
males\sample-029089.mp3,1
males\sample-029102.mp3,1
males\sample-029105.mp3,1
males\sample-029106.mp3,1
males\sample-029113.mp3,1
males\sample-029116.mp3,1
males\sample-029117.mp3,1
males\sample-029120.mp3,1
males\sample-029131.mp3,1
males\sample-029132.mp3,1
males\sample-029133.mp3,1
males\sample-029137.mp3,1
males\sample-029138.mp3,1
males\sample-029140.mp3,1
males\sample-029146.mp3,1
males\sample-029148.mp3,1
males\sample-029150.mp3,1
males\sample-029152.mp3,1
males\sample-029158.mp3,1
males\sample-029159.mp3,1
males\sample-029164.mp3,1
males\sample-029165.mp3,1
males\sample-029166.mp3,1
males\sample-029169.mp3,1
males\sample-029173.mp3,1
males\sample-029174.mp3,1
males\sample-029176.mp3,1
males\sample-029178.mp3,1
males\sample-029190.mp3,1
males\sample-029191.mp3,1
males\sample-029193.mp3,1
males\sample-029195.mp3,1
males\sample-029196.mp3,1
males\sample-029220.mp3,1
males\sample-029222.mp3,1
males\sample-029226.mp3,1
males\sample-029233.mp3,1
males\sample-029242.mp3,1
males\sample-029244.mp3,1
males\sample-029250.mp3,1
males\sample-029253.mp3,1
males\sample-029255.mp3,1
males\sample-029260.mp3,1
males\sample-029265.mp3,1
males\sample-029266.mp3,1
males\sample-029268.mp3,1
males\sample-029272.mp3,1
males\sample-029273.mp3,1
males\sample-029274.mp3,1
males\sample-029277.mp3,1
males\sample-029278.mp3,1
males\sample-029279.mp3,1
males\sample-029282.mp3,1
males\sample-029285.mp3,1
males\sample-029287.mp3,1
males\sample-029289.mp3,1
males\sample-029297.mp3,1
males\sample-029301.mp3,1
males\sample-029303.mp3,1
males\sample-029306.mp3,1
males\sample-029310.mp3,1
males\sample-029314.mp3,1
males\sample-029319.mp3,1
males\sample-029328.mp3,1
males\sample-029336.mp3,1
males\sample-029339.mp3,1
males\sample-029348.mp3,1
males\sample-029351.mp3,1
males\sample-029354.mp3,1
males\sample-029356.mp3,1
males\sample-029358.mp3,1
males\sample-029368.mp3,1
males\sample-029374.mp3,1
males\sample-029376.mp3,1
males\sample-029383.mp3,1
males\sample-029384.mp3,1
males\sample-029388.mp3,1
males\sample-029389.mp3,1
males\sample-029390.mp3,1
males\sample-029391.mp3,1
males\sample-029393.mp3,1
males\sample-029395.mp3,1
males\sample-029397.mp3,1
males\sample-029410.mp3,1
males\sample-029415.mp3,1
males\sample-029420.mp3,1
males\sample-029423.mp3,1
males\sample-029424.mp3,1
males\sample-029429.mp3,1
males\sample-029434.mp3,1
males\sample-029436.mp3,1
males\sample-029439.mp3,1
males\sample-029444.mp3,1
males\sample-029446.mp3,1
males\sample-029447.mp3,1
males\sample-029453.mp3,1
males\sample-029454.mp3,1
males\sample-029456.mp3,1
males\sample-029458.mp3,1
males\sample-029464.mp3,1
males\sample-029467.mp3,1
males\sample-029470.mp3,1
males\sample-029473.mp3,1
males\sample-029477.mp3,1
males\sample-029478.mp3,1
males\sample-029481.mp3,1
males\sample-029486.mp3,1
males\sample-029487.mp3,1
males\sample-029489.mp3,1
males\sample-029502.mp3,1
males\sample-029507.mp3,1
males\sample-029508.mp3,1
males\sample-029512.mp3,1
males\sample-029514.mp3,1
males\sample-029517.mp3,1
males\sample-029518.mp3,1
males\sample-029520.mp3,1
males\sample-029522.mp3,1
males\sample-029525.mp3,1
males\sample-029527.mp3,1
males\sample-029531.mp3,1
males\sample-029542.mp3,1
males\sample-029544.mp3,1
males\sample-029547.mp3,1
males\sample-029549.mp3,1
males\sample-029565.mp3,1
males\sample-029568.mp3,1
males\sample-029569.mp3,1
males\sample-029570.mp3,1
males\sample-029573.mp3,1
males\sample-029574.mp3,1
males\sample-029576.mp3,1
males\sample-029590.mp3,1
males\sample-029593.mp3,1
males\sample-029602.mp3,1
males\sample-029611.mp3,1
males\sample-029613.mp3,1
males\sample-029624.mp3,1
males\sample-029625.mp3,1
males\sample-029636.mp3,1
males\sample-029639.mp3,1
males\sample-029656.mp3,1
males\sample-029661.mp3,1
males\sample-029666.mp3,1
males\sample-029671.mp3,1
males\sample-029673.mp3,1
males\sample-029677.mp3,1
males\sample-029679.mp3,1
males\sample-029687.mp3,1
males\sample-029690.mp3,1
males\sample-029692.mp3,1
males\sample-029695.mp3,1
males\sample-029698.mp3,1
males\sample-029701.mp3,1
males\sample-029702.mp3,1
males\sample-029704.mp3,1
males\sample-029707.mp3,1
males\sample-029717.mp3,1
males\sample-029720.mp3,1
males\sample-029728.mp3,1
males\sample-029730.mp3,1
males\sample-029731.mp3,1
males\sample-029732.mp3,1
males\sample-029736.mp3,1
males\sample-029739.mp3,1
males\sample-029740.mp3,1
males\sample-029741.mp3,1
males\sample-029747.mp3,1
males\sample-029748.mp3,1
males\sample-029750.mp3,1
males\sample-029755.mp3,1
males\sample-029756.mp3,1
males\sample-029760.mp3,1
males\sample-029761.mp3,1
males\sample-029762.mp3,1
males\sample-029764.mp3,1
males\sample-029765.mp3,1
males\sample-029768.mp3,1
males\sample-029775.mp3,1
males\sample-029784.mp3,1
males\sample-029786.mp3,1
males\sample-029793.mp3,1
males\sample-029797.mp3,1
males\sample-029799.mp3,1
males\sample-029808.mp3,1
males\sample-029820.mp3,1
males\sample-029824.mp3,1
males\sample-029825.mp3,1
males\sample-029832.mp3,1
males\sample-029840.mp3,1
males\sample-029842.mp3,1
males\sample-029848.mp3,1
males\sample-029851.mp3,1
males\sample-029852.mp3,1
males\sample-029854.mp3,1
males\sample-029855.mp3,1
males\sample-029859.mp3,1
males\sample-029865.mp3,1
males\sample-029867.mp3,1
males\sample-029871.mp3,1
males\sample-029875.mp3,1
males\sample-029877.mp3,1
males\sample-029881.mp3,1
males\sample-029883.mp3,1
males\sample-029896.mp3,1
males\sample-029897.mp3,1
males\sample-029901.mp3,1
males\sample-029902.mp3,1
males\sample-029905.mp3,1
males\sample-029907.mp3,1
males\sample-029908.mp3,1
males\sample-029909.mp3,1
males\sample-029911.mp3,1
males\sample-029914.mp3,1
males\sample-029928.mp3,1
males\sample-029929.mp3,1
males\sample-029931.mp3,1
males\sample-029933.mp3,1
males\sample-029937.mp3,1
males\sample-029942.mp3,1
males\sample-029943.mp3,1
males\sample-029945.mp3,1
males\sample-029949.mp3,1
males\sample-029952.mp3,1
males\sample-029956.mp3,1
males\sample-029969.mp3,1
males\sample-029970.mp3,1
males\sample-029980.mp3,1
males\sample-029990.mp3,1
males\sample-029991.mp3,1
males\sample-029993.mp3,1
males\sample-029998.mp3,1
males\sample-030000.mp3,1
males\sample-030001.mp3,1
males\sample-030002.mp3,1
males\sample-030007.mp3,1
males\sample-030014.mp3,1
males\sample-030029.mp3,1
males\sample-030038.mp3,1
males\sample-030041.mp3,1
males\sample-030044.mp3,1
males\sample-030053.mp3,1
males\sample-030060.mp3,1
males\sample-030062.mp3,1
males\sample-030065.mp3,1
males\sample-030066.mp3,1
males\sample-030067.mp3,1
males\sample-030072.mp3,1
males\sample-030074.mp3,1
males\sample-030078.mp3,1
males\sample-030084.mp3,1
males\sample-030090.mp3,1
males\sample-030097.mp3,1
males\sample-030105.mp3,1
males\sample-030112.mp3,1
males\sample-030114.mp3,1
males\sample-030119.mp3,1
males\sample-030120.mp3,1
males\sample-030133.mp3,1
males\sample-030136.mp3,1
males\sample-030137.mp3,1
males\sample-030146.mp3,1
males\sample-030163.mp3,1
males\sample-030166.mp3,1
males\sample-030169.mp3,1
males\sample-030185.mp3,1
males\sample-030187.mp3,1
males\sample-030188.mp3,1
males\sample-030190.mp3,1
males\sample-030194.mp3,1
males\sample-030195.mp3,1
males\sample-030204.mp3,1
males\sample-030211.mp3,1
males\sample-030222.mp3,1
males\sample-030225.mp3,1
males\sample-030226.mp3,1
males\sample-030228.mp3,1
males\sample-030230.mp3,1
males\sample-030231.mp3,1
males\sample-030236.mp3,1
males\sample-030237.mp3,1
males\sample-030244.mp3,1
males\sample-030250.mp3,1
males\sample-030253.mp3,1
males\sample-030254.mp3,1
males\sample-030259.mp3,1
males\sample-030273.mp3,1
males\sample-030277.mp3,1
males\sample-030282.mp3,1
males\sample-030284.mp3,1
males\sample-030288.mp3,1
males\sample-030292.mp3,1
males\sample-030294.mp3,1
males\sample-030298.mp3,1
males\sample-030299.mp3,1
males\sample-030300.mp3,1
males\sample-030304.mp3,1
males\sample-030310.mp3,1
males\sample-030311.mp3,1
males\sample-030330.mp3,1
males\sample-030331.mp3,1
males\sample-030334.mp3,1
males\sample-030335.mp3,1
males\sample-030339.mp3,1
males\sample-030343.mp3,1
males\sample-030348.mp3,1
males\sample-030354.mp3,1
males\sample-030359.mp3,1
males\sample-030372.mp3,1
males\sample-030378.mp3,1
males\sample-030383.mp3,1
males\sample-030386.mp3,1
males\sample-030388.mp3,1
males\sample-030400.mp3,1
males\sample-030422.mp3,1
males\sample-030423.mp3,1
males\sample-030424.mp3,1
males\sample-030429.mp3,1
males\sample-030433.mp3,1
males\sample-030434.mp3,1
males\sample-030435.mp3,1
males\sample-030438.mp3,1
males\sample-030440.mp3,1
males\sample-030443.mp3,1
males\sample-030454.mp3,1
males\sample-030458.mp3,1
males\sample-030462.mp3,1
males\sample-030467.mp3,1
males\sample-030470.mp3,1
males\sample-030478.mp3,1
males\sample-030485.mp3,1
males\sample-030490.mp3,1
males\sample-030491.mp3,1
males\sample-030493.mp3,1
males\sample-030496.mp3,1
males\sample-030500.mp3,1
males\sample-030508.mp3,1
males\sample-030509.mp3,1
males\sample-030520.mp3,1
males\sample-030523.mp3,1
males\sample-030525.mp3,1
males\sample-030530.mp3,1
males\sample-030531.mp3,1
males\sample-030532.mp3,1
males\sample-030536.mp3,1
males\sample-030554.mp3,1
males\sample-030563.mp3,1
males\sample-030567.mp3,1
males\sample-030571.mp3,1
males\sample-030576.mp3,1
males\sample-030586.mp3,1
males\sample-030591.mp3,1
males\sample-030598.mp3,1
males\sample-030602.mp3,1
males\sample-030610.mp3,1
males\sample-030611.mp3,1
males\sample-030616.mp3,1
males\sample-030621.mp3,1
males\sample-030629.mp3,1
males\sample-030639.mp3,1
males\sample-030643.mp3,1
males\sample-030645.mp3,1
males\sample-030652.mp3,1
males\sample-030656.mp3,1
males\sample-030664.mp3,1
males\sample-030665.mp3,1
males\sample-030667.mp3,1
males\sample-030670.mp3,1
males\sample-030673.mp3,1
males\sample-030682.mp3,1
males\sample-030684.mp3,1
males\sample-030685.mp3,1
males\sample-030689.mp3,1
males\sample-030690.mp3,1
males\sample-030695.mp3,1
males\sample-030698.mp3,1
males\sample-030702.mp3,1
males\sample-030703.mp3,1
males\sample-030706.mp3,1
males\sample-030709.mp3,1
males\sample-030719.mp3,1
males\sample-030720.mp3,1
males\sample-030724.mp3,1
males\sample-030727.mp3,1
males\sample-030737.mp3,1
males\sample-030749.mp3,1
males\sample-030755.mp3,1
males\sample-030757.mp3,1
males\sample-030764.mp3,1
males\sample-030765.mp3,1
males\sample-030778.mp3,1
males\sample-030793.mp3,1
males\sample-030794.mp3,1
males\sample-030799.mp3,1
males\sample-030801.mp3,1
males\sample-030805.mp3,1
males\sample-030809.mp3,1
males\sample-030813.mp3,1
males\sample-030817.mp3,1
males\sample-030819.mp3,1
males\sample-030823.mp3,1
males\sample-030826.mp3,1
males\sample-030828.mp3,1
males\sample-030831.mp3,1
males\sample-030832.mp3,1
males\sample-030836.mp3,1
males\sample-030838.mp3,1
males\sample-030839.mp3,1
males\sample-030845.mp3,1
males\sample-030847.mp3,1
males\sample-030849.mp3,1
males\sample-030855.mp3,1
males\sample-030857.mp3,1
males\sample-030862.mp3,1
males\sample-030872.mp3,1
males\sample-030873.mp3,1
males\sample-030874.mp3,1
males\sample-030877.mp3,1
males\sample-030878.mp3,1
males\sample-030879.mp3,1
males\sample-030880.mp3,1
males\sample-030896.mp3,1
males\sample-030898.mp3,1
males\sample-030899.mp3,1
males\sample-030901.mp3,1
males\sample-030903.mp3,1
males\sample-030917.mp3,1
males\sample-030922.mp3,1
males\sample-030923.mp3,1
males\sample-030926.mp3,1
males\sample-030929.mp3,1
males\sample-030930.mp3,1
males\sample-030931.mp3,1
males\sample-030934.mp3,1
males\sample-030935.mp3,1
males\sample-030938.mp3,1
males\sample-030939.mp3,1
males\sample-030943.mp3,1
males\sample-030952.mp3,1
males\sample-030953.mp3,1
males\sample-030955.mp3,1
males\sample-030959.mp3,1
males\sample-030966.mp3,1
males\sample-030969.mp3,1
males\sample-030972.mp3,1
males\sample-030977.mp3,1
males\sample-030993.mp3,1
males\sample-031004.mp3,1
males\sample-031009.mp3,1
males\sample-031012.mp3,1
males\sample-031013.mp3,1
males\sample-031019.mp3,1
males\sample-031022.mp3,1
males\sample-031032.mp3,1
males\sample-031034.mp3,1
males\sample-031036.mp3,1
males\sample-031039.mp3,1
males\sample-031040.mp3,1
males\sample-031041.mp3,1
males\sample-031050.mp3,1
males\sample-031052.mp3,1
males\sample-031063.mp3,1
males\sample-031064.mp3,1
males\sample-031066.mp3,1
males\sample-031070.mp3,1
males\sample-031083.mp3,1
males\sample-031085.mp3,1
males\sample-031091.mp3,1
males\sample-031092.mp3,1
males\sample-031096.mp3,1
males\sample-031098.mp3,1
males\sample-031099.mp3,1
males\sample-031105.mp3,1
males\sample-031107.mp3,1
males\sample-031112.mp3,1
males\sample-031113.mp3,1
males\sample-031118.mp3,1
males\sample-031121.mp3,1
males\sample-031122.mp3,1
males\sample-031134.mp3,1
males\sample-031135.mp3,1
males\sample-031136.mp3,1
males\sample-031138.mp3,1
males\sample-031143.mp3,1
males\sample-031144.mp3,1
males\sample-031146.mp3,1
males\sample-031148.mp3,1
males\sample-031150.mp3,1
males\sample-031151.mp3,1
males\sample-031165.mp3,1
males\sample-031168.mp3,1
males\sample-031172.mp3,1
males\sample-031175.mp3,1
males\sample-031179.mp3,1
males\sample-031180.mp3,1
males\sample-031182.mp3,1
males\sample-031184.mp3,1
males\sample-031191.mp3,1
males\sample-031196.mp3,1
males\sample-031201.mp3,1
males\sample-031207.mp3,1
males\sample-031215.mp3,1
males\sample-031222.mp3,1
males\sample-031223.mp3,1
males\sample-031224.mp3,1
males\sample-031226.mp3,1
males\sample-031233.mp3,1
males\sample-031238.mp3,1
males\sample-031240.mp3,1
males\sample-031247.mp3,1
males\sample-031249.mp3,1
males\sample-031251.mp3,1
males\sample-031252.mp3,1
males\sample-031254.mp3,1
males\sample-031255.mp3,1
males\sample-031258.mp3,1
males\sample-031262.mp3,1
males\sample-031263.mp3,1
males\sample-031267.mp3,1
males\sample-031269.mp3,1
males\sample-031278.mp3,1
males\sample-031281.mp3,1
males\sample-031283.mp3,1
males\sample-031293.mp3,1
males\sample-031297.mp3,1
males\sample-031302.mp3,1
males\sample-031305.mp3,1
males\sample-031306.mp3,1
males\sample-031314.mp3,1
males\sample-031316.mp3,1
males\sample-031323.mp3,1
males\sample-031327.mp3,1
males\sample-031332.mp3,1
males\sample-031339.mp3,1
males\sample-031341.mp3,1
males\sample-031345.mp3,1
males\sample-031353.mp3,1
males\sample-031354.mp3,1
males\sample-031356.mp3,1
males\sample-031357.mp3,1
males\sample-031362.mp3,1
males\sample-031368.mp3,1
males\sample-031378.mp3,1
males\sample-031385.mp3,1
males\sample-031391.mp3,1
males\sample-031392.mp3,1
males\sample-031396.mp3,1
males\sample-031401.mp3,1
males\sample-031404.mp3,1
males\sample-031405.mp3,1
males\sample-031418.mp3,1
males\sample-031421.mp3,1
males\sample-031424.mp3,1
males\sample-031441.mp3,1
males\sample-031457.mp3,1
males\sample-031461.mp3,1
males\sample-031467.mp3,1
males\sample-031471.mp3,1
males\sample-031477.mp3,1
males\sample-031478.mp3,1
males\sample-031480.mp3,1
males\sample-031481.mp3,1
males\sample-031482.mp3,1
males\sample-031485.mp3,1
males\sample-031494.mp3,1
males\sample-031495.mp3,1
males\sample-031498.mp3,1
males\sample-031499.mp3,1
males\sample-031503.mp3,1
males\sample-031505.mp3,1
males\sample-031508.mp3,1
males\sample-031510.mp3,1
males\sample-031517.mp3,1
males\sample-031518.mp3,1
males\sample-031519.mp3,1
males\sample-031525.mp3,1
males\sample-031528.mp3,1
males\sample-031533.mp3,1
males\sample-031535.mp3,1
males\sample-031537.mp3,1
males\sample-031549.mp3,1
males\sample-031550.mp3,1
males\sample-031553.mp3,1
males\sample-031554.mp3,1
males\sample-031559.mp3,1
males\sample-031566.mp3,1
males\sample-031567.mp3,1
males\sample-031568.mp3,1
males\sample-031578.mp3,1
males\sample-031580.mp3,1
males\sample-031582.mp3,1
males\sample-031592.mp3,1
males\sample-031594.mp3,1
males\sample-031598.mp3,1
males\sample-031603.mp3,1
males\sample-031605.mp3,1
males\sample-031609.mp3,1
males\sample-031612.mp3,1
males\sample-031630.mp3,1
males\sample-031632.mp3,1
males\sample-031633.mp3,1
males\sample-031638.mp3,1
males\sample-031645.mp3,1
males\sample-031664.mp3,1
males\sample-031673.mp3,1
males\sample-031679.mp3,1
males\sample-031681.mp3,1
males\sample-031683.mp3,1
males\sample-031685.mp3,1
males\sample-031689.mp3,1
males\sample-031692.mp3,1
males\sample-031697.mp3,1
males\sample-031698.mp3,1
males\sample-031703.mp3,1
males\sample-031706.mp3,1
males\sample-031711.mp3,1
males\sample-031728.mp3,1
males\sample-031732.mp3,1
males\sample-031738.mp3,1
males\sample-031740.mp3,1
males\sample-031742.mp3,1
males\sample-031746.mp3,1
males\sample-031750.mp3,1
males\sample-031752.mp3,1
males\sample-031768.mp3,1
males\sample-031782.mp3,1
males\sample-031784.mp3,1
males\sample-031786.mp3,1
males\sample-031792.mp3,1
males\sample-031795.mp3,1
males\sample-031796.mp3,1
males\sample-031800.mp3,1
males\sample-031805.mp3,1
males\sample-031808.mp3,1
males\sample-031809.mp3,1
males\sample-031817.mp3,1
males\sample-031818.mp3,1
males\sample-031820.mp3,1
males\sample-031830.mp3,1
males\sample-031838.mp3,1
males\sample-031844.mp3,1
males\sample-031850.mp3,1
males\sample-031853.mp3,1
males\sample-031861.mp3,1
males\sample-031862.mp3,1
males\sample-031867.mp3,1
males\sample-031874.mp3,1
males\sample-031875.mp3,1
males\sample-031878.mp3,1
males\sample-031879.mp3,1
males\sample-031882.mp3,1
males\sample-031887.mp3,1
males\sample-031890.mp3,1
males\sample-031893.mp3,1
males\sample-031898.mp3,1
males\sample-031899.mp3,1
males\sample-031903.mp3,1
males\sample-031915.mp3,1
males\sample-031917.mp3,1
males\sample-031920.mp3,1
males\sample-031921.mp3,1
males\sample-031923.mp3,1
males\sample-031924.mp3,1
males\sample-031930.mp3,1
males\sample-031933.mp3,1
males\sample-031936.mp3,1
males\sample-031938.mp3,1
males\sample-031944.mp3,1
males\sample-031951.mp3,1
males\sample-031952.mp3,1
males\sample-031953.mp3,1
males\sample-031956.mp3,1
males\sample-031960.mp3,1
males\sample-031964.mp3,1
males\sample-031967.mp3,1
males\sample-031968.mp3,1
males\sample-031970.mp3,1
males\sample-031984.mp3,1
males\sample-031985.mp3,1
males\sample-031986.mp3,1
males\sample-031987.mp3,1
males\sample-031993.mp3,1
males\sample-032007.mp3,1
males\sample-032009.mp3,1
males\sample-032011.mp3,1
males\sample-032026.mp3,1
males\sample-032028.mp3,1
males\sample-032034.mp3,1
males\sample-032037.mp3,1
males\sample-032045.mp3,1
males\sample-032046.mp3,1
males\sample-032053.mp3,1
males\sample-032067.mp3,1
males\sample-032073.mp3,1
males\sample-032075.mp3,1
males\sample-032076.mp3,1
males\sample-032088.mp3,1
males\sample-032094.mp3,1
males\sample-032095.mp3,1
males\sample-032101.mp3,1
males\sample-032103.mp3,1
males\sample-032104.mp3,1
males\sample-032105.mp3,1
males\sample-032106.mp3,1
males\sample-032111.mp3,1
males\sample-032112.mp3,1
males\sample-032121.mp3,1
males\sample-032122.mp3,1
males\sample-032126.mp3,1
males\sample-032128.mp3,1
males\sample-032130.mp3,1
males\sample-032133.mp3,1
males\sample-032135.mp3,1
males\sample-032136.mp3,1
males\sample-032143.mp3,1
males\sample-032150.mp3,1
males\sample-032152.mp3,1
males\sample-032159.mp3,1
males\sample-032160.mp3,1
males\sample-032161.mp3,1
males\sample-032163.mp3,1
males\sample-032165.mp3,1
males\sample-032166.mp3,1
males\sample-032170.mp3,1
males\sample-032174.mp3,1
males\sample-032175.mp3,1
males\sample-032182.mp3,1
males\sample-032185.mp3,1
males\sample-032187.mp3,1
males\sample-032191.mp3,1
males\sample-032192.mp3,1
males\sample-032194.mp3,1
males\sample-032196.mp3,1
males\sample-032199.mp3,1
males\sample-032203.mp3,1
males\sample-032217.mp3,1
males\sample-032218.mp3,1
males\sample-032228.mp3,1
males\sample-032234.mp3,1
males\sample-032242.mp3,1
males\sample-032253.mp3,1
males\sample-032254.mp3,1
males\sample-032256.mp3,1
males\sample-032258.mp3,1
males\sample-032274.mp3,1
males\sample-032278.mp3,1
males\sample-032289.mp3,1
males\sample-032298.mp3,1
males\sample-032299.mp3,1
males\sample-032300.mp3,1
males\sample-032304.mp3,1
males\sample-032309.mp3,1
males\sample-032311.mp3,1
males\sample-032314.mp3,1
males\sample-032328.mp3,1
males\sample-032336.mp3,1
males\sample-032338.mp3,1
males\sample-032343.mp3,1
males\sample-032345.mp3,1
males\sample-032347.mp3,1
males\sample-032348.mp3,1
males\sample-032349.mp3,1
males\sample-032350.mp3,1
males\sample-032353.mp3,1
males\sample-032354.mp3,1
males\sample-032357.mp3,1
males\sample-032359.mp3,1
males\sample-032360.mp3,1
males\sample-032364.mp3,1
males\sample-032377.mp3,1
males\sample-032379.mp3,1
males\sample-032381.mp3,1
males\sample-032383.mp3,1
males\sample-032387.mp3,1
males\sample-032393.mp3,1
males\sample-032394.mp3,1
males\sample-032395.mp3,1
males\sample-032402.mp3,1
males\sample-032404.mp3,1
males\sample-032407.mp3,1
males\sample-032414.mp3,1
males\sample-032420.mp3,1
males\sample-032423.mp3,1
males\sample-032424.mp3,1
males\sample-032425.mp3,1
males\sample-032433.mp3,1
males\sample-032435.mp3,1
males\sample-032437.mp3,1
males\sample-032441.mp3,1
males\sample-032444.mp3,1
males\sample-032446.mp3,1
males\sample-032447.mp3,1
males\sample-032448.mp3,1
males\sample-032452.mp3,1
males\sample-032454.mp3,1
males\sample-032457.mp3,1
males\sample-032462.mp3,1
males\sample-032464.mp3,1
males\sample-032467.mp3,1
males\sample-032469.mp3,1
males\sample-032478.mp3,1
males\sample-032479.mp3,1
males\sample-032481.mp3,1
males\sample-032483.mp3,1
males\sample-032484.mp3,1
males\sample-032486.mp3,1
males\sample-032492.mp3,1
males\sample-032502.mp3,1
males\sample-032504.mp3,1
males\sample-032506.mp3,1
males\sample-032507.mp3,1
males\sample-032511.mp3,1
males\sample-032520.mp3,1
males\sample-032522.mp3,1
males\sample-032523.mp3,1
males\sample-032529.mp3,1
males\sample-032530.mp3,1
males\sample-032531.mp3,1
males\sample-032534.mp3,1
males\sample-032537.mp3,1
males\sample-032542.mp3,1
males\sample-032543.mp3,1
males\sample-032545.mp3,1
males\sample-032548.mp3,1
males\sample-032550.mp3,1
males\sample-032554.mp3,1
males\sample-032564.mp3,1
males\sample-032572.mp3,1
males\sample-032577.mp3,1
males\sample-032583.mp3,1
males\sample-032584.mp3,1
males\sample-032586.mp3,1
males\sample-032588.mp3,1
males\sample-032589.mp3,1
males\sample-032595.mp3,1
males\sample-032597.mp3,1
males\sample-032599.mp3,1
males\sample-032603.mp3,1
males\sample-032604.mp3,1
males\sample-032616.mp3,1
males\sample-032621.mp3,1
males\sample-032623.mp3,1
males\sample-032624.mp3,1
males\sample-032635.mp3,1
males\sample-032645.mp3,1
males\sample-032650.mp3,1
males\sample-032653.mp3,1
males\sample-032661.mp3,1
males\sample-032665.mp3,1
males\sample-032675.mp3,1
males\sample-032679.mp3,1
males\sample-032683.mp3,1
males\sample-032684.mp3,1
males\sample-032685.mp3,1
males\sample-032686.mp3,1
males\sample-032693.mp3,1
males\sample-032695.mp3,1
males\sample-032698.mp3,1
males\sample-032703.mp3,1
males\sample-032707.mp3,1
males\sample-032708.mp3,1
males\sample-032710.mp3,1
males\sample-032712.mp3,1
males\sample-032714.mp3,1
males\sample-032718.mp3,1
males\sample-032719.mp3,1
males\sample-032720.mp3,1
males\sample-032721.mp3,1
males\sample-032731.mp3,1
males\sample-032735.mp3,1
males\sample-032742.mp3,1
males\sample-032747.mp3,1
males\sample-032749.mp3,1
males\sample-032753.mp3,1
males\sample-032755.mp3,1
males\sample-032763.mp3,1
males\sample-032771.mp3,1
males\sample-032773.mp3,1
males\sample-032783.mp3,1
males\sample-032784.mp3,1
males\sample-032786.mp3,1
males\sample-032798.mp3,1
males\sample-032802.mp3,1
males\sample-032806.mp3,1
males\sample-032816.mp3,1
males\sample-032820.mp3,1
males\sample-032823.mp3,1
males\sample-032825.mp3,1
males\sample-032828.mp3,1
males\sample-032830.mp3,1
males\sample-032836.mp3,1
males\sample-032838.mp3,1
males\sample-032843.mp3,1
males\sample-032846.mp3,1
males\sample-032852.mp3,1
males\sample-032855.mp3,1
males\sample-032856.mp3,1
males\sample-032857.mp3,1
males\sample-032860.mp3,1
males\sample-032887.mp3,1
males\sample-032888.mp3,1
males\sample-032892.mp3,1
males\sample-032897.mp3,1
males\sample-032898.mp3,1
males\sample-032900.mp3,1
males\sample-032908.mp3,1
males\sample-032910.mp3,1
males\sample-032912.mp3,1
males\sample-032913.mp3,1
males\sample-032915.mp3,1
males\sample-032916.mp3,1
males\sample-032921.mp3,1
males\sample-032922.mp3,1
males\sample-032925.mp3,1
males\sample-032930.mp3,1
males\sample-032933.mp3,1
males\sample-032937.mp3,1
males\sample-032939.mp3,1
males\sample-032947.mp3,1
males\sample-032949.mp3,1
males\sample-032952.mp3,1
males\sample-032954.mp3,1
males\sample-032956.mp3,1
males\sample-032960.mp3,1
males\sample-032965.mp3,1
males\sample-032968.mp3,1
males\sample-032969.mp3,1
males\sample-032971.mp3,1
males\sample-032983.mp3,1
males\sample-032985.mp3,1
males\sample-032989.mp3,1
males\sample-032993.mp3,1
males\sample-032996.mp3,1
males\sample-033004.mp3,1
males\sample-033017.mp3,1
males\sample-033021.mp3,1
males\sample-033024.mp3,1
males\sample-033038.mp3,1
males\sample-033040.mp3,1
males\sample-033051.mp3,1
males\sample-033058.mp3,1
males\sample-033060.mp3,1
males\sample-033062.mp3,1
males\sample-033065.mp3,1
males\sample-033072.mp3,1
males\sample-033075.mp3,1
males\sample-033078.mp3,1
males\sample-033083.mp3,1
males\sample-033089.mp3,1
males\sample-033101.mp3,1
males\sample-033104.mp3,1
males\sample-033112.mp3,1
males\sample-033120.mp3,1
males\sample-033125.mp3,1
males\sample-033127.mp3,1
males\sample-033128.mp3,1
males\sample-033135.mp3,1
males\sample-033136.mp3,1
males\sample-033139.mp3,1
males\sample-033142.mp3,1
males\sample-033143.mp3,1
males\sample-033144.mp3,1
males\sample-033146.mp3,1
males\sample-033153.mp3,1
males\sample-033159.mp3,1
males\sample-033162.mp3,1
males\sample-033167.mp3,1
males\sample-033168.mp3,1
males\sample-033176.mp3,1
males\sample-033177.mp3,1
males\sample-033181.mp3,1
males\sample-033184.mp3,1
males\sample-033185.mp3,1
males\sample-033187.mp3,1
males\sample-033189.mp3,1
males\sample-033201.mp3,1
males\sample-033204.mp3,1
males\sample-033208.mp3,1
males\sample-033210.mp3,1
males\sample-033214.mp3,1
males\sample-033217.mp3,1
males\sample-033218.mp3,1
males\sample-033221.mp3,1
males\sample-033223.mp3,1
males\sample-033224.mp3,1
males\sample-033226.mp3,1
males\sample-033229.mp3,1
males\sample-033230.mp3,1
males\sample-033233.mp3,1
males\sample-033237.mp3,1
males\sample-033240.mp3,1
males\sample-033247.mp3,1
males\sample-033251.mp3,1
males\sample-033252.mp3,1
males\sample-033255.mp3,1
males\sample-033256.mp3,1
males\sample-033258.mp3,1
males\sample-033259.mp3,1
males\sample-033262.mp3,1
males\sample-033266.mp3,1
males\sample-033267.mp3,1
males\sample-033270.mp3,1
males\sample-033273.mp3,1
males\sample-033274.mp3,1
males\sample-033276.mp3,1
males\sample-033293.mp3,1
males\sample-033298.mp3,1
males\sample-033303.mp3,1
males\sample-033308.mp3,1
males\sample-033310.mp3,1
males\sample-033320.mp3,1
males\sample-033325.mp3,1
males\sample-033326.mp3,1
males\sample-033328.mp3,1
males\sample-033334.mp3,1
males\sample-033335.mp3,1
males\sample-033338.mp3,1
males\sample-033345.mp3,1
males\sample-033348.mp3,1
males\sample-033352.mp3,1
males\sample-033357.mp3,1
males\sample-033363.mp3,1
males\sample-033367.mp3,1
males\sample-033369.mp3,1
males\sample-033373.mp3,1
males\sample-033375.mp3,1
males\sample-033387.mp3,1
males\sample-033399.mp3,1
males\sample-033400.mp3,1
males\sample-033401.mp3,1
males\sample-033404.mp3,1
males\sample-033411.mp3,1
males\sample-033418.mp3,1
males\sample-033439.mp3,1
males\sample-033447.mp3,1
males\sample-033455.mp3,1
males\sample-033463.mp3,1
males\sample-033468.mp3,1
males\sample-033473.mp3,1
males\sample-033474.mp3,1
males\sample-033481.mp3,1
males\sample-033482.mp3,1
males\sample-033483.mp3,1
males\sample-033485.mp3,1
males\sample-033488.mp3,1
males\sample-033493.mp3,1
males\sample-033494.mp3,1
males\sample-033501.mp3,1
males\sample-033504.mp3,1
males\sample-033507.mp3,1
males\sample-033508.mp3,1
males\sample-033511.mp3,1
males\sample-033512.mp3,1
males\sample-033518.mp3,1
males\sample-033525.mp3,1
males\sample-033529.mp3,1
males\sample-033535.mp3,1
males\sample-033536.mp3,1
males\sample-033539.mp3,1
males\sample-033544.mp3,1
males\sample-033545.mp3,1
males\sample-033548.mp3,1
males\sample-033555.mp3,1
males\sample-033566.mp3,1
males\sample-033570.mp3,1
males\sample-033583.mp3,1
males\sample-033584.mp3,1
males\sample-033588.mp3,1
males\sample-033597.mp3,1
males\sample-033598.mp3,1
males\sample-033602.mp3,1
males\sample-033603.mp3,1
males\sample-033608.mp3,1
males\sample-033615.mp3,1
males\sample-033618.mp3,1
males\sample-033621.mp3,1
males\sample-033634.mp3,1
males\sample-033646.mp3,1
males\sample-033647.mp3,1
males\sample-033648.mp3,1
males\sample-033650.mp3,1
males\sample-033660.mp3,1
males\sample-033669.mp3,1
males\sample-033671.mp3,1
males\sample-033673.mp3,1
males\sample-033677.mp3,1
males\sample-033680.mp3,1
males\sample-033684.mp3,1
males\sample-033692.mp3,1
males\sample-033693.mp3,1
males\sample-033708.mp3,1
males\sample-033709.mp3,1
males\sample-033711.mp3,1
males\sample-033714.mp3,1
males\sample-033722.mp3,1
males\sample-033724.mp3,1
males\sample-033726.mp3,1
males\sample-033731.mp3,1
males\sample-033736.mp3,1
males\sample-033744.mp3,1
males\sample-033746.mp3,1
males\sample-033747.mp3,1
males\sample-033753.mp3,1
males\sample-033757.mp3,1
males\sample-033758.mp3,1
males\sample-033762.mp3,1
males\sample-033773.mp3,1
males\sample-033779.mp3,1
males\sample-033782.mp3,1
males\sample-033787.mp3,1
males\sample-033791.mp3,1
males\sample-033793.mp3,1
males\sample-033796.mp3,1
males\sample-033803.mp3,1
males\sample-033804.mp3,1
males\sample-033805.mp3,1
males\sample-033811.mp3,1
males\sample-033812.mp3,1
males\sample-033814.mp3,1
males\sample-033817.mp3,1
males\sample-033821.mp3,1
males\sample-033822.mp3,1
males\sample-033823.mp3,1
males\sample-033834.mp3,1
males\sample-033836.mp3,1
males\sample-033839.mp3,1
males\sample-033850.mp3,1
males\sample-033856.mp3,1
males\sample-033859.mp3,1
males\sample-033861.mp3,1
males\sample-033872.mp3,1
males\sample-033873.mp3,1
males\sample-033879.mp3,1
males\sample-033881.mp3,1
males\sample-033883.mp3,1
males\sample-033888.mp3,1
males\sample-033889.mp3,1
males\sample-033890.mp3,1
males\sample-033892.mp3,1
males\sample-033895.mp3,1
males\sample-033900.mp3,1
males\sample-033902.mp3,1
males\sample-033904.mp3,1
males\sample-033905.mp3,1
males\sample-033907.mp3,1
males\sample-033912.mp3,1
males\sample-033916.mp3,1
males\sample-033917.mp3,1
males\sample-033920.mp3,1
males\sample-033921.mp3,1
males\sample-033922.mp3,1
males\sample-033926.mp3,1
males\sample-033934.mp3,1
males\sample-033940.mp3,1
males\sample-033941.mp3,1
males\sample-033952.mp3,1
males\sample-033953.mp3,1
males\sample-033963.mp3,1
males\sample-033965.mp3,1
males\sample-033966.mp3,1
males\sample-033973.mp3,1
males\sample-033977.mp3,1
males\sample-033979.mp3,1
males\sample-033984.mp3,1
males\sample-033989.mp3,1
males\sample-033997.mp3,1
males\sample-033999.mp3,1
males\sample-034001.mp3,1
males\sample-034005.mp3,1
males\sample-034007.mp3,1
males\sample-034014.mp3,1
males\sample-034020.mp3,1
males\sample-034031.mp3,1
males\sample-034039.mp3,1
males\sample-034041.mp3,1
males\sample-034059.mp3,1
males\sample-034062.mp3,1
males\sample-034063.mp3,1
males\sample-034065.mp3,1
males\sample-034066.mp3,1
males\sample-034067.mp3,1
males\sample-034068.mp3,1
males\sample-034075.mp3,1
males\sample-034076.mp3,1
males\sample-034078.mp3,1
males\sample-034088.mp3,1
males\sample-034089.mp3,1
males\sample-034097.mp3,1
males\sample-034098.mp3,1
males\sample-034099.mp3,1
males\sample-034100.mp3,1
males\sample-034101.mp3,1
males\sample-034106.mp3,1
males\sample-034113.mp3,1
males\sample-034114.mp3,1
males\sample-034115.mp3,1
males\sample-034117.mp3,1
males\sample-034122.mp3,1
males\sample-034124.mp3,1
males\sample-034127.mp3,1
males\sample-034137.mp3,1
males\sample-034145.mp3,1
males\sample-034151.mp3,1
males\sample-034153.mp3,1
males\sample-034157.mp3,1
males\sample-034161.mp3,1
males\sample-034163.mp3,1
males\sample-034168.mp3,1
males\sample-034169.mp3,1
males\sample-034172.mp3,1
males\sample-034173.mp3,1
males\sample-034176.mp3,1
males\sample-034182.mp3,1
males\sample-034185.mp3,1
males\sample-034186.mp3,1
males\sample-034192.mp3,1
males\sample-034197.mp3,1
males\sample-034198.mp3,1
males\sample-034204.mp3,1
males\sample-034208.mp3,1
males\sample-034212.mp3,1
males\sample-034213.mp3,1
males\sample-034217.mp3,1
males\sample-034238.mp3,1
males\sample-034239.mp3,1
males\sample-034243.mp3,1
males\sample-034250.mp3,1
males\sample-034253.mp3,1
males\sample-034270.mp3,1
males\sample-034273.mp3,1
males\sample-034275.mp3,1
males\sample-034278.mp3,1
males\sample-034288.mp3,1
males\sample-034290.mp3,1
males\sample-034291.mp3,1
males\sample-034292.mp3,1
males\sample-034293.mp3,1
males\sample-034295.mp3,1
males\sample-034297.mp3,1
males\sample-034303.mp3,1
males\sample-034304.mp3,1
males\sample-034307.mp3,1
males\sample-034314.mp3,1
males\sample-034318.mp3,1
males\sample-034320.mp3,1
males\sample-034322.mp3,1
males\sample-034324.mp3,1
males\sample-034330.mp3,1
males\sample-034333.mp3,1
males\sample-034336.mp3,1
males\sample-034339.mp3,1
males\sample-034344.mp3,1
males\sample-034345.mp3,1
males\sample-034348.mp3,1
males\sample-034350.mp3,1
males\sample-034354.mp3,1
males\sample-034363.mp3,1
males\sample-034370.mp3,1
males\sample-034373.mp3,1
males\sample-034376.mp3,1
males\sample-034379.mp3,1
males\sample-034382.mp3,1
males\sample-034384.mp3,1
males\sample-034392.mp3,1
males\sample-034397.mp3,1
males\sample-034402.mp3,1
males\sample-034404.mp3,1
males\sample-034410.mp3,1
males\sample-034416.mp3,1
males\sample-034417.mp3,1
males\sample-034420.mp3,1
males\sample-034424.mp3,1
males\sample-034427.mp3,1
males\sample-034433.mp3,1
males\sample-034435.mp3,1
males\sample-034438.mp3,1
males\sample-034440.mp3,1
males\sample-034445.mp3,1
males\sample-034447.mp3,1
males\sample-034449.mp3,1
males\sample-034458.mp3,1
males\sample-034459.mp3,1
males\sample-034460.mp3,1
males\sample-034461.mp3,1
males\sample-034464.mp3,1
males\sample-034465.mp3,1
males\sample-034468.mp3,1
males\sample-034474.mp3,1
males\sample-034480.mp3,1
males\sample-034486.mp3,1
males\sample-034491.mp3,1
males\sample-034493.mp3,1
males\sample-034497.mp3,1
males\sample-034498.mp3,1
males\sample-034507.mp3,1
males\sample-034510.mp3,1
males\sample-034512.mp3,1
males\sample-034527.mp3,1
males\sample-034529.mp3,1
males\sample-034533.mp3,1
males\sample-034539.mp3,1
males\sample-034542.mp3,1
males\sample-034544.mp3,1
males\sample-034548.mp3,1
males\sample-034554.mp3,1
males\sample-034555.mp3,1
males\sample-034556.mp3,1
males\sample-034560.mp3,1
males\sample-034563.mp3,1
males\sample-034565.mp3,1
males\sample-034573.mp3,1
males\sample-034575.mp3,1
males\sample-034581.mp3,1
males\sample-034582.mp3,1
males\sample-034586.mp3,1
males\sample-034593.mp3,1
males\sample-034602.mp3,1
males\sample-034606.mp3,1
males\sample-034607.mp3,1
males\sample-034608.mp3,1
males\sample-034611.mp3,1
males\sample-034612.mp3,1
males\sample-034616.mp3,1
males\sample-034619.mp3,1
males\sample-034621.mp3,1
males\sample-034631.mp3,1
males\sample-034639.mp3,1
males\sample-034645.mp3,1
males\sample-034646.mp3,1
males\sample-034649.mp3,1
males\sample-034653.mp3,1
males\sample-034657.mp3,1
males\sample-034663.mp3,1
males\sample-034666.mp3,1
males\sample-034668.mp3,1
males\sample-034677.mp3,1
males\sample-034679.mp3,1
males\sample-034686.mp3,1
males\sample-034693.mp3,1
males\sample-034700.mp3,1
males\sample-034701.mp3,1
males\sample-034703.mp3,1
males\sample-034710.mp3,1
males\sample-034719.mp3,1
males\sample-034723.mp3,1
males\sample-034729.mp3,1
males\sample-034733.mp3,1
males\sample-034737.mp3,1
males\sample-034742.mp3,1
males\sample-034746.mp3,1
males\sample-034748.mp3,1
males\sample-034758.mp3,1
males\sample-034761.mp3,1
males\sample-034762.mp3,1
males\sample-034772.mp3,1
males\sample-034775.mp3,1
males\sample-034789.mp3,1
males\sample-034808.mp3,1
males\sample-034809.mp3,1
males\sample-034811.mp3,1
males\sample-034813.mp3,1
males\sample-034814.mp3,1
males\sample-034816.mp3,1
males\sample-034819.mp3,1
males\sample-034823.mp3,1
males\sample-034826.mp3,1
males\sample-034836.mp3,1
males\sample-034839.mp3,1
males\sample-034840.mp3,1
males\sample-034846.mp3,1
males\sample-034855.mp3,1
males\sample-034856.mp3,1
males\sample-034862.mp3,1
males\sample-034863.mp3,1
males\sample-034864.mp3,1
males\sample-034866.mp3,1
males\sample-034871.mp3,1
males\sample-034873.mp3,1
males\sample-034876.mp3,1
males\sample-034877.mp3,1
males\sample-034880.mp3,1
males\sample-034885.mp3,1
males\sample-034886.mp3,1
males\sample-034890.mp3,1
males\sample-034894.mp3,1
males\sample-034900.mp3,1
males\sample-034901.mp3,1
males\sample-034905.mp3,1
males\sample-034928.mp3,1
males\sample-034932.mp3,1
males\sample-034946.mp3,1
males\sample-034955.mp3,1
males\sample-034957.mp3,1
males\sample-034960.mp3,1
males\sample-034965.mp3,1
males\sample-034966.mp3,1
males\sample-034976.mp3,1
males\sample-034978.mp3,1
males\sample-034979.mp3,1
males\sample-034981.mp3,1
males\sample-034987.mp3,1
males\sample-034988.mp3,1
males\sample-034990.mp3,1
males\sample-034993.mp3,1
males\sample-034997.mp3,1
males\sample-034999.mp3,1
males\sample-035012.mp3,1
males\sample-035016.mp3,1
males\sample-035017.mp3,1
males\sample-035027.mp3,1
males\sample-035044.mp3,1
males\sample-035046.mp3,1
males\sample-035048.mp3,1
males\sample-035061.mp3,1
males\sample-035062.mp3,1
males\sample-035074.mp3,1
males\sample-035087.mp3,1
males\sample-035094.mp3,1
males\sample-035098.mp3,1
males\sample-035104.mp3,1
males\sample-035106.mp3,1
males\sample-035108.mp3,1
males\sample-035109.mp3,1
males\sample-035118.mp3,1
males\sample-035119.mp3,1
males\sample-035126.mp3,1
males\sample-035128.mp3,1
males\sample-035130.mp3,1
males\sample-035137.mp3,1
males\sample-035141.mp3,1
males\sample-035148.mp3,1
males\sample-035149.mp3,1
males\sample-035150.mp3,1
males\sample-035151.mp3,1
males\sample-035152.mp3,1
males\sample-035153.mp3,1
males\sample-035157.mp3,1
males\sample-035162.mp3,1
males\sample-035167.mp3,1
males\sample-035175.mp3,1
males\sample-035179.mp3,1
males\sample-035180.mp3,1
males\sample-035183.mp3,1
males\sample-035190.mp3,1
males\sample-035193.mp3,1
males\sample-035194.mp3,1
males\sample-035203.mp3,1
males\sample-035208.mp3,1
males\sample-035221.mp3,1
males\sample-035225.mp3,1
males\sample-035236.mp3,1
males\sample-035241.mp3,1
males\sample-035246.mp3,1
males\sample-035252.mp3,1
males\sample-035254.mp3,1
males\sample-035256.mp3,1
males\sample-035258.mp3,1
males\sample-035261.mp3,1
males\sample-035268.mp3,1
males\sample-035270.mp3,1
males\sample-035277.mp3,1
males\sample-035281.mp3,1
males\sample-035284.mp3,1
males\sample-035287.mp3,1
males\sample-035288.mp3,1
males\sample-035291.mp3,1
males\sample-035292.mp3,1
males\sample-035293.mp3,1
males\sample-035295.mp3,1
males\sample-035298.mp3,1
males\sample-035299.mp3,1
males\sample-035311.mp3,1
males\sample-035322.mp3,1
males\sample-035324.mp3,1
males\sample-035335.mp3,1
males\sample-035348.mp3,1
males\sample-035359.mp3,1
males\sample-035366.mp3,1
males\sample-035376.mp3,1
males\sample-035377.mp3,1
males\sample-035378.mp3,1
males\sample-035382.mp3,1
males\sample-035385.mp3,1
males\sample-035389.mp3,1
males\sample-035390.mp3,1
males\sample-035399.mp3,1
males\sample-035401.mp3,1
males\sample-035414.mp3,1
males\sample-035416.mp3,1
males\sample-035436.mp3,1
males\sample-035438.mp3,1
males\sample-035439.mp3,1
males\sample-035444.mp3,1
males\sample-035459.mp3,1
males\sample-035461.mp3,1
males\sample-035463.mp3,1
males\sample-035470.mp3,1
males\sample-035473.mp3,1
males\sample-035483.mp3,1
males\sample-035484.mp3,1
males\sample-035487.mp3,1
males\sample-035496.mp3,1
males\sample-035497.mp3,1
males\sample-035509.mp3,1
males\sample-035524.mp3,1
males\sample-035526.mp3,1
males\sample-035528.mp3,1
males\sample-035534.mp3,1
males\sample-035537.mp3,1
males\sample-035545.mp3,1
males\sample-035548.mp3,1
males\sample-035549.mp3,1
males\sample-035554.mp3,1
males\sample-035567.mp3,1
males\sample-035575.mp3,1
males\sample-035580.mp3,1
males\sample-035584.mp3,1
males\sample-035588.mp3,1
males\sample-035589.mp3,1
males\sample-035590.mp3,1
males\sample-035594.mp3,1
males\sample-035595.mp3,1
males\sample-035602.mp3,1
males\sample-035607.mp3,1
males\sample-035609.mp3,1
males\sample-035614.mp3,1
males\sample-035624.mp3,1
males\sample-035626.mp3,1
males\sample-035627.mp3,1
males\sample-035629.mp3,1
males\sample-035642.mp3,1
males\sample-035644.mp3,1
males\sample-035650.mp3,1
males\sample-035661.mp3,1
males\sample-035669.mp3,1
males\sample-035687.mp3,1
males\sample-035689.mp3,1
males\sample-035690.mp3,1
males\sample-035695.mp3,1
males\sample-035703.mp3,1
males\sample-035708.mp3,1
males\sample-035714.mp3,1
males\sample-035716.mp3,1
males\sample-035720.mp3,1
males\sample-035724.mp3,1
males\sample-035736.mp3,1
males\sample-035738.mp3,1
males\sample-035747.mp3,1
males\sample-035751.mp3,1
males\sample-035752.mp3,1
males\sample-035753.mp3,1
males\sample-035754.mp3,1
males\sample-035770.mp3,1
males\sample-035778.mp3,1
males\sample-035779.mp3,1
males\sample-035787.mp3,1
males\sample-035793.mp3,1
males\sample-035799.mp3,1
males\sample-035800.mp3,1
males\sample-035803.mp3,1
males\sample-035804.mp3,1
males\sample-035806.mp3,1
males\sample-035808.mp3,1
males\sample-035810.mp3,1
males\sample-035814.mp3,1
males\sample-035817.mp3,1
males\sample-035822.mp3,1
males\sample-035823.mp3,1
males\sample-035825.mp3,1
males\sample-035826.mp3,1
males\sample-035828.mp3,1
males\sample-035831.mp3,1
males\sample-035835.mp3,1
males\sample-035837.mp3,1
males\sample-035839.mp3,1
males\sample-035841.mp3,1
males\sample-035847.mp3,1
males\sample-035849.mp3,1
males\sample-035853.mp3,1
males\sample-035856.mp3,1
males\sample-035866.mp3,1
males\sample-035871.mp3,1
males\sample-035872.mp3,1
males\sample-035878.mp3,1
males\sample-035888.mp3,1
males\sample-035889.mp3,1
males\sample-035896.mp3,1
males\sample-035904.mp3,1
males\sample-035905.mp3,1
males\sample-035909.mp3,1
males\sample-035915.mp3,1
males\sample-035916.mp3,1
males\sample-035918.mp3,1
males\sample-035920.mp3,1
males\sample-035923.mp3,1
males\sample-035924.mp3,1
males\sample-035925.mp3,1
males\sample-035932.mp3,1
males\sample-035934.mp3,1
males\sample-035938.mp3,1
males\sample-035945.mp3,1
males\sample-035947.mp3,1
males\sample-035956.mp3,1
males\sample-035965.mp3,1
males\sample-035969.mp3,1
males\sample-035971.mp3,1
males\sample-035974.mp3,1
males\sample-035975.mp3,1
males\sample-035979.mp3,1
males\sample-035985.mp3,1
males\sample-035988.mp3,1
males\sample-035993.mp3,1
males\sample-035994.mp3,1
males\sample-035998.mp3,1
males\sample-036003.mp3,1
males\sample-036004.mp3,1
males\sample-036018.mp3,1
males\sample-036019.mp3,1
males\sample-036025.mp3,1
males\sample-036026.mp3,1
males\sample-036029.mp3,1
males\sample-036035.mp3,1
males\sample-036038.mp3,1
males\sample-036039.mp3,1
males\sample-036045.mp3,1
males\sample-036050.mp3,1
males\sample-036053.mp3,1
males\sample-036054.mp3,1
males\sample-036060.mp3,1
males\sample-036071.mp3,1
males\sample-036074.mp3,1
males\sample-036075.mp3,1
males\sample-036087.mp3,1
males\sample-036088.mp3,1
males\sample-036089.mp3,1
males\sample-036096.mp3,1
males\sample-036097.mp3,1
males\sample-036107.mp3,1
males\sample-036108.mp3,1
males\sample-036109.mp3,1
males\sample-036111.mp3,1
males\sample-036112.mp3,1
males\sample-036113.mp3,1
males\sample-036116.mp3,1
males\sample-036118.mp3,1
males\sample-036120.mp3,1
males\sample-036122.mp3,1
males\sample-036134.mp3,1
males\sample-036135.mp3,1
males\sample-036140.mp3,1
males\sample-036142.mp3,1
males\sample-036147.mp3,1
males\sample-036148.mp3,1
males\sample-036150.mp3,1
males\sample-036151.mp3,1
males\sample-036153.mp3,1
males\sample-036154.mp3,1
males\sample-036155.mp3,1
males\sample-036161.mp3,1
males\sample-036162.mp3,1
males\sample-036166.mp3,1
males\sample-036167.mp3,1
males\sample-036168.mp3,1
males\sample-036169.mp3,1
males\sample-036173.mp3,1
males\sample-036174.mp3,1
males\sample-036183.mp3,1
males\sample-036185.mp3,1
males\sample-036186.mp3,1
males\sample-036189.mp3,1
males\sample-036192.mp3,1
males\sample-036193.mp3,1
males\sample-036196.mp3,1
males\sample-036198.mp3,1
males\sample-036200.mp3,1
males\sample-036203.mp3,1
males\sample-036204.mp3,1
males\sample-036206.mp3,1
males\sample-036209.mp3,1
males\sample-036212.mp3,1
males\sample-036213.mp3,1
males\sample-036224.mp3,1
males\sample-036225.mp3,1
males\sample-036227.mp3,1
males\sample-036240.mp3,1
males\sample-036245.mp3,1
males\sample-036252.mp3,1
males\sample-036256.mp3,1
males\sample-036258.mp3,1
males\sample-036260.mp3,1
males\sample-036261.mp3,1
males\sample-036262.mp3,1
males\sample-036263.mp3,1
males\sample-036264.mp3,1
males\sample-036269.mp3,1
males\sample-036270.mp3,1
males\sample-036273.mp3,1
males\sample-036278.mp3,1
males\sample-036281.mp3,1
males\sample-036290.mp3,1
males\sample-036294.mp3,1
males\sample-036297.mp3,1
males\sample-036302.mp3,1
males\sample-036303.mp3,1
males\sample-036307.mp3,1
males\sample-036308.mp3,1
males\sample-036314.mp3,1
males\sample-036319.mp3,1
males\sample-036324.mp3,1
males\sample-036325.mp3,1
males\sample-036327.mp3,1
males\sample-036328.mp3,1
males\sample-036333.mp3,1
males\sample-036338.mp3,1
males\sample-036340.mp3,1
males\sample-036347.mp3,1
males\sample-036353.mp3,1
males\sample-036362.mp3,1
males\sample-036365.mp3,1
males\sample-036366.mp3,1
males\sample-036367.mp3,1
males\sample-036375.mp3,1
males\sample-036382.mp3,1
males\sample-036385.mp3,1
males\sample-036391.mp3,1
males\sample-036399.mp3,1
males\sample-036400.mp3,1
males\sample-036403.mp3,1
males\sample-036411.mp3,1
males\sample-036419.mp3,1
males\sample-036424.mp3,1
males\sample-036426.mp3,1
males\sample-036432.mp3,1
males\sample-036434.mp3,1
males\sample-036435.mp3,1
males\sample-036438.mp3,1
males\sample-036444.mp3,1
males\sample-036446.mp3,1
males\sample-036451.mp3,1
males\sample-036454.mp3,1
males\sample-036459.mp3,1
males\sample-036463.mp3,1
males\sample-036465.mp3,1
males\sample-036467.mp3,1
males\sample-036474.mp3,1
males\sample-036484.mp3,1
males\sample-036487.mp3,1
males\sample-036490.mp3,1
males\sample-036497.mp3,1
males\sample-036508.mp3,1
males\sample-036509.mp3,1
males\sample-036534.mp3,1
males\sample-036537.mp3,1
males\sample-036538.mp3,1
males\sample-036540.mp3,1
males\sample-036541.mp3,1
males\sample-036543.mp3,1
males\sample-036547.mp3,1
males\sample-036548.mp3,1
males\sample-036555.mp3,1
males\sample-036560.mp3,1
males\sample-036561.mp3,1
males\sample-036565.mp3,1
males\sample-036569.mp3,1
males\sample-036571.mp3,1
males\sample-036580.mp3,1
males\sample-036585.mp3,1
males\sample-036588.mp3,1
males\sample-036589.mp3,1
males\sample-036598.mp3,1
males\sample-036599.mp3,1
males\sample-036601.mp3,1
males\sample-036602.mp3,1
males\sample-036607.mp3,1
males\sample-036608.mp3,1
males\sample-036614.mp3,1
males\sample-036618.mp3,1
males\sample-036623.mp3,1
males\sample-036634.mp3,1
males\sample-036639.mp3,1
males\sample-036641.mp3,1
males\sample-036643.mp3,1
males\sample-036645.mp3,1
males\sample-036650.mp3,1
males\sample-036651.mp3,1
males\sample-036653.mp3,1
males\sample-036654.mp3,1
males\sample-036655.mp3,1
males\sample-036661.mp3,1
males\sample-036664.mp3,1
males\sample-036666.mp3,1
males\sample-036670.mp3,1
males\sample-036671.mp3,1
males\sample-036678.mp3,1
males\sample-036680.mp3,1
males\sample-036690.mp3,1
males\sample-036699.mp3,1
males\sample-036702.mp3,1
males\sample-036703.mp3,1
males\sample-036707.mp3,1
males\sample-036708.mp3,1
males\sample-036711.mp3,1
males\sample-036720.mp3,1
males\sample-036721.mp3,1
males\sample-036736.mp3,1
males\sample-036741.mp3,1
males\sample-036743.mp3,1
males\sample-036745.mp3,1
males\sample-036753.mp3,1
males\sample-036754.mp3,1
males\sample-036755.mp3,1
males\sample-036760.mp3,1
males\sample-036761.mp3,1
males\sample-036763.mp3,1
males\sample-036777.mp3,1
males\sample-036782.mp3,1
males\sample-036799.mp3,1
males\sample-036801.mp3,1
males\sample-036815.mp3,1
males\sample-036820.mp3,1
males\sample-036822.mp3,1
males\sample-036826.mp3,1
males\sample-036835.mp3,1
males\sample-036841.mp3,1
males\sample-036847.mp3,1
males\sample-036850.mp3,1
males\sample-036855.mp3,1
males\sample-036857.mp3,1
males\sample-036860.mp3,1
males\sample-036865.mp3,1
males\sample-036868.mp3,1
males\sample-036874.mp3,1
males\sample-036876.mp3,1
males\sample-036878.mp3,1
males\sample-036881.mp3,1
males\sample-036885.mp3,1
males\sample-036886.mp3,1
males\sample-036888.mp3,1
males\sample-036891.mp3,1
males\sample-036893.mp3,1
males\sample-036895.mp3,1
males\sample-036899.mp3,1
males\sample-036905.mp3,1
males\sample-036912.mp3,1
males\sample-036923.mp3,1
males\sample-036926.mp3,1
males\sample-036929.mp3,1
males\sample-036931.mp3,1
males\sample-036936.mp3,1
males\sample-036938.mp3,1
males\sample-036960.mp3,1
males\sample-036961.mp3,1
males\sample-036966.mp3,1
males\sample-036967.mp3,1
males\sample-036969.mp3,1
males\sample-036972.mp3,1
males\sample-036978.mp3,1
males\sample-036988.mp3,1
males\sample-036989.mp3,1
males\sample-036994.mp3,1
males\sample-037000.mp3,1
males\sample-037001.mp3,1
males\sample-037005.mp3,1
males\sample-037010.mp3,1
males\sample-037012.mp3,1
males\sample-037018.mp3,1
males\sample-037021.mp3,1
males\sample-037022.mp3,1
males\sample-037024.mp3,1
males\sample-037031.mp3,1
males\sample-037037.mp3,1
males\sample-037041.mp3,1
males\sample-037052.mp3,1
males\sample-037055.mp3,1
males\sample-037063.mp3,1
males\sample-037065.mp3,1
males\sample-037068.mp3,1
males\sample-037070.mp3,1
males\sample-037071.mp3,1
males\sample-037073.mp3,1
males\sample-037076.mp3,1
males\sample-037080.mp3,1
males\sample-037085.mp3,1
males\sample-037097.mp3,1
males\sample-037101.mp3,1
males\sample-037102.mp3,1
males\sample-037103.mp3,1
males\sample-037105.mp3,1
males\sample-037107.mp3,1
males\sample-037109.mp3,1
males\sample-037111.mp3,1
males\sample-037117.mp3,1
males\sample-037118.mp3,1
males\sample-037125.mp3,1
males\sample-037130.mp3,1
males\sample-037131.mp3,1
males\sample-037133.mp3,1
males\sample-037139.mp3,1
males\sample-037142.mp3,1
males\sample-037148.mp3,1
males\sample-037151.mp3,1
males\sample-037157.mp3,1
males\sample-037159.mp3,1
males\sample-037161.mp3,1
males\sample-037166.mp3,1
males\sample-037167.mp3,1
males\sample-037169.mp3,1
males\sample-037171.mp3,1
males\sample-037172.mp3,1
males\sample-037177.mp3,1
males\sample-037180.mp3,1
males\sample-037181.mp3,1
males\sample-037182.mp3,1
males\sample-037188.mp3,1
males\sample-037191.mp3,1
males\sample-037194.mp3,1
males\sample-037195.mp3,1
males\sample-037198.mp3,1
males\sample-037209.mp3,1
males\sample-037216.mp3,1
males\sample-037221.mp3,1
males\sample-037222.mp3,1
males\sample-037225.mp3,1
males\sample-037232.mp3,1
males\sample-037234.mp3,1
males\sample-037240.mp3,1
males\sample-037241.mp3,1
males\sample-037243.mp3,1
males\sample-037246.mp3,1
males\sample-037247.mp3,1
males\sample-037260.mp3,1
males\sample-037263.mp3,1
males\sample-037271.mp3,1
males\sample-037272.mp3,1
males\sample-037277.mp3,1
males\sample-037281.mp3,1
males\sample-037284.mp3,1
males\sample-037287.mp3,1
males\sample-037288.mp3,1
males\sample-037289.mp3,1
males\sample-037294.mp3,1
males\sample-037298.mp3,1
males\sample-037299.mp3,1
males\sample-037308.mp3,1
males\sample-037309.mp3,1
males\sample-037310.mp3,1
males\sample-037311.mp3,1
males\sample-037312.mp3,1
males\sample-037313.mp3,1
males\sample-037314.mp3,1
males\sample-037315.mp3,1
males\sample-037320.mp3,1
males\sample-037323.mp3,1
males\sample-037325.mp3,1
males\sample-037328.mp3,1
males\sample-037329.mp3,1
males\sample-037331.mp3,1
males\sample-037337.mp3,1
males\sample-037343.mp3,1
males\sample-037347.mp3,1
males\sample-037348.mp3,1
males\sample-037350.mp3,1
males\sample-037355.mp3,1
males\sample-037356.mp3,1
males\sample-037373.mp3,1
males\sample-037374.mp3,1
males\sample-037376.mp3,1
males\sample-037379.mp3,1
males\sample-037380.mp3,1
males\sample-037381.mp3,1
males\sample-037384.mp3,1
males\sample-037385.mp3,1
males\sample-037386.mp3,1
males\sample-037389.mp3,1
males\sample-037391.mp3,1
males\sample-037392.mp3,1
males\sample-037394.mp3,1
males\sample-037398.mp3,1
males\sample-037400.mp3,1
males\sample-037402.mp3,1
males\sample-037409.mp3,1
males\sample-037411.mp3,1
males\sample-037413.mp3,1
males\sample-037414.mp3,1
males\sample-037415.mp3,1
males\sample-037424.mp3,1
males\sample-037434.mp3,1
males\sample-037435.mp3,1
males\sample-037437.mp3,1
males\sample-037446.mp3,1
males\sample-037448.mp3,1
males\sample-037451.mp3,1
males\sample-037452.mp3,1
males\sample-037454.mp3,1
males\sample-037457.mp3,1
males\sample-037459.mp3,1
males\sample-037461.mp3,1
males\sample-037462.mp3,1
males\sample-037466.mp3,1
males\sample-037470.mp3,1
males\sample-037475.mp3,1
males\sample-037477.mp3,1
males\sample-037484.mp3,1
males\sample-037485.mp3,1
males\sample-037486.mp3,1
males\sample-037490.mp3,1
males\sample-037494.mp3,1
males\sample-037497.mp3,1
males\sample-037498.mp3,1
males\sample-037504.mp3,1
males\sample-037508.mp3,1
males\sample-037510.mp3,1
males\sample-037511.mp3,1
males\sample-037514.mp3,1
males\sample-037516.mp3,1
males\sample-037519.mp3,1
males\sample-037525.mp3,1
males\sample-037528.mp3,1
males\sample-037532.mp3,1
males\sample-037534.mp3,1
males\sample-037543.mp3,1
males\sample-037544.mp3,1
males\sample-037551.mp3,1
males\sample-037552.mp3,1
males\sample-037555.mp3,1
males\sample-037556.mp3,1
males\sample-037559.mp3,1
males\sample-037561.mp3,1
males\sample-037566.mp3,1
males\sample-037568.mp3,1
males\sample-037573.mp3,1
males\sample-037578.mp3,1
males\sample-037579.mp3,1
males\sample-037582.mp3,1
males\sample-037585.mp3,1
males\sample-037593.mp3,1
males\sample-037599.mp3,1
males\sample-037601.mp3,1
males\sample-037604.mp3,1
males\sample-037607.mp3,1
males\sample-037612.mp3,1
males\sample-037614.mp3,1
males\sample-037622.mp3,1
males\sample-037628.mp3,1
males\sample-037632.mp3,1
males\sample-037634.mp3,1
males\sample-037635.mp3,1
males\sample-037638.mp3,1
males\sample-037641.mp3,1
males\sample-037650.mp3,1
males\sample-037652.mp3,1
males\sample-037653.mp3,1
males\sample-037655.mp3,1
males\sample-037664.mp3,1
males\sample-037665.mp3,1
males\sample-037666.mp3,1
males\sample-037678.mp3,1
males\sample-037682.mp3,1
males\sample-037686.mp3,1
males\sample-037688.mp3,1
males\sample-037692.mp3,1
males\sample-037695.mp3,1
males\sample-037702.mp3,1
males\sample-037706.mp3,1
males\sample-037708.mp3,1
males\sample-037712.mp3,1
males\sample-037715.mp3,1
males\sample-037716.mp3,1
males\sample-037721.mp3,1
males\sample-037723.mp3,1
males\sample-037725.mp3,1
males\sample-037733.mp3,1
males\sample-037738.mp3,1
males\sample-037740.mp3,1
males\sample-037745.mp3,1
males\sample-037748.mp3,1
males\sample-037750.mp3,1
males\sample-037753.mp3,1
males\sample-037762.mp3,1
males\sample-037768.mp3,1
males\sample-037773.mp3,1
males\sample-037775.mp3,1
males\sample-037776.mp3,1
males\sample-037778.mp3,1
males\sample-037779.mp3,1
males\sample-037782.mp3,1
males\sample-037787.mp3,1
males\sample-037789.mp3,1
males\sample-037797.mp3,1
males\sample-037804.mp3,1
males\sample-037808.mp3,1
males\sample-037809.mp3,1
males\sample-037810.mp3,1
males\sample-037811.mp3,1
males\sample-037812.mp3,1
males\sample-037815.mp3,1
males\sample-037817.mp3,1
males\sample-037819.mp3,1
males\sample-037820.mp3,1
males\sample-037823.mp3,1
males\sample-037824.mp3,1
males\sample-037830.mp3,1
males\sample-037832.mp3,1
males\sample-037835.mp3,1
males\sample-037843.mp3,1
males\sample-037851.mp3,1
males\sample-037852.mp3,1
males\sample-037853.mp3,1
males\sample-037855.mp3,1
males\sample-037858.mp3,1
males\sample-037859.mp3,1
males\sample-037860.mp3,1
males\sample-037869.mp3,1
males\sample-037871.mp3,1
males\sample-037874.mp3,1
males\sample-037885.mp3,1
males\sample-037888.mp3,1
males\sample-037893.mp3,1
males\sample-037898.mp3,1
males\sample-037899.mp3,1
males\sample-037902.mp3,1
males\sample-037904.mp3,1
males\sample-037905.mp3,1
males\sample-037906.mp3,1
males\sample-037909.mp3,1
males\sample-037910.mp3,1
males\sample-037912.mp3,1
males\sample-037913.mp3,1
males\sample-037914.mp3,1
males\sample-037916.mp3,1
males\sample-037917.mp3,1
males\sample-037922.mp3,1
males\sample-037926.mp3,1
males\sample-037928.mp3,1
males\sample-037929.mp3,1
males\sample-037932.mp3,1
males\sample-037934.mp3,1
males\sample-037937.mp3,1
males\sample-037940.mp3,1
males\sample-037942.mp3,1
males\sample-037943.mp3,1
males\sample-037949.mp3,1
males\sample-037955.mp3,1
males\sample-037957.mp3,1
males\sample-037959.mp3,1
males\sample-037962.mp3,1
males\sample-037963.mp3,1
males\sample-037967.mp3,1
males\sample-037969.mp3,1
males\sample-037971.mp3,1
males\sample-037977.mp3,1
males\sample-037978.mp3,1
males\sample-037982.mp3,1
males\sample-037983.mp3,1
males\sample-037990.mp3,1
males\sample-037995.mp3,1
males\sample-037996.mp3,1
males\sample-038002.mp3,1
males\sample-038016.mp3,1
males\sample-038017.mp3,1
males\sample-038019.mp3,1
males\sample-038021.mp3,1
males\sample-038025.mp3,1
males\sample-038029.mp3,1
males\sample-038031.mp3,1
males\sample-038037.mp3,1
males\sample-038041.mp3,1
males\sample-038043.mp3,1
males\sample-038045.mp3,1
males\sample-038047.mp3,1
males\sample-038055.mp3,1
males\sample-038057.mp3,1
males\sample-038064.mp3,1
males\sample-038069.mp3,1
males\sample-038071.mp3,1
males\sample-038073.mp3,1
males\sample-038078.mp3,1
males\sample-038080.mp3,1
males\sample-038082.mp3,1
males\sample-038086.mp3,1
males\sample-038087.mp3,1
males\sample-038092.mp3,1
males\sample-038093.mp3,1
males\sample-038094.mp3,1
males\sample-038096.mp3,1
males\sample-038100.mp3,1
males\sample-038102.mp3,1
males\sample-038104.mp3,1
males\sample-038106.mp3,1
males\sample-038110.mp3,1
males\sample-038113.mp3,1
males\sample-038117.mp3,1
males\sample-038118.mp3,1
males\sample-038121.mp3,1
males\sample-038125.mp3,1
males\sample-038126.mp3,1
males\sample-038128.mp3,1
males\sample-038132.mp3,1
males\sample-038133.mp3,1
males\sample-038134.mp3,1
males\sample-038136.mp3,1
males\sample-038141.mp3,1
males\sample-038142.mp3,1
males\sample-038144.mp3,1
males\sample-038147.mp3,1
males\sample-038151.mp3,1
males\sample-038156.mp3,1
males\sample-038161.mp3,1
males\sample-038162.mp3,1
males\sample-038164.mp3,1
males\sample-038172.mp3,1
males\sample-038179.mp3,1
males\sample-038181.mp3,1
males\sample-038182.mp3,1
males\sample-038190.mp3,1
males\sample-038191.mp3,1
males\sample-038192.mp3,1
males\sample-038193.mp3,1
males\sample-038194.mp3,1
males\sample-038196.mp3,1
males\sample-038200.mp3,1
males\sample-038201.mp3,1
males\sample-038210.mp3,1
males\sample-038212.mp3,1
males\sample-038222.mp3,1
males\sample-038223.mp3,1
males\sample-038224.mp3,1
males\sample-038226.mp3,1
males\sample-038228.mp3,1
males\sample-038230.mp3,1
males\sample-038231.mp3,1
males\sample-038235.mp3,1
males\sample-038238.mp3,1
males\sample-038239.mp3,1
males\sample-038241.mp3,1
males\sample-038244.mp3,1
males\sample-038247.mp3,1
males\sample-038250.mp3,1
males\sample-038251.mp3,1
males\sample-038258.mp3,1
males\sample-038260.mp3,1
males\sample-038261.mp3,1
males\sample-038263.mp3,1
males\sample-038266.mp3,1
males\sample-038267.mp3,1
males\sample-038268.mp3,1
males\sample-038271.mp3,1
males\sample-038277.mp3,1
males\sample-038280.mp3,1
males\sample-038281.mp3,1
males\sample-038282.mp3,1
males\sample-038291.mp3,1
males\sample-038300.mp3,1
males\sample-038310.mp3,1
males\sample-038311.mp3,1
males\sample-038313.mp3,1
males\sample-038315.mp3,1
males\sample-038318.mp3,1
males\sample-038320.mp3,1
males\sample-038324.mp3,1
males\sample-038328.mp3,1
males\sample-038338.mp3,1
males\sample-038340.mp3,1
males\sample-038341.mp3,1
males\sample-038342.mp3,1
males\sample-038345.mp3,1
males\sample-038347.mp3,1
males\sample-038350.mp3,1
males\sample-038353.mp3,1
males\sample-038354.mp3,1
males\sample-038358.mp3,1
males\sample-038361.mp3,1
males\sample-038367.mp3,1
males\sample-038372.mp3,1
males\sample-038373.mp3,1
males\sample-038375.mp3,1
males\sample-038376.mp3,1
males\sample-038378.mp3,1
males\sample-038379.mp3,1
males\sample-038381.mp3,1
males\sample-038386.mp3,1
males\sample-038388.mp3,1
males\sample-038389.mp3,1
males\sample-038390.mp3,1
males\sample-038391.mp3,1
males\sample-038393.mp3,1
males\sample-038395.mp3,1
males\sample-038396.mp3,1
males\sample-038397.mp3,1
males\sample-038406.mp3,1
males\sample-038411.mp3,1
males\sample-038412.mp3,1
males\sample-038413.mp3,1
males\sample-038415.mp3,1
males\sample-038419.mp3,1
males\sample-038420.mp3,1
males\sample-038423.mp3,1
males\sample-038424.mp3,1
males\sample-038427.mp3,1
males\sample-038428.mp3,1
males\sample-038429.mp3,1
males\sample-038431.mp3,1
males\sample-038440.mp3,1
males\sample-038446.mp3,1
males\sample-038450.mp3,1
males\sample-038454.mp3,1
males\sample-038458.mp3,1
males\sample-038461.mp3,1
males\sample-038462.mp3,1
males\sample-038463.mp3,1
males\sample-038466.mp3,1
males\sample-038471.mp3,1
males\sample-038475.mp3,1
males\sample-038478.mp3,1
males\sample-038481.mp3,1
males\sample-038482.mp3,1
males\sample-038484.mp3,1
males\sample-038485.mp3,1
males\sample-038486.mp3,1
males\sample-038487.mp3,1
males\sample-038490.mp3,1
males\sample-038492.mp3,1
males\sample-038495.mp3,1
males\sample-038496.mp3,1
males\sample-038504.mp3,1
males\sample-038505.mp3,1
males\sample-038507.mp3,1
males\sample-038509.mp3,1
males\sample-038510.mp3,1
males\sample-038511.mp3,1
males\sample-038514.mp3,1
males\sample-038515.mp3,1
males\sample-038518.mp3,1
males\sample-038521.mp3,1
males\sample-038522.mp3,1
males\sample-038523.mp3,1
males\sample-038524.mp3,1
males\sample-038525.mp3,1
males\sample-038528.mp3,1
males\sample-038531.mp3,1
males\sample-038535.mp3,1
males\sample-038541.mp3,1
males\sample-038545.mp3,1
males\sample-038546.mp3,1
males\sample-038547.mp3,1
males\sample-038549.mp3,1
males\sample-038550.mp3,1
males\sample-038553.mp3,1
males\sample-038554.mp3,1
males\sample-038556.mp3,1
males\sample-038560.mp3,1
males\sample-038566.mp3,1
males\sample-038567.mp3,1
males\sample-038579.mp3,1
males\sample-038581.mp3,1
males\sample-038583.mp3,1
males\sample-038585.mp3,1
males\sample-038586.mp3,1
males\sample-038594.mp3,1
males\sample-038596.mp3,1
males\sample-038597.mp3,1
males\sample-038598.mp3,1
males\sample-038600.mp3,1
males\sample-038603.mp3,1
males\sample-038604.mp3,1
males\sample-038606.mp3,1
males\sample-038607.mp3,1
males\sample-038610.mp3,1
males\sample-038612.mp3,1
males\sample-038617.mp3,1
males\sample-038619.mp3,1
males\sample-038621.mp3,1
males\sample-038622.mp3,1
males\sample-038623.mp3,1
males\sample-038624.mp3,1
males\sample-038625.mp3,1
males\sample-038633.mp3,1
males\sample-038635.mp3,1
males\sample-038639.mp3,1
males\sample-038643.mp3,1
males\sample-038645.mp3,1
males\sample-038649.mp3,1
males\sample-038652.mp3,1
males\sample-038653.mp3,1
males\sample-038657.mp3,1
males\sample-038662.mp3,1
males\sample-038669.mp3,1
males\sample-038670.mp3,1
males\sample-038674.mp3,1
males\sample-038676.mp3,1
males\sample-038680.mp3,1
males\sample-038684.mp3,1
males\sample-038685.mp3,1
males\sample-038688.mp3,1
males\sample-038689.mp3,1
males\sample-038690.mp3,1
males\sample-038697.mp3,1
males\sample-038699.mp3,1
males\sample-038702.mp3,1
males\sample-038704.mp3,1
males\sample-038706.mp3,1
males\sample-038709.mp3,1
males\sample-038712.mp3,1
males\sample-038716.mp3,1
males\sample-038718.mp3,1
males\sample-038720.mp3,1
males\sample-038727.mp3,1
males\sample-038730.mp3,1
males\sample-038733.mp3,1
males\sample-038734.mp3,1
males\sample-038735.mp3,1
males\sample-038741.mp3,1
males\sample-038743.mp3,1
males\sample-038745.mp3,1
males\sample-038748.mp3,1
males\sample-038754.mp3,1
males\sample-038755.mp3,1
males\sample-038768.mp3,1
males\sample-038770.mp3,1
males\sample-038773.mp3,1
males\sample-038777.mp3,1
males\sample-038780.mp3,1
males\sample-038781.mp3,1
males\sample-038783.mp3,1
males\sample-038786.mp3,1
males\sample-038787.mp3,1
males\sample-038790.mp3,1
males\sample-038792.mp3,1
males\sample-038795.mp3,1
males\sample-038798.mp3,1
males\sample-038799.mp3,1
males\sample-038804.mp3,1
males\sample-038805.mp3,1
males\sample-038806.mp3,1
males\sample-038807.mp3,1
males\sample-038814.mp3,1
males\sample-038824.mp3,1
males\sample-038826.mp3,1
males\sample-038827.mp3,1
males\sample-038830.mp3,1
males\sample-038832.mp3,1
males\sample-038833.mp3,1
males\sample-038834.mp3,1
males\sample-038852.mp3,1
males\sample-038854.mp3,1
males\sample-038855.mp3,1
males\sample-038856.mp3,1
males\sample-038858.mp3,1
males\sample-038862.mp3,1
males\sample-038864.mp3,1
males\sample-038867.mp3,1
males\sample-038869.mp3,1
males\sample-038870.mp3,1
males\sample-038871.mp3,1
males\sample-038876.mp3,1
males\sample-038878.mp3,1
males\sample-038879.mp3,1
males\sample-038886.mp3,1
males\sample-038888.mp3,1
males\sample-038889.mp3,1
males\sample-038897.mp3,1
males\sample-038900.mp3,1
males\sample-038909.mp3,1
males\sample-038911.mp3,1
males\sample-038912.mp3,1
males\sample-038918.mp3,1
males\sample-038922.mp3,1
males\sample-038923.mp3,1
males\sample-038931.mp3,1
males\sample-038937.mp3,1
males\sample-038945.mp3,1
males\sample-038946.mp3,1
males\sample-038949.mp3,1
males\sample-038950.mp3,1
males\sample-038951.mp3,1
males\sample-038953.mp3,1
males\sample-038955.mp3,1
males\sample-038956.mp3,1
males\sample-038958.mp3,1
males\sample-038960.mp3,1
males\sample-038968.mp3,1
males\sample-038969.mp3,1
males\sample-038972.mp3,1
males\sample-038979.mp3,1
males\sample-038980.mp3,1
males\sample-038986.mp3,1
males\sample-038987.mp3,1
males\sample-038991.mp3,1
males\sample-038992.mp3,1
males\sample-038996.mp3,1
males\sample-038998.mp3,1
males\sample-039000.mp3,1
males\sample-039001.mp3,1
males\sample-039002.mp3,1
males\sample-039003.mp3,1
males\sample-039004.mp3,1
males\sample-039005.mp3,1
males\sample-039007.mp3,1
males\sample-039009.mp3,1
males\sample-039013.mp3,1
males\sample-039014.mp3,1
males\sample-039019.mp3,1
males\sample-039028.mp3,1
males\sample-039031.mp3,1
males\sample-039033.mp3,1
males\sample-039035.mp3,1
males\sample-039036.mp3,1
males\sample-039044.mp3,1
males\sample-039047.mp3,1
males\sample-039049.mp3,1
males\sample-039051.mp3,1
males\sample-039052.mp3,1
males\sample-039053.mp3,1
males\sample-039059.mp3,1
males\sample-039060.mp3,1
males\sample-039068.mp3,1
males\sample-039070.mp3,1
males\sample-039071.mp3,1
males\sample-039077.mp3,1
males\sample-039080.mp3,1
males\sample-039084.mp3,1
males\sample-039088.mp3,1
males\sample-039091.mp3,1
males\sample-039097.mp3,1
males\sample-039103.mp3,1
males\sample-039105.mp3,1
males\sample-039106.mp3,1
males\sample-039109.mp3,1
males\sample-039112.mp3,1
males\sample-039113.mp3,1
males\sample-039118.mp3,1
males\sample-039119.mp3,1
males\sample-039121.mp3,1
males\sample-039122.mp3,1
males\sample-039123.mp3,1
males\sample-039126.mp3,1
males\sample-039128.mp3,1
males\sample-039130.mp3,1
males\sample-039135.mp3,1
males\sample-039151.mp3,1
males\sample-039154.mp3,1
males\sample-039157.mp3,1
males\sample-039158.mp3,1
males\sample-039159.mp3,1
males\sample-039161.mp3,1
males\sample-039164.mp3,1
males\sample-039165.mp3,1
males\sample-039166.mp3,1
males\sample-039171.mp3,1
males\sample-039178.mp3,1
males\sample-039179.mp3,1
males\sample-039185.mp3,1
males\sample-039187.mp3,1
males\sample-039196.mp3,1
males\sample-039201.mp3,1
males\sample-039204.mp3,1
males\sample-039206.mp3,1
males\sample-039214.mp3,1
males\sample-039215.mp3,1
males\sample-039217.mp3,1
males\sample-039218.mp3,1
males\sample-039219.mp3,1
males\sample-039221.mp3,1
males\sample-039223.mp3,1
males\sample-039226.mp3,1
males\sample-039227.mp3,1
males\sample-039228.mp3,1
males\sample-039229.mp3,1
males\sample-039232.mp3,1
males\sample-039239.mp3,1
males\sample-039244.mp3,1
males\sample-039245.mp3,1
males\sample-039246.mp3,1
males\sample-039248.mp3,1
males\sample-039251.mp3,1
males\sample-039256.mp3,1
males\sample-039257.mp3,1
males\sample-039262.mp3,1
males\sample-039263.mp3,1
males\sample-039264.mp3,1
males\sample-039265.mp3,1
males\sample-039266.mp3,1
males\sample-039267.mp3,1
males\sample-039268.mp3,1
males\sample-039271.mp3,1
males\sample-039278.mp3,1
males\sample-039280.mp3,1
males\sample-039286.mp3,1
males\sample-039288.mp3,1
males\sample-039289.mp3,1
males\sample-039290.mp3,1
males\sample-039291.mp3,1
males\sample-039293.mp3,1
males\sample-039295.mp3,1
males\sample-039296.mp3,1
males\sample-039298.mp3,1
males\sample-039299.mp3,1
males\sample-039302.mp3,1
males\sample-039304.mp3,1
males\sample-039306.mp3,1
males\sample-039310.mp3,1
males\sample-039311.mp3,1
males\sample-039319.mp3,1
males\sample-039323.mp3,1
males\sample-039334.mp3,1
males\sample-039335.mp3,1
males\sample-039339.mp3,1
males\sample-039340.mp3,1
males\sample-039342.mp3,1
males\sample-039343.mp3,1
males\sample-039345.mp3,1
males\sample-039347.mp3,1
males\sample-039348.mp3,1
males\sample-039350.mp3,1
males\sample-039351.mp3,1
males\sample-039353.mp3,1
males\sample-039358.mp3,1
males\sample-039361.mp3,1
males\sample-039367.mp3,1
males\sample-039368.mp3,1
males\sample-039370.mp3,1
males\sample-039371.mp3,1
males\sample-039378.mp3,1
males\sample-039379.mp3,1
males\sample-039384.mp3,1
males\sample-039385.mp3,1
males\sample-039387.mp3,1
males\sample-039390.mp3,1
males\sample-039391.mp3,1
males\sample-039393.mp3,1
males\sample-039402.mp3,1
males\sample-039403.mp3,1
males\sample-039406.mp3,1
males\sample-039407.mp3,1
males\sample-039408.mp3,1
males\sample-039409.mp3,1
males\sample-039410.mp3,1
males\sample-039415.mp3,1
males\sample-039426.mp3,1
males\sample-039434.mp3,1
males\sample-039437.mp3,1
males\sample-039438.mp3,1
males\sample-039444.mp3,1
males\sample-039445.mp3,1
males\sample-039447.mp3,1
males\sample-039448.mp3,1
males\sample-039450.mp3,1
males\sample-039452.mp3,1
males\sample-039453.mp3,1
males\sample-039459.mp3,1
males\sample-039468.mp3,1
males\sample-039469.mp3,1
males\sample-039474.mp3,1
males\sample-039478.mp3,1
males\sample-039480.mp3,1
males\sample-039485.mp3,1
males\sample-039489.mp3,1
males\sample-039490.mp3,1
males\sample-039494.mp3,1
males\sample-039499.mp3,1
males\sample-039512.mp3,1
males\sample-039519.mp3,1
males\sample-039520.mp3,1
males\sample-039522.mp3,1
males\sample-039524.mp3,1
males\sample-039529.mp3,1
males\sample-039530.mp3,1
males\sample-039531.mp3,1
males\sample-039532.mp3,1
males\sample-039534.mp3,1
males\sample-039535.mp3,1
males\sample-039536.mp3,1
males\sample-039542.mp3,1
males\sample-039544.mp3,1
males\sample-039546.mp3,1
males\sample-039549.mp3,1
males\sample-039552.mp3,1
males\sample-039555.mp3,1
males\sample-039556.mp3,1
males\sample-039557.mp3,1
males\sample-039558.mp3,1
males\sample-039561.mp3,1
males\sample-039565.mp3,1
males\sample-039567.mp3,1
males\sample-039568.mp3,1
males\sample-039571.mp3,1
males\sample-039573.mp3,1
males\sample-039574.mp3,1
males\sample-039575.mp3,1
males\sample-039577.mp3,1
males\sample-039579.mp3,1
males\sample-039590.mp3,1
males\sample-039593.mp3,1
males\sample-039595.mp3,1
males\sample-039600.mp3,1
males\sample-039601.mp3,1
males\sample-039602.mp3,1
males\sample-039606.mp3,1
males\sample-039610.mp3,1
males\sample-039611.mp3,1
males\sample-039621.mp3,1
males\sample-039624.mp3,1
males\sample-039625.mp3,1
males\sample-039626.mp3,1
males\sample-039631.mp3,1
males\sample-039634.mp3,1
males\sample-039635.mp3,1
males\sample-039642.mp3,1
males\sample-039649.mp3,1
males\sample-039650.mp3,1
males\sample-039651.mp3,1
males\sample-039655.mp3,1
males\sample-039660.mp3,1
males\sample-039661.mp3,1
males\sample-039664.mp3,1
males\sample-039668.mp3,1
males\sample-039672.mp3,1
males\sample-039674.mp3,1
males\sample-039677.mp3,1
males\sample-039681.mp3,1
males\sample-039683.mp3,1
males\sample-039688.mp3,1
males\sample-039689.mp3,1
males\sample-039691.mp3,1
males\sample-039694.mp3,1
males\sample-039695.mp3,1
males\sample-039697.mp3,1
males\sample-039699.mp3,1
males\sample-039702.mp3,1
males\sample-039708.mp3,1
males\sample-039710.mp3,1
males\sample-039712.mp3,1
males\sample-039716.mp3,1
males\sample-039722.mp3,1
males\sample-039731.mp3,1
males\sample-039733.mp3,1
males\sample-039738.mp3,1
males\sample-039740.mp3,1
males\sample-039741.mp3,1
males\sample-039746.mp3,1
males\sample-039748.mp3,1
males\sample-039749.mp3,1
males\sample-039758.mp3,1
males\sample-039761.mp3,1
males\sample-039763.mp3,1
males\sample-039768.mp3,1
males\sample-039769.mp3,1
males\sample-039771.mp3,1
males\sample-039778.mp3,1
males\sample-039780.mp3,1
males\sample-039784.mp3,1
males\sample-039789.mp3,1
males\sample-039790.mp3,1
males\sample-039793.mp3,1
males\sample-039797.mp3,1
males\sample-039802.mp3,1
males\sample-039803.mp3,1
males\sample-039806.mp3,1
males\sample-039807.mp3,1
males\sample-039808.mp3,1
males\sample-039810.mp3,1
males\sample-039811.mp3,1
males\sample-039813.mp3,1
males\sample-039814.mp3,1
males\sample-039815.mp3,1
males\sample-039820.mp3,1
males\sample-039821.mp3,1
males\sample-039822.mp3,1
males\sample-039825.mp3,1
males\sample-039830.mp3,1
males\sample-039833.mp3,1
males\sample-039835.mp3,1
males\sample-039850.mp3,1
males\sample-039853.mp3,1
males\sample-039856.mp3,1
males\sample-039858.mp3,1
males\sample-039859.mp3,1
males\sample-039862.mp3,1
males\sample-039863.mp3,1
males\sample-039868.mp3,1
males\sample-039871.mp3,1
males\sample-039873.mp3,1
males\sample-039874.mp3,1
males\sample-039878.mp3,1
males\sample-039883.mp3,1
males\sample-039887.mp3,1
males\sample-039888.mp3,1
males\sample-039891.mp3,1
males\sample-039893.mp3,1
males\sample-039896.mp3,1
males\sample-039900.mp3,1
males\sample-039904.mp3,1
males\sample-039905.mp3,1
males\sample-039907.mp3,1
males\sample-039921.mp3,1
males\sample-039922.mp3,1
males\sample-039923.mp3,1
males\sample-039928.mp3,1
males\sample-039934.mp3,1
males\sample-039936.mp3,1
males\sample-039937.mp3,1
males\sample-039940.mp3,1
males\sample-039943.mp3,1
males\sample-039948.mp3,1
males\sample-039951.mp3,1
males\sample-039952.mp3,1
males\sample-039953.mp3,1
males\sample-039958.mp3,1
males\sample-039965.mp3,1
males\sample-039966.mp3,1
males\sample-039968.mp3,1
males\sample-039970.mp3,1
males\sample-039971.mp3,1
males\sample-039976.mp3,1
males\sample-039979.mp3,1
males\sample-039981.mp3,1
males\sample-039982.mp3,1
males\sample-039983.mp3,1
males\sample-039984.mp3,1
males\sample-039988.mp3,1
males\sample-039990.mp3,1
males\sample-039995.mp3,1
males\sample-039996.mp3,1
males\sample-039997.mp3,1
males\sample-040002.mp3,1
males\sample-040009.mp3,1
males\sample-040010.mp3,1
males\sample-040013.mp3,1
males\sample-040015.mp3,1
males\sample-040017.mp3,1
males\sample-040019.mp3,1
males\sample-040022.mp3,1
males\sample-040023.mp3,1
males\sample-040025.mp3,1
males\sample-040028.mp3,1
males\sample-040031.mp3,1
males\sample-040032.mp3,1
males\sample-040034.mp3,1
males\sample-040035.mp3,1
males\sample-040037.mp3,1
males\sample-040039.mp3,1
males\sample-040040.mp3,1
males\sample-040042.mp3,1
males\sample-040045.mp3,1
males\sample-040046.mp3,1
males\sample-040047.mp3,1
males\sample-040051.mp3,1
males\sample-040054.mp3,1
males\sample-040056.mp3,1
males\sample-040064.mp3,1
males\sample-040066.mp3,1
males\sample-040067.mp3,1
males\sample-040069.mp3,1
males\sample-040072.mp3,1
males\sample-040075.mp3,1
males\sample-040076.mp3,1
males\sample-040079.mp3,1
males\sample-040082.mp3,1
males\sample-040083.mp3,1
males\sample-040092.mp3,1
males\sample-040093.mp3,1
males\sample-040095.mp3,1
males\sample-040096.mp3,1
males\sample-040097.mp3,1
males\sample-040099.mp3,1
males\sample-040102.mp3,1
males\sample-040103.mp3,1
males\sample-040107.mp3,1
males\sample-040109.mp3,1
males\sample-040110.mp3,1
males\sample-040111.mp3,1
males\sample-040116.mp3,1
males\sample-040117.mp3,1
males\sample-040119.mp3,1
males\sample-040120.mp3,1
males\sample-040135.mp3,1
males\sample-040136.mp3,1
males\sample-040139.mp3,1
males\sample-040140.mp3,1
males\sample-040141.mp3,1
males\sample-040143.mp3,1
males\sample-040147.mp3,1
males\sample-040150.mp3,1
males\sample-040155.mp3,1
males\sample-040157.mp3,1
males\sample-040160.mp3,1
males\sample-040169.mp3,1
males\sample-040170.mp3,1
males\sample-040171.mp3,1
males\sample-040172.mp3,1
males\sample-040175.mp3,1
males\sample-040176.mp3,1
males\sample-040177.mp3,1
males\sample-040179.mp3,1
males\sample-040181.mp3,1
males\sample-040191.mp3,1
males\sample-040192.mp3,1
males\sample-040193.mp3,1
males\sample-040195.mp3,1
males\sample-040196.mp3,1
males\sample-040201.mp3,1
males\sample-040204.mp3,1
males\sample-040206.mp3,1
males\sample-040209.mp3,1
males\sample-040224.mp3,1
males\sample-040227.mp3,1
males\sample-040231.mp3,1
males\sample-040232.mp3,1
males\sample-040234.mp3,1
males\sample-040240.mp3,1
males\sample-040244.mp3,1
males\sample-040245.mp3,1
males\sample-040249.mp3,1
males\sample-040252.mp3,1
males\sample-040256.mp3,1
males\sample-040257.mp3,1
males\sample-040260.mp3,1
males\sample-040263.mp3,1
males\sample-040264.mp3,1
males\sample-040268.mp3,1
males\sample-040272.mp3,1
males\sample-040280.mp3,1
males\sample-040281.mp3,1
males\sample-040283.mp3,1
males\sample-040285.mp3,1
males\sample-040286.mp3,1
males\sample-040290.mp3,1
males\sample-040291.mp3,1
males\sample-040293.mp3,1
males\sample-040295.mp3,1
males\sample-040300.mp3,1
males\sample-040302.mp3,1
males\sample-040303.mp3,1
males\sample-040306.mp3,1
males\sample-040310.mp3,1
males\sample-040316.mp3,1
males\sample-040318.mp3,1
males\sample-040319.mp3,1
males\sample-040324.mp3,1
males\sample-040325.mp3,1
males\sample-040328.mp3,1
males\sample-040329.mp3,1
males\sample-040339.mp3,1
males\sample-040340.mp3,1
males\sample-040342.mp3,1
males\sample-040351.mp3,1
males\sample-040354.mp3,1
males\sample-040357.mp3,1
males\sample-040358.mp3,1
males\sample-040359.mp3,1
males\sample-040363.mp3,1
males\sample-040364.mp3,1
males\sample-040365.mp3,1
males\sample-040366.mp3,1
males\sample-040369.mp3,1
males\sample-040371.mp3,1
males\sample-040374.mp3,1
males\sample-040376.mp3,1
males\sample-040379.mp3,1
males\sample-040382.mp3,1
males\sample-040386.mp3,1
males\sample-040390.mp3,1
males\sample-040392.mp3,1
males\sample-040399.mp3,1
males\sample-040404.mp3,1
males\sample-040411.mp3,1
males\sample-040413.mp3,1
males\sample-040414.mp3,1
males\sample-040415.mp3,1
males\sample-040417.mp3,1
males\sample-040420.mp3,1
males\sample-040428.mp3,1
males\sample-040429.mp3,1
males\sample-040432.mp3,1
males\sample-040443.mp3,1
males\sample-040453.mp3,1
males\sample-040456.mp3,1
males\sample-040457.mp3,1
males\sample-040466.mp3,1
males\sample-040467.mp3,1
males\sample-040468.mp3,1
males\sample-040471.mp3,1
males\sample-040472.mp3,1
males\sample-040474.mp3,1
males\sample-040476.mp3,1
males\sample-040477.mp3,1
males\sample-040478.mp3,1
males\sample-040480.mp3,1
males\sample-040487.mp3,1
males\sample-040488.mp3,1
males\sample-040491.mp3,1
males\sample-040492.mp3,1
males\sample-040495.mp3,1
males\sample-040496.mp3,1
males\sample-040499.mp3,1
males\sample-040505.mp3,1
males\sample-040511.mp3,1
males\sample-040512.mp3,1
males\sample-040513.mp3,1
males\sample-040515.mp3,1
males\sample-040522.mp3,1
males\sample-040526.mp3,1
males\sample-040528.mp3,1
males\sample-040530.mp3,1
males\sample-040533.mp3,1
males\sample-040534.mp3,1
males\sample-040538.mp3,1
males\sample-040542.mp3,1
males\sample-040545.mp3,1
males\sample-040548.mp3,1
males\sample-040551.mp3,1
males\sample-040557.mp3,1
males\sample-040561.mp3,1
males\sample-040564.mp3,1
males\sample-040567.mp3,1
males\sample-040571.mp3,1
males\sample-040573.mp3,1
males\sample-040575.mp3,1
males\sample-040578.mp3,1
males\sample-040582.mp3,1
males\sample-040583.mp3,1
males\sample-040586.mp3,1
males\sample-040592.mp3,1
males\sample-040594.mp3,1
males\sample-040595.mp3,1
males\sample-040596.mp3,1
males\sample-040599.mp3,1
males\sample-040605.mp3,1
males\sample-040607.mp3,1
males\sample-040608.mp3,1
males\sample-040609.mp3,1
males\sample-040610.mp3,1
males\sample-040611.mp3,1
males\sample-040612.mp3,1
males\sample-040613.mp3,1
males\sample-040619.mp3,1
males\sample-040621.mp3,1
males\sample-040631.mp3,1
males\sample-040635.mp3,1
males\sample-040636.mp3,1
males\sample-040637.mp3,1
males\sample-040638.mp3,1
males\sample-040644.mp3,1
males\sample-040645.mp3,1
males\sample-040646.mp3,1
males\sample-040647.mp3,1
males\sample-040649.mp3,1
males\sample-040650.mp3,1
males\sample-040658.mp3,1
males\sample-040660.mp3,1
males\sample-040665.mp3,1
males\sample-040667.mp3,1
males\sample-040671.mp3,1
males\sample-040672.mp3,1
males\sample-040675.mp3,1
males\sample-040676.mp3,1
males\sample-040681.mp3,1
males\sample-040682.mp3,1
males\sample-040684.mp3,1
males\sample-040686.mp3,1
males\sample-040687.mp3,1
males\sample-040689.mp3,1
males\sample-040690.mp3,1
males\sample-040691.mp3,1
males\sample-040694.mp3,1
males\sample-040695.mp3,1
males\sample-040699.mp3,1
males\sample-040700.mp3,1
males\sample-040708.mp3,1
males\sample-040712.mp3,1
males\sample-040718.mp3,1
males\sample-040719.mp3,1
males\sample-040720.mp3,1
males\sample-040722.mp3,1
males\sample-040725.mp3,1
males\sample-040726.mp3,1
males\sample-040727.mp3,1
males\sample-040731.mp3,1
males\sample-040732.mp3,1
males\sample-040734.mp3,1
males\sample-040735.mp3,1
males\sample-040739.mp3,1
males\sample-040740.mp3,1
males\sample-040741.mp3,1
males\sample-040744.mp3,1
males\sample-040745.mp3,1
males\sample-040746.mp3,1
males\sample-040749.mp3,1
males\sample-040750.mp3,1
males\sample-040751.mp3,1
males\sample-040753.mp3,1
males\sample-040758.mp3,1
males\sample-040759.mp3,1
males\sample-040760.mp3,1
males\sample-040764.mp3,1
males\sample-040765.mp3,1
males\sample-040768.mp3,1
males\sample-040772.mp3,1
males\sample-040773.mp3,1
males\sample-040774.mp3,1
males\sample-040778.mp3,1
males\sample-040782.mp3,1
males\sample-040783.mp3,1
males\sample-040785.mp3,1
males\sample-040787.mp3,1
males\sample-040789.mp3,1
males\sample-040795.mp3,1
males\sample-040803.mp3,1
males\sample-040806.mp3,1
males\sample-040810.mp3,1
males\sample-040813.mp3,1
males\sample-040814.mp3,1
males\sample-040815.mp3,1
males\sample-040824.mp3,1
males\sample-040825.mp3,1
males\sample-040827.mp3,1
males\sample-040832.mp3,1
males\sample-040839.mp3,1
males\sample-040847.mp3,1
males\sample-040849.mp3,1
males\sample-040850.mp3,1
males\sample-040852.mp3,1
males\sample-040857.mp3,1
males\sample-040860.mp3,1
males\sample-040861.mp3,1
males\sample-040864.mp3,1
males\sample-040865.mp3,1
males\sample-040867.mp3,1
males\sample-040868.mp3,1
males\sample-040869.mp3,1
males\sample-040870.mp3,1
males\sample-040872.mp3,1
males\sample-040876.mp3,1
males\sample-040880.mp3,1
males\sample-040885.mp3,1
males\sample-040889.mp3,1
males\sample-040890.mp3,1
males\sample-040891.mp3,1
males\sample-040898.mp3,1
males\sample-040900.mp3,1
males\sample-040902.mp3,1
males\sample-040903.mp3,1
males\sample-040905.mp3,1
males\sample-040906.mp3,1
males\sample-040908.mp3,1
males\sample-040909.mp3,1
males\sample-040910.mp3,1
males\sample-040911.mp3,1
males\sample-040914.mp3,1
males\sample-040916.mp3,1
males\sample-040919.mp3,1
males\sample-040920.mp3,1
males\sample-040922.mp3,1
males\sample-040925.mp3,1
males\sample-040926.mp3,1
males\sample-040928.mp3,1
males\sample-040929.mp3,1
males\sample-040933.mp3,1
males\sample-040938.mp3,1
males\sample-040941.mp3,1
males\sample-040950.mp3,1
males\sample-040954.mp3,1
males\sample-040959.mp3,1
males\sample-040960.mp3,1
males\sample-040964.mp3,1
males\sample-040966.mp3,1
males\sample-040968.mp3,1
males\sample-040969.mp3,1
males\sample-040972.mp3,1
males\sample-040973.mp3,1
males\sample-040976.mp3,1
males\sample-040977.mp3,1
males\sample-040981.mp3,1
males\sample-040983.mp3,1
males\sample-040986.mp3,1
males\sample-040988.mp3,1
males\sample-040989.mp3,1
males\sample-041000.mp3,1
males\sample-041003.mp3,1
males\sample-041006.mp3,1
males\sample-041008.mp3,1
males\sample-041010.mp3,1
males\sample-041012.mp3,1
males\sample-041019.mp3,1
males\sample-041026.mp3,1
males\sample-041027.mp3,1
males\sample-041032.mp3,1
males\sample-041034.mp3,1
males\sample-041037.mp3,1
males\sample-041041.mp3,1
males\sample-041042.mp3,1
males\sample-041044.mp3,1
males\sample-041047.mp3,1
males\sample-041048.mp3,1
males\sample-041050.mp3,1
males\sample-041054.mp3,1
males\sample-041056.mp3,1
males\sample-041060.mp3,1
males\sample-041061.mp3,1
males\sample-041063.mp3,1
males\sample-041066.mp3,1
males\sample-041069.mp3,1
males\sample-041070.mp3,1
males\sample-041080.mp3,1
males\sample-041081.mp3,1
males\sample-041082.mp3,1
males\sample-041086.mp3,1
males\sample-041087.mp3,1
males\sample-041090.mp3,1
males\sample-041092.mp3,1
males\sample-041093.mp3,1
males\sample-041095.mp3,1
males\sample-041105.mp3,1
males\sample-041106.mp3,1
males\sample-041110.mp3,1
males\sample-041111.mp3,1
males\sample-041114.mp3,1
males\sample-041115.mp3,1
males\sample-041118.mp3,1
males\sample-041119.mp3,1
males\sample-041121.mp3,1
males\sample-041122.mp3,1
males\sample-041123.mp3,1
males\sample-041127.mp3,1
males\sample-041129.mp3,1
males\sample-041134.mp3,1
males\sample-041142.mp3,1
males\sample-041143.mp3,1
males\sample-041154.mp3,1
males\sample-041156.mp3,1
males\sample-041161.mp3,1
males\sample-041163.mp3,1
males\sample-041165.mp3,1
males\sample-041173.mp3,1
males\sample-041177.mp3,1
males\sample-041183.mp3,1
males\sample-041186.mp3,1
males\sample-041187.mp3,1
males\sample-041190.mp3,1
males\sample-041192.mp3,1
males\sample-041194.mp3,1
males\sample-041195.mp3,1
males\sample-041199.mp3,1
males\sample-041201.mp3,1
males\sample-041202.mp3,1
males\sample-041205.mp3,1
males\sample-041206.mp3,1
males\sample-041209.mp3,1
males\sample-041210.mp3,1
males\sample-041211.mp3,1
males\sample-041212.mp3,1
males\sample-041216.mp3,1
males\sample-041229.mp3,1
males\sample-041230.mp3,1
males\sample-041231.mp3,1
males\sample-041235.mp3,1
males\sample-041238.mp3,1
males\sample-041240.mp3,1
males\sample-041244.mp3,1
males\sample-041245.mp3,1
males\sample-041254.mp3,1
males\sample-041257.mp3,1
males\sample-041260.mp3,1
males\sample-041261.mp3,1
males\sample-041264.mp3,1
males\sample-041271.mp3,1
males\sample-041274.mp3,1
males\sample-041275.mp3,1
males\sample-041278.mp3,1
males\sample-041279.mp3,1
males\sample-041280.mp3,1
males\sample-041283.mp3,1
males\sample-041287.mp3,1
males\sample-041290.mp3,1
males\sample-041291.mp3,1
males\sample-041293.mp3,1
males\sample-041298.mp3,1
males\sample-041301.mp3,1
males\sample-041305.mp3,1
males\sample-041308.mp3,1
males\sample-041318.mp3,1
males\sample-041319.mp3,1
males\sample-041322.mp3,1
males\sample-041326.mp3,1
males\sample-041328.mp3,1
males\sample-041333.mp3,1
males\sample-041335.mp3,1
males\sample-041339.mp3,1
males\sample-041344.mp3,1
males\sample-041346.mp3,1
males\sample-041348.mp3,1
males\sample-041358.mp3,1
males\sample-041359.mp3,1
males\sample-041361.mp3,1
males\sample-041366.mp3,1
males\sample-041370.mp3,1
males\sample-041371.mp3,1
males\sample-041376.mp3,1
males\sample-041379.mp3,1
males\sample-041380.mp3,1
males\sample-041384.mp3,1
males\sample-041388.mp3,1
males\sample-041389.mp3,1
males\sample-041391.mp3,1
males\sample-041393.mp3,1
males\sample-041396.mp3,1
males\sample-041397.mp3,1
males\sample-041400.mp3,1
males\sample-041407.mp3,1
males\sample-041410.mp3,1
males\sample-041414.mp3,1
males\sample-041415.mp3,1
males\sample-041416.mp3,1
males\sample-041417.mp3,1
males\sample-041418.mp3,1
males\sample-041426.mp3,1
males\sample-041433.mp3,1
males\sample-041435.mp3,1
males\sample-041436.mp3,1
males\sample-041437.mp3,1
males\sample-041441.mp3,1
males\sample-041443.mp3,1
males\sample-041445.mp3,1
males\sample-041453.mp3,1
males\sample-041457.mp3,1
males\sample-041458.mp3,1
males\sample-041465.mp3,1
males\sample-041472.mp3,1
males\sample-041475.mp3,1
males\sample-041476.mp3,1
males\sample-041479.mp3,1
males\sample-041481.mp3,1
males\sample-041482.mp3,1
males\sample-041485.mp3,1
males\sample-041487.mp3,1
males\sample-041488.mp3,1
males\sample-041489.mp3,1
males\sample-041491.mp3,1
males\sample-041492.mp3,1
males\sample-041502.mp3,1
males\sample-041506.mp3,1
males\sample-041510.mp3,1
males\sample-041513.mp3,1
males\sample-041514.mp3,1
males\sample-041516.mp3,1
males\sample-041518.mp3,1
males\sample-041521.mp3,1
males\sample-041525.mp3,1
males\sample-041527.mp3,1
males\sample-041532.mp3,1
males\sample-041535.mp3,1
males\sample-041536.mp3,1
males\sample-041537.mp3,1
males\sample-041542.mp3,1
males\sample-041545.mp3,1
males\sample-041548.mp3,1
males\sample-041560.mp3,1
males\sample-041561.mp3,1
males\sample-041568.mp3,1
males\sample-041570.mp3,1
males\sample-041578.mp3,1
males\sample-041579.mp3,1
males\sample-041584.mp3,1
males\sample-041588.mp3,1
males\sample-041589.mp3,1
males\sample-041592.mp3,1
males\sample-041597.mp3,1
males\sample-041598.mp3,1
males\sample-041602.mp3,1
males\sample-041605.mp3,1
males\sample-041606.mp3,1
males\sample-041609.mp3,1
males\sample-041610.mp3,1
males\sample-041611.mp3,1
males\sample-041613.mp3,1
males\sample-041614.mp3,1
males\sample-041616.mp3,1
males\sample-041617.mp3,1
males\sample-041619.mp3,1
males\sample-041623.mp3,1
males\sample-041624.mp3,1
males\sample-041633.mp3,1
males\sample-041634.mp3,1
males\sample-041642.mp3,1
males\sample-041643.mp3,1
males\sample-041645.mp3,1
males\sample-041647.mp3,1
males\sample-041649.mp3,1
males\sample-041650.mp3,1
males\sample-041655.mp3,1
males\sample-041656.mp3,1
males\sample-041658.mp3,1
males\sample-041660.mp3,1
males\sample-041661.mp3,1
males\sample-041663.mp3,1
males\sample-041668.mp3,1
males\sample-041674.mp3,1
males\sample-041677.mp3,1
males\sample-041681.mp3,1
males\sample-041682.mp3,1
males\sample-041687.mp3,1
males\sample-041689.mp3,1
males\sample-041696.mp3,1
males\sample-041699.mp3,1
males\sample-041704.mp3,1
males\sample-041705.mp3,1
males\sample-041721.mp3,1
males\sample-041726.mp3,1
males\sample-041727.mp3,1
males\sample-041728.mp3,1
males\sample-041732.mp3,1
males\sample-041737.mp3,1
males\sample-041739.mp3,1
males\sample-041741.mp3,1
males\sample-041742.mp3,1
males\sample-041747.mp3,1
males\sample-041748.mp3,1
males\sample-041749.mp3,1
males\sample-041750.mp3,1
males\sample-041753.mp3,1
males\sample-041755.mp3,1
males\sample-041756.mp3,1
males\sample-041757.mp3,1
males\sample-041760.mp3,1
males\sample-041761.mp3,1
males\sample-041763.mp3,1
males\sample-041768.mp3,1
males\sample-041769.mp3,1
males\sample-041770.mp3,1
males\sample-041771.mp3,1
males\sample-041773.mp3,1
males\sample-041776.mp3,1
males\sample-041777.mp3,1
males\sample-041779.mp3,1
males\sample-041780.mp3,1
males\sample-041784.mp3,1
males\sample-041787.mp3,1
males\sample-041789.mp3,1
males\sample-041790.mp3,1
males\sample-041792.mp3,1
males\sample-041795.mp3,1
males\sample-041796.mp3,1
males\sample-041797.mp3,1
males\sample-041809.mp3,1
males\sample-041816.mp3,1
males\sample-041819.mp3,1
males\sample-041820.mp3,1
males\sample-041826.mp3,1
males\sample-041827.mp3,1
males\sample-041829.mp3,1
males\sample-041830.mp3,1
males\sample-041836.mp3,1
males\sample-041841.mp3,1
males\sample-041844.mp3,1
males\sample-041850.mp3,1
males\sample-041853.mp3,1
males\sample-041856.mp3,1
males\sample-041858.mp3,1
males\sample-041859.mp3,1
males\sample-041861.mp3,1
males\sample-041862.mp3,1
males\sample-041863.mp3,1
males\sample-041864.mp3,1
males\sample-041865.mp3,1
males\sample-041867.mp3,1
males\sample-041868.mp3,1
males\sample-041872.mp3,1
males\sample-041881.mp3,1
males\sample-041884.mp3,1
males\sample-041887.mp3,1
males\sample-041894.mp3,1
males\sample-041895.mp3,1
males\sample-041896.mp3,1
males\sample-041901.mp3,1
males\sample-041905.mp3,1
males\sample-041906.mp3,1
males\sample-041907.mp3,1
males\sample-041911.mp3,1
males\sample-041917.mp3,1
males\sample-041920.mp3,1
males\sample-041923.mp3,1
males\sample-041930.mp3,1
males\sample-041936.mp3,1
males\sample-041937.mp3,1
males\sample-041940.mp3,1
males\sample-041941.mp3,1
males\sample-041945.mp3,1
males\sample-041946.mp3,1
males\sample-041952.mp3,1
males\sample-041953.mp3,1
males\sample-041954.mp3,1
males\sample-041955.mp3,1
males\sample-041963.mp3,1
males\sample-041964.mp3,1
males\sample-041965.mp3,1
males\sample-041973.mp3,1
males\sample-041977.mp3,1
males\sample-041978.mp3,1
males\sample-041979.mp3,1
males\sample-041982.mp3,1
males\sample-041984.mp3,1
males\sample-041987.mp3,1
males\sample-041989.mp3,1
males\sample-041991.mp3,1
males\sample-041992.mp3,1
males\sample-041997.mp3,1
males\sample-041998.mp3,1
males\sample-041999.mp3,1
males\sample-042003.mp3,1
males\sample-042007.mp3,1
males\sample-042012.mp3,1
males\sample-042015.mp3,1
males\sample-042019.mp3,1
males\sample-042021.mp3,1
males\sample-042027.mp3,1
males\sample-042028.mp3,1
males\sample-042035.mp3,1
males\sample-042037.mp3,1
males\sample-042038.mp3,1
males\sample-042045.mp3,1
males\sample-042047.mp3,1
males\sample-042052.mp3,1
males\sample-042053.mp3,1
males\sample-042055.mp3,1
males\sample-042056.mp3,1
males\sample-042059.mp3,1
males\sample-042061.mp3,1
males\sample-042064.mp3,1
males\sample-042069.mp3,1
males\sample-042072.mp3,1
males\sample-042076.mp3,1
males\sample-042079.mp3,1
males\sample-042080.mp3,1
males\sample-042083.mp3,1
males\sample-042084.mp3,1
males\sample-042085.mp3,1
males\sample-042087.mp3,1
males\sample-042090.mp3,1
males\sample-042098.mp3,1
males\sample-042104.mp3,1
males\sample-042106.mp3,1
males\sample-042110.mp3,1
males\sample-042111.mp3,1
males\sample-042116.mp3,1
males\sample-042119.mp3,1
males\sample-042120.mp3,1
males\sample-042122.mp3,1
males\sample-042124.mp3,1
males\sample-042126.mp3,1
males\sample-042128.mp3,1
males\sample-042138.mp3,1
males\sample-042139.mp3,1
males\sample-042140.mp3,1
males\sample-042142.mp3,1
males\sample-042143.mp3,1
males\sample-042150.mp3,1
males\sample-042159.mp3,1
males\sample-042160.mp3,1
males\sample-042162.mp3,1
males\sample-042165.mp3,1
males\sample-042170.mp3,1
males\sample-042172.mp3,1
males\sample-042175.mp3,1
males\sample-042182.mp3,1
males\sample-042185.mp3,1
males\sample-042187.mp3,1
males\sample-042192.mp3,1
males\sample-042199.mp3,1
males\sample-042200.mp3,1
males\sample-042201.mp3,1
males\sample-042207.mp3,1
males\sample-042208.mp3,1
males\sample-042209.mp3,1
males\sample-042210.mp3,1
males\sample-042217.mp3,1
males\sample-042218.mp3,1
males\sample-042219.mp3,1
males\sample-042224.mp3,1
males\sample-042226.mp3,1
males\sample-042230.mp3,1
males\sample-042234.mp3,1
males\sample-042235.mp3,1
males\sample-042240.mp3,1
males\sample-042241.mp3,1
males\sample-042242.mp3,1
males\sample-042243.mp3,1
males\sample-042245.mp3,1
males\sample-042252.mp3,1
males\sample-042255.mp3,1
males\sample-042258.mp3,1
males\sample-042259.mp3,1
males\sample-042261.mp3,1
males\sample-042262.mp3,1
males\sample-042276.mp3,1
males\sample-042284.mp3,1
males\sample-042285.mp3,1
males\sample-042287.mp3,1
males\sample-042290.mp3,1
males\sample-042292.mp3,1
males\sample-042295.mp3,1
males\sample-042297.mp3,1
males\sample-042301.mp3,1
males\sample-042302.mp3,1
males\sample-042305.mp3,1
males\sample-042307.mp3,1
males\sample-042308.mp3,1
males\sample-042310.mp3,1
males\sample-042313.mp3,1
males\sample-042314.mp3,1
males\sample-042317.mp3,1
males\sample-042319.mp3,1
males\sample-042322.mp3,1
males\sample-042323.mp3,1
males\sample-042324.mp3,1
males\sample-042326.mp3,1
males\sample-042327.mp3,1
males\sample-042333.mp3,1
males\sample-042334.mp3,1
males\sample-042339.mp3,1
males\sample-042342.mp3,1
males\sample-042344.mp3,1
males\sample-042346.mp3,1
males\sample-042348.mp3,1
males\sample-042349.mp3,1
males\sample-042350.mp3,1
males\sample-042351.mp3,1
males\sample-042353.mp3,1
males\sample-042354.mp3,1
males\sample-042355.mp3,1
males\sample-042360.mp3,1
males\sample-042363.mp3,1
males\sample-042364.mp3,1
males\sample-042365.mp3,1
males\sample-042366.mp3,1
males\sample-042371.mp3,1
males\sample-042372.mp3,1
males\sample-042373.mp3,1
males\sample-042376.mp3,1
males\sample-042384.mp3,1
males\sample-042387.mp3,1
males\sample-042389.mp3,1
males\sample-042391.mp3,1
males\sample-042393.mp3,1
males\sample-042394.mp3,1
males\sample-042397.mp3,1
males\sample-042406.mp3,1
males\sample-042407.mp3,1
males\sample-042408.mp3,1
males\sample-042409.mp3,1
males\sample-042410.mp3,1
males\sample-042411.mp3,1
males\sample-042412.mp3,1
males\sample-042416.mp3,1
males\sample-042417.mp3,1
males\sample-042420.mp3,1
males\sample-042421.mp3,1
males\sample-042424.mp3,1
males\sample-042425.mp3,1
males\sample-042426.mp3,1
males\sample-042429.mp3,1
males\sample-042430.mp3,1
males\sample-042431.mp3,1
males\sample-042439.mp3,1
males\sample-042441.mp3,1
males\sample-042443.mp3,1
males\sample-042458.mp3,1
males\sample-042460.mp3,1
males\sample-042461.mp3,1
males\sample-042464.mp3,1
males\sample-042465.mp3,1
males\sample-042467.mp3,1
males\sample-042471.mp3,1
males\sample-042472.mp3,1
males\sample-042477.mp3,1
males\sample-042478.mp3,1
males\sample-042479.mp3,1
males\sample-042480.mp3,1
males\sample-042483.mp3,1
males\sample-042484.mp3,1
males\sample-042488.mp3,1
males\sample-042496.mp3,1
males\sample-042497.mp3,1
males\sample-042501.mp3,1
males\sample-042504.mp3,1
males\sample-042505.mp3,1
males\sample-042509.mp3,1
males\sample-042516.mp3,1
males\sample-042517.mp3,1
males\sample-042520.mp3,1
males\sample-042523.mp3,1
males\sample-042524.mp3,1
males\sample-042527.mp3,1
males\sample-042528.mp3,1
males\sample-042529.mp3,1
males\sample-042538.mp3,1
males\sample-042539.mp3,1
males\sample-042540.mp3,1
males\sample-042541.mp3,1
males\sample-042542.mp3,1
males\sample-042545.mp3,1
males\sample-042547.mp3,1
males\sample-042548.mp3,1
males\sample-042550.mp3,1
males\sample-042551.mp3,1
males\sample-042556.mp3,1
males\sample-042557.mp3,1
males\sample-042558.mp3,1
males\sample-042559.mp3,1
males\sample-042561.mp3,1
males\sample-042565.mp3,1
males\sample-042567.mp3,1
males\sample-042568.mp3,1
males\sample-042578.mp3,1
males\sample-042580.mp3,1
males\sample-042582.mp3,1
males\sample-042588.mp3,1
males\sample-042594.mp3,1
males\sample-042597.mp3,1
males\sample-042599.mp3,1
males\sample-042600.mp3,1
males\sample-042601.mp3,1
males\sample-042603.mp3,1
males\sample-042607.mp3,1
males\sample-042608.mp3,1
males\sample-042609.mp3,1
males\sample-042610.mp3,1
males\sample-042615.mp3,1
males\sample-042616.mp3,1
males\sample-042620.mp3,1
males\sample-042622.mp3,1
males\sample-042625.mp3,1
males\sample-042629.mp3,1
males\sample-042632.mp3,1
males\sample-042633.mp3,1
males\sample-042634.mp3,1
males\sample-042638.mp3,1
males\sample-042639.mp3,1
males\sample-042641.mp3,1
males\sample-042642.mp3,1
males\sample-042648.mp3,1
males\sample-042652.mp3,1
males\sample-042653.mp3,1
males\sample-042656.mp3,1
males\sample-042664.mp3,1
males\sample-042671.mp3,1
males\sample-042672.mp3,1
males\sample-042674.mp3,1
males\sample-042677.mp3,1
males\sample-042678.mp3,1
males\sample-042680.mp3,1
males\sample-042685.mp3,1
males\sample-042689.mp3,1
males\sample-042691.mp3,1
males\sample-042692.mp3,1
males\sample-042693.mp3,1
males\sample-042694.mp3,1
males\sample-042695.mp3,1
males\sample-042701.mp3,1
males\sample-042703.mp3,1
males\sample-042705.mp3,1
males\sample-042706.mp3,1
males\sample-042709.mp3,1
males\sample-042710.mp3,1
males\sample-042711.mp3,1
males\sample-042712.mp3,1
males\sample-042721.mp3,1
males\sample-042722.mp3,1
males\sample-042725.mp3,1
males\sample-042729.mp3,1
males\sample-042730.mp3,1
males\sample-042732.mp3,1
males\sample-042758.mp3,1
males\sample-042760.mp3,1
males\sample-042761.mp3,1
males\sample-042762.mp3,1
males\sample-042763.mp3,1
males\sample-042766.mp3,1
males\sample-042767.mp3,1
males\sample-042773.mp3,1
males\sample-042779.mp3,1
males\sample-042782.mp3,1
males\sample-042787.mp3,1
males\sample-042792.mp3,1
males\sample-042793.mp3,1
males\sample-042798.mp3,1
males\sample-042802.mp3,1
males\sample-042803.mp3,1
males\sample-042807.mp3,1
males\sample-042808.mp3,1
males\sample-042815.mp3,1
males\sample-042821.mp3,1
males\sample-042823.mp3,1
males\sample-042824.mp3,1
males\sample-042825.mp3,1
males\sample-042834.mp3,1
males\sample-042836.mp3,1
males\sample-042837.mp3,1
males\sample-042839.mp3,1
males\sample-042840.mp3,1
males\sample-042843.mp3,1
males\sample-042847.mp3,1
males\sample-042848.mp3,1
males\sample-042849.mp3,1
males\sample-042850.mp3,1
males\sample-042851.mp3,1
males\sample-042854.mp3,1
males\sample-042858.mp3,1
males\sample-042862.mp3,1
males\sample-042863.mp3,1
males\sample-042865.mp3,1
males\sample-042871.mp3,1
males\sample-042874.mp3,1
males\sample-042875.mp3,1
males\sample-042877.mp3,1
males\sample-042879.mp3,1
males\sample-042880.mp3,1
males\sample-042885.mp3,1
males\sample-042891.mp3,1
males\sample-042894.mp3,1
males\sample-042896.mp3,1
males\sample-042900.mp3,1
males\sample-042901.mp3,1
males\sample-042902.mp3,1
males\sample-042905.mp3,1
males\sample-042909.mp3,1
males\sample-042910.mp3,1
males\sample-042914.mp3,1
males\sample-042916.mp3,1
males\sample-042920.mp3,1
males\sample-042924.mp3,1
males\sample-042928.mp3,1
males\sample-042931.mp3,1
males\sample-042934.mp3,1
males\sample-042938.mp3,1
males\sample-042940.mp3,1
males\sample-042941.mp3,1
males\sample-042943.mp3,1
males\sample-042945.mp3,1
males\sample-042951.mp3,1
males\sample-042952.mp3,1
males\sample-042956.mp3,1
males\sample-042960.mp3,1
males\sample-042961.mp3,1
males\sample-042962.mp3,1
males\sample-042966.mp3,1
males\sample-042968.mp3,1
males\sample-042970.mp3,1
males\sample-042971.mp3,1
males\sample-042975.mp3,1
males\sample-042981.mp3,1
males\sample-042983.mp3,1
males\sample-042986.mp3,1
males\sample-042988.mp3,1
males\sample-042989.mp3,1
males\sample-042991.mp3,1
males\sample-042992.mp3,1
males\sample-042993.mp3,1
males\sample-042994.mp3,1
males\sample-042999.mp3,1
males\sample-043001.mp3,1
males\sample-043002.mp3,1
males\sample-043003.mp3,1
males\sample-043005.mp3,1
males\sample-043007.mp3,1
males\sample-043010.mp3,1
males\sample-043012.mp3,1
males\sample-043016.mp3,1
males\sample-043017.mp3,1
males\sample-043020.mp3,1
males\sample-043026.mp3,1
males\sample-043032.mp3,1
males\sample-043033.mp3,1
males\sample-043035.mp3,1
males\sample-043036.mp3,1
males\sample-043039.mp3,1
males\sample-043040.mp3,1
males\sample-043041.mp3,1
males\sample-043050.mp3,1
males\sample-043051.mp3,1
males\sample-043053.mp3,1
males\sample-043055.mp3,1
males\sample-043063.mp3,1
males\sample-043064.mp3,1
males\sample-043065.mp3,1
males\sample-043066.mp3,1
males\sample-043070.mp3,1
males\sample-043071.mp3,1
males\sample-043073.mp3,1
males\sample-043074.mp3,1
males\sample-043075.mp3,1
males\sample-043078.mp3,1
males\sample-043083.mp3,1
males\sample-043084.mp3,1
males\sample-043097.mp3,1
males\sample-043103.mp3,1
males\sample-043105.mp3,1
males\sample-043107.mp3,1
males\sample-043110.mp3,1
males\sample-043111.mp3,1
males\sample-043112.mp3,1
males\sample-043113.mp3,1
males\sample-043114.mp3,1
males\sample-043116.mp3,1
males\sample-043117.mp3,1
males\sample-043126.mp3,1
males\sample-043128.mp3,1
males\sample-043131.mp3,1
males\sample-043132.mp3,1
males\sample-043135.mp3,1
males\sample-043137.mp3,1
males\sample-043139.mp3,1
males\sample-043143.mp3,1
males\sample-043145.mp3,1
males\sample-043146.mp3,1
males\sample-043149.mp3,1
males\sample-043152.mp3,1
males\sample-043156.mp3,1
males\sample-043160.mp3,1
males\sample-043163.mp3,1
males\sample-043165.mp3,1
males\sample-043166.mp3,1
males\sample-043169.mp3,1
males\sample-043172.mp3,1
males\sample-043175.mp3,1
males\sample-043176.mp3,1
males\sample-043177.mp3,1
males\sample-043180.mp3,1
males\sample-043182.mp3,1
males\sample-043191.mp3,1
males\sample-043198.mp3,1
males\sample-043199.mp3,1
males\sample-043202.mp3,1
males\sample-043203.mp3,1
males\sample-043206.mp3,1
males\sample-043210.mp3,1
males\sample-043213.mp3,1
males\sample-043215.mp3,1
males\sample-043222.mp3,1
males\sample-043226.mp3,1
males\sample-043228.mp3,1
males\sample-043236.mp3,1
males\sample-043240.mp3,1
males\sample-043241.mp3,1
males\sample-043242.mp3,1
males\sample-043252.mp3,1
males\sample-043253.mp3,1
males\sample-043257.mp3,1
males\sample-043260.mp3,1
males\sample-043261.mp3,1
males\sample-043263.mp3,1
males\sample-043266.mp3,1
males\sample-043269.mp3,1
males\sample-043271.mp3,1
males\sample-043273.mp3,1
males\sample-043281.mp3,1
males\sample-043288.mp3,1
males\sample-043290.mp3,1
males\sample-043291.mp3,1
males\sample-043293.mp3,1
males\sample-043294.mp3,1
males\sample-043297.mp3,1
males\sample-043302.mp3,1
males\sample-043303.mp3,1
males\sample-043305.mp3,1
males\sample-043306.mp3,1
males\sample-043307.mp3,1
males\sample-043321.mp3,1
males\sample-043328.mp3,1
males\sample-043332.mp3,1
males\sample-043333.mp3,1
males\sample-043334.mp3,1
males\sample-043336.mp3,1
males\sample-043338.mp3,1
males\sample-043339.mp3,1
males\sample-043340.mp3,1
males\sample-043344.mp3,1
males\sample-043347.mp3,1
males\sample-043348.mp3,1
males\sample-043353.mp3,1
males\sample-043354.mp3,1
males\sample-043355.mp3,1
males\sample-043363.mp3,1
males\sample-043364.mp3,1
males\sample-043365.mp3,1
males\sample-043367.mp3,1
males\sample-043374.mp3,1
males\sample-043375.mp3,1
males\sample-043377.mp3,1
males\sample-043380.mp3,1
males\sample-043386.mp3,1
males\sample-043393.mp3,1
males\sample-043398.mp3,1
males\sample-043399.mp3,1
males\sample-043401.mp3,1
males\sample-043404.mp3,1
males\sample-043407.mp3,1
males\sample-043409.mp3,1
males\sample-043411.mp3,1
males\sample-043417.mp3,1
males\sample-043420.mp3,1
males\sample-043425.mp3,1
males\sample-043429.mp3,1
males\sample-043431.mp3,1
males\sample-043433.mp3,1
males\sample-043434.mp3,1
males\sample-043438.mp3,1
males\sample-043445.mp3,1
males\sample-043449.mp3,1
males\sample-043450.mp3,1
males\sample-043452.mp3,1
males\sample-043454.mp3,1
males\sample-043456.mp3,1
males\sample-043461.mp3,1
males\sample-043471.mp3,1
males\sample-043472.mp3,1
males\sample-043475.mp3,1
males\sample-043477.mp3,1
males\sample-043478.mp3,1
males\sample-043479.mp3,1
males\sample-043487.mp3,1
males\sample-043489.mp3,1
males\sample-043492.mp3,1
males\sample-043495.mp3,1
males\sample-043496.mp3,1
males\sample-043497.mp3,1
males\sample-043501.mp3,1
males\sample-043504.mp3,1
males\sample-043506.mp3,1
males\sample-043507.mp3,1
males\sample-043511.mp3,1
males\sample-043518.mp3,1
males\sample-043519.mp3,1
males\sample-043521.mp3,1
males\sample-043523.mp3,1
males\sample-043531.mp3,1
males\sample-043532.mp3,1
males\sample-043533.mp3,1
males\sample-043535.mp3,1
males\sample-043539.mp3,1
males\sample-043540.mp3,1
males\sample-043541.mp3,1
males\sample-043545.mp3,1
males\sample-043546.mp3,1
males\sample-043547.mp3,1
males\sample-043553.mp3,1
males\sample-043562.mp3,1
males\sample-043564.mp3,1
males\sample-043566.mp3,1
males\sample-043573.mp3,1
males\sample-043578.mp3,1
males\sample-043582.mp3,1
males\sample-043583.mp3,1
males\sample-043586.mp3,1
males\sample-043587.mp3,1
males\sample-043590.mp3,1
males\sample-043593.mp3,1
males\sample-043596.mp3,1
males\sample-043597.mp3,1
males\sample-043599.mp3,1
males\sample-043603.mp3,1
males\sample-043604.mp3,1
males\sample-043607.mp3,1
males\sample-043608.mp3,1
males\sample-043619.mp3,1
males\sample-043624.mp3,1
males\sample-043626.mp3,1
males\sample-043633.mp3,1
males\sample-043637.mp3,1
males\sample-043642.mp3,1
males\sample-043646.mp3,1
males\sample-043647.mp3,1
males\sample-043648.mp3,1
males\sample-043650.mp3,1
males\sample-043655.mp3,1
males\sample-043657.mp3,1
males\sample-043658.mp3,1
males\sample-043664.mp3,1
males\sample-043665.mp3,1
males\sample-043668.mp3,1
males\sample-043669.mp3,1
males\sample-043670.mp3,1
males\sample-043672.mp3,1
males\sample-043674.mp3,1
males\sample-043676.mp3,1
males\sample-043685.mp3,1
males\sample-043692.mp3,1
males\sample-043694.mp3,1
males\sample-043696.mp3,1
males\sample-043697.mp3,1
males\sample-043700.mp3,1
males\sample-043702.mp3,1
males\sample-043703.mp3,1
males\sample-043706.mp3,1
males\sample-043709.mp3,1
males\sample-043710.mp3,1
males\sample-043711.mp3,1
males\sample-043718.mp3,1
males\sample-043721.mp3,1
males\sample-043722.mp3,1
males\sample-043723.mp3,1
males\sample-043726.mp3,1
males\sample-043729.mp3,1
males\sample-043730.mp3,1
males\sample-043736.mp3,1
males\sample-043741.mp3,1
males\sample-043744.mp3,1
males\sample-043745.mp3,1
males\sample-043747.mp3,1
males\sample-043749.mp3,1
males\sample-043751.mp3,1
males\sample-043760.mp3,1
males\sample-043762.mp3,1
males\sample-043763.mp3,1
males\sample-043765.mp3,1
males\sample-043775.mp3,1
males\sample-043777.mp3,1
males\sample-043778.mp3,1
males\sample-043780.mp3,1
males\sample-043781.mp3,1
males\sample-043785.mp3,1
males\sample-043786.mp3,1
males\sample-043791.mp3,1
males\sample-043793.mp3,1
males\sample-043796.mp3,1
males\sample-043801.mp3,1
males\sample-043802.mp3,1
males\sample-043804.mp3,1
males\sample-043805.mp3,1
males\sample-043810.mp3,1
males\sample-043813.mp3,1
males\sample-043814.mp3,1
males\sample-043815.mp3,1
males\sample-043817.mp3,1
males\sample-043823.mp3,1
males\sample-043825.mp3,1
males\sample-043828.mp3,1
males\sample-043829.mp3,1
males\sample-043840.mp3,1
males\sample-043844.mp3,1
males\sample-043845.mp3,1
males\sample-043846.mp3,1
males\sample-043854.mp3,1
males\sample-043863.mp3,1
males\sample-043865.mp3,1
males\sample-043876.mp3,1
males\sample-043877.mp3,1
males\sample-043887.mp3,1
males\sample-043889.mp3,1
males\sample-043890.mp3,1
males\sample-043903.mp3,1
males\sample-043904.mp3,1
males\sample-043906.mp3,1
males\sample-043909.mp3,1
males\sample-043910.mp3,1
males\sample-043912.mp3,1
males\sample-043914.mp3,1
males\sample-043927.mp3,1
males\sample-043931.mp3,1
males\sample-043936.mp3,1
males\sample-043944.mp3,1
males\sample-043949.mp3,1
males\sample-043950.mp3,1
males\sample-043953.mp3,1
males\sample-043954.mp3,1
males\sample-043956.mp3,1
males\sample-043957.mp3,1
males\sample-043958.mp3,1
males\sample-043961.mp3,1
males\sample-043964.mp3,1
males\sample-043965.mp3,1
males\sample-043969.mp3,1
males\sample-043970.mp3,1
males\sample-043971.mp3,1
males\sample-043980.mp3,1
males\sample-043991.mp3,1
males\sample-043992.mp3,1
males\sample-043993.mp3,1
males\sample-043998.mp3,1
males\sample-044002.mp3,1
males\sample-044003.mp3,1
males\sample-044005.mp3,1
males\sample-044009.mp3,1
males\sample-044011.mp3,1
males\sample-044013.mp3,1
males\sample-044018.mp3,1
males\sample-044019.mp3,1
males\sample-044029.mp3,1
males\sample-044031.mp3,1
males\sample-044032.mp3,1
males\sample-044033.mp3,1
males\sample-044035.mp3,1
males\sample-044040.mp3,1
males\sample-044043.mp3,1
males\sample-044045.mp3,1
males\sample-044047.mp3,1
males\sample-044049.mp3,1
males\sample-044055.mp3,1
males\sample-044056.mp3,1
males\sample-044057.mp3,1
males\sample-044063.mp3,1
males\sample-044065.mp3,1
males\sample-044071.mp3,1
males\sample-044073.mp3,1
males\sample-044077.mp3,1
males\sample-044085.mp3,1
males\sample-044086.mp3,1
males\sample-044090.mp3,1
males\sample-044092.mp3,1
males\sample-044093.mp3,1
males\sample-044098.mp3,1
males\sample-044107.mp3,1
males\sample-044109.mp3,1
males\sample-044118.mp3,1
males\sample-044119.mp3,1
males\sample-044121.mp3,1
males\sample-044123.mp3,1
males\sample-044129.mp3,1
males\sample-044131.mp3,1
males\sample-044132.mp3,1
males\sample-044134.mp3,1
males\sample-044136.mp3,1
males\sample-044138.mp3,1
males\sample-044142.mp3,1
males\sample-044145.mp3,1
males\sample-044146.mp3,1
males\sample-044147.mp3,1
males\sample-044149.mp3,1
males\sample-044153.mp3,1
males\sample-044154.mp3,1
males\sample-044159.mp3,1
males\sample-044164.mp3,1
males\sample-044166.mp3,1
males\sample-044168.mp3,1
males\sample-044171.mp3,1
males\sample-044172.mp3,1
males\sample-044173.mp3,1
males\sample-044178.mp3,1
males\sample-044182.mp3,1
males\sample-044186.mp3,1
males\sample-044187.mp3,1
males\sample-044193.mp3,1
males\sample-044196.mp3,1
males\sample-044197.mp3,1
males\sample-044199.mp3,1
males\sample-044200.mp3,1
males\sample-044201.mp3,1
males\sample-044204.mp3,1
males\sample-044205.mp3,1
males\sample-044207.mp3,1
males\sample-044209.mp3,1
males\sample-044211.mp3,1
males\sample-044212.mp3,1
males\sample-044215.mp3,1
males\sample-044219.mp3,1
males\sample-044227.mp3,1
males\sample-044229.mp3,1
males\sample-044233.mp3,1
males\sample-044236.mp3,1
males\sample-044249.mp3,1
males\sample-044250.mp3,1
males\sample-044252.mp3,1
males\sample-044253.mp3,1
males\sample-044257.mp3,1
males\sample-044259.mp3,1
males\sample-044264.mp3,1
males\sample-044265.mp3,1
males\sample-044266.mp3,1
males\sample-044268.mp3,1
males\sample-044269.mp3,1
males\sample-044270.mp3,1
males\sample-044271.mp3,1
males\sample-044274.mp3,1
males\sample-044276.mp3,1
males\sample-044280.mp3,1
males\sample-044283.mp3,1
males\sample-044285.mp3,1
males\sample-044291.mp3,1
males\sample-044293.mp3,1
males\sample-044294.mp3,1
males\sample-044302.mp3,1
males\sample-044305.mp3,1
males\sample-044306.mp3,1
males\sample-044307.mp3,1
males\sample-044309.mp3,1
males\sample-044313.mp3,1
males\sample-044314.mp3,1
males\sample-044318.mp3,1
males\sample-044321.mp3,1
males\sample-044324.mp3,1
males\sample-044325.mp3,1
males\sample-044326.mp3,1
males\sample-044330.mp3,1
males\sample-044334.mp3,1
males\sample-044340.mp3,1
males\sample-044342.mp3,1
males\sample-044346.mp3,1
males\sample-044352.mp3,1
males\sample-044353.mp3,1
males\sample-044360.mp3,1
males\sample-044361.mp3,1
males\sample-044362.mp3,1
males\sample-044364.mp3,1
males\sample-044373.mp3,1
males\sample-044374.mp3,1
males\sample-044375.mp3,1
males\sample-044378.mp3,1
males\sample-044381.mp3,1
males\sample-044383.mp3,1
males\sample-044384.mp3,1
males\sample-044385.mp3,1
males\sample-044386.mp3,1
males\sample-044390.mp3,1
males\sample-044396.mp3,1
males\sample-044397.mp3,1
males\sample-044400.mp3,1
males\sample-044403.mp3,1
males\sample-044405.mp3,1
males\sample-044406.mp3,1
males\sample-044407.mp3,1
males\sample-044408.mp3,1
males\sample-044410.mp3,1
males\sample-044424.mp3,1
males\sample-044427.mp3,1
males\sample-044428.mp3,1
males\sample-044430.mp3,1
males\sample-044434.mp3,1
males\sample-044437.mp3,1
males\sample-044442.mp3,1
males\sample-044445.mp3,1
males\sample-044452.mp3,1
males\sample-044457.mp3,1
males\sample-044463.mp3,1
males\sample-044464.mp3,1
males\sample-044466.mp3,1
males\sample-044467.mp3,1
males\sample-044468.mp3,1
males\sample-044474.mp3,1
males\sample-044475.mp3,1
males\sample-044477.mp3,1
males\sample-044481.mp3,1
males\sample-044484.mp3,1
males\sample-044486.mp3,1
males\sample-044489.mp3,1
males\sample-044493.mp3,1
males\sample-044494.mp3,1
males\sample-044495.mp3,1
males\sample-044496.mp3,1
males\sample-044497.mp3,1
males\sample-044501.mp3,1
males\sample-044506.mp3,1
males\sample-044507.mp3,1
males\sample-044509.mp3,1
males\sample-044513.mp3,1
males\sample-044516.mp3,1
males\sample-044517.mp3,1
males\sample-044519.mp3,1
males\sample-044520.mp3,1
males\sample-044523.mp3,1
males\sample-044525.mp3,1
males\sample-044530.mp3,1
males\sample-044531.mp3,1
males\sample-044532.mp3,1
males\sample-044533.mp3,1
males\sample-044534.mp3,1
males\sample-044535.mp3,1
males\sample-044536.mp3,1
males\sample-044538.mp3,1
males\sample-044539.mp3,1
males\sample-044547.mp3,1
males\sample-044548.mp3,1
males\sample-044552.mp3,1
males\sample-044554.mp3,1
males\sample-044558.mp3,1
males\sample-044560.mp3,1
males\sample-044565.mp3,1
males\sample-044569.mp3,1
males\sample-044572.mp3,1
males\sample-044574.mp3,1
males\sample-044575.mp3,1
males\sample-044578.mp3,1
males\sample-044580.mp3,1
males\sample-044583.mp3,1
males\sample-044585.mp3,1
males\sample-044587.mp3,1
males\sample-044588.mp3,1
males\sample-044600.mp3,1
males\sample-044605.mp3,1
males\sample-044609.mp3,1
males\sample-044610.mp3,1
males\sample-044615.mp3,1
males\sample-044623.mp3,1
males\sample-044624.mp3,1
males\sample-044630.mp3,1
males\sample-044632.mp3,1
males\sample-044635.mp3,1
males\sample-044636.mp3,1
males\sample-044637.mp3,1
males\sample-044641.mp3,1
males\sample-044643.mp3,1
males\sample-044644.mp3,1
males\sample-044647.mp3,1
males\sample-044650.mp3,1
males\sample-044651.mp3,1
males\sample-044654.mp3,1
males\sample-044663.mp3,1
males\sample-044665.mp3,1
males\sample-044666.mp3,1
males\sample-044670.mp3,1
males\sample-044671.mp3,1
males\sample-044672.mp3,1
males\sample-044674.mp3,1
males\sample-044675.mp3,1
males\sample-044676.mp3,1
males\sample-044677.mp3,1
males\sample-044679.mp3,1
males\sample-044686.mp3,1
males\sample-044687.mp3,1
males\sample-044692.mp3,1
males\sample-044695.mp3,1
males\sample-044700.mp3,1
males\sample-044701.mp3,1
males\sample-044704.mp3,1
males\sample-044706.mp3,1
males\sample-044708.mp3,1
males\sample-044711.mp3,1
males\sample-044713.mp3,1
males\sample-044717.mp3,1
males\sample-044718.mp3,1
males\sample-044724.mp3,1
males\sample-044726.mp3,1
males\sample-044727.mp3,1
males\sample-044728.mp3,1
males\sample-044729.mp3,1
males\sample-044730.mp3,1
males\sample-044731.mp3,1
males\sample-044735.mp3,1
males\sample-044737.mp3,1
males\sample-044741.mp3,1
males\sample-044742.mp3,1
males\sample-044748.mp3,1
males\sample-044750.mp3,1
males\sample-044751.mp3,1
males\sample-044754.mp3,1
males\sample-044755.mp3,1
males\sample-044756.mp3,1
males\sample-044758.mp3,1
males\sample-044761.mp3,1
males\sample-044768.mp3,1
males\sample-044771.mp3,1
males\sample-044773.mp3,1
males\sample-044775.mp3,1
males\sample-044783.mp3,1
males\sample-044784.mp3,1
males\sample-044792.mp3,1
males\sample-044795.mp3,1
males\sample-044796.mp3,1
males\sample-044798.mp3,1
males\sample-044802.mp3,1
males\sample-044803.mp3,1
males\sample-044807.mp3,1
males\sample-044808.mp3,1
males\sample-044812.mp3,1
males\sample-044815.mp3,1
males\sample-044817.mp3,1
males\sample-044820.mp3,1
males\sample-044828.mp3,1
males\sample-044832.mp3,1
males\sample-044841.mp3,1
males\sample-044842.mp3,1
males\sample-044843.mp3,1
males\sample-044846.mp3,1
males\sample-044851.mp3,1
males\sample-044852.mp3,1
males\sample-044856.mp3,1
males\sample-044859.mp3,1
males\sample-044861.mp3,1
males\sample-044862.mp3,1
males\sample-044867.mp3,1
males\sample-044872.mp3,1
males\sample-044876.mp3,1
males\sample-044881.mp3,1
males\sample-044882.mp3,1
males\sample-044890.mp3,1
males\sample-044894.mp3,1
males\sample-044897.mp3,1
males\sample-044904.mp3,1
males\sample-044905.mp3,1
males\sample-044910.mp3,1
males\sample-044912.mp3,1
males\sample-044918.mp3,1
males\sample-044923.mp3,1
males\sample-044927.mp3,1
males\sample-044928.mp3,1
males\sample-044929.mp3,1
males\sample-044932.mp3,1
males\sample-044938.mp3,1
males\sample-044944.mp3,1
males\sample-044947.mp3,1
males\sample-044953.mp3,1
males\sample-044955.mp3,1
males\sample-044956.mp3,1
males\sample-044957.mp3,1
males\sample-044960.mp3,1
males\sample-044961.mp3,1
males\sample-044962.mp3,1
males\sample-044967.mp3,1
males\sample-044968.mp3,1
males\sample-044972.mp3,1
males\sample-044974.mp3,1
males\sample-044976.mp3,1
males\sample-044978.mp3,1
males\sample-044981.mp3,1
males\sample-044984.mp3,1
males\sample-044987.mp3,1
males\sample-044990.mp3,1
males\sample-044991.mp3,1
males\sample-044995.mp3,1
males\sample-044996.mp3,1
males\sample-045000.mp3,1
males\sample-045002.mp3,1
males\sample-045003.mp3,1
males\sample-045006.mp3,1
males\sample-045007.mp3,1
males\sample-045014.mp3,1
males\sample-045017.mp3,1
males\sample-045019.mp3,1
males\sample-045020.mp3,1
males\sample-045023.mp3,1
males\sample-045025.mp3,1
males\sample-045026.mp3,1
males\sample-045027.mp3,1
males\sample-045030.mp3,1
males\sample-045031.mp3,1
males\sample-045042.mp3,1
males\sample-045043.mp3,1
males\sample-045044.mp3,1
males\sample-045045.mp3,1
males\sample-045048.mp3,1
males\sample-045049.mp3,1
males\sample-045050.mp3,1
males\sample-045053.mp3,1
males\sample-045055.mp3,1
males\sample-045056.mp3,1
males\sample-045062.mp3,1
males\sample-045065.mp3,1
males\sample-045066.mp3,1
males\sample-045068.mp3,1
males\sample-045069.mp3,1
males\sample-045073.mp3,1
males\sample-045075.mp3,1
males\sample-045078.mp3,1
males\sample-045081.mp3,1
males\sample-045082.mp3,1
males\sample-045083.mp3,1
males\sample-045084.mp3,1
males\sample-045086.mp3,1
males\sample-045093.mp3,1
males\sample-045098.mp3,1
males\sample-045101.mp3,1
males\sample-045102.mp3,1
males\sample-045105.mp3,1
males\sample-045113.mp3,1
males\sample-045117.mp3,1
males\sample-045120.mp3,1
males\sample-045122.mp3,1
males\sample-045124.mp3,1
males\sample-045127.mp3,1
males\sample-045129.mp3,1
males\sample-045130.mp3,1
males\sample-045131.mp3,1
males\sample-045133.mp3,1
males\sample-045134.mp3,1
males\sample-045140.mp3,1
males\sample-045141.mp3,1
males\sample-045144.mp3,1
males\sample-045146.mp3,1
males\sample-045149.mp3,1
males\sample-045151.mp3,1
males\sample-045152.mp3,1
males\sample-045159.mp3,1
males\sample-045165.mp3,1
males\sample-045166.mp3,1
males\sample-045173.mp3,1
males\sample-045175.mp3,1
males\sample-045176.mp3,1
males\sample-045178.mp3,1
males\sample-045179.mp3,1
males\sample-045180.mp3,1
males\sample-045185.mp3,1
males\sample-045188.mp3,1
males\sample-045190.mp3,1
males\sample-045192.mp3,1
males\sample-045196.mp3,1
males\sample-045201.mp3,1
males\sample-045203.mp3,1
males\sample-045205.mp3,1
males\sample-045207.mp3,1
males\sample-045214.mp3,1
males\sample-045217.mp3,1
males\sample-045218.mp3,1
males\sample-045220.mp3,1
males\sample-045224.mp3,1
males\sample-045227.mp3,1
males\sample-045229.mp3,1
males\sample-045233.mp3,1
males\sample-045234.mp3,1
males\sample-045235.mp3,1
males\sample-045236.mp3,1
males\sample-045237.mp3,1
males\sample-045240.mp3,1
males\sample-045242.mp3,1
males\sample-045244.mp3,1
males\sample-045247.mp3,1
males\sample-045256.mp3,1
males\sample-045260.mp3,1
males\sample-045262.mp3,1
males\sample-045264.mp3,1
males\sample-045265.mp3,1
males\sample-045266.mp3,1
males\sample-045268.mp3,1
males\sample-045270.mp3,1
males\sample-045283.mp3,1
males\sample-045284.mp3,1
males\sample-045285.mp3,1
males\sample-045288.mp3,1
males\sample-045289.mp3,1
males\sample-045291.mp3,1
males\sample-045292.mp3,1
males\sample-045293.mp3,1
males\sample-045297.mp3,1
males\sample-045304.mp3,1
males\sample-045305.mp3,1
males\sample-045306.mp3,1
males\sample-045308.mp3,1
males\sample-045311.mp3,1
males\sample-045315.mp3,1
males\sample-045320.mp3,1
males\sample-045322.mp3,1
males\sample-045325.mp3,1
males\sample-045332.mp3,1
males\sample-045335.mp3,1
males\sample-045339.mp3,1
males\sample-045341.mp3,1
males\sample-045342.mp3,1
males\sample-045343.mp3,1
males\sample-045344.mp3,1
males\sample-045346.mp3,1
males\sample-045348.mp3,1
males\sample-045349.mp3,1
males\sample-045351.mp3,1
males\sample-045352.mp3,1
males\sample-045353.mp3,1
males\sample-045354.mp3,1
males\sample-045359.mp3,1
males\sample-045364.mp3,1
males\sample-045365.mp3,1
males\sample-045370.mp3,1
males\sample-045376.mp3,1
males\sample-045378.mp3,1
males\sample-045380.mp3,1
males\sample-045384.mp3,1
males\sample-045385.mp3,1
males\sample-045388.mp3,1
males\sample-045389.mp3,1
males\sample-045390.mp3,1
males\sample-045393.mp3,1
males\sample-045396.mp3,1
males\sample-045402.mp3,1
males\sample-045403.mp3,1
males\sample-045404.mp3,1
males\sample-045405.mp3,1
males\sample-045408.mp3,1
males\sample-045409.mp3,1
males\sample-045410.mp3,1
males\sample-045414.mp3,1
males\sample-045418.mp3,1
males\sample-045421.mp3,1
males\sample-045423.mp3,1
males\sample-045425.mp3,1
males\sample-045429.mp3,1
males\sample-045431.mp3,1
males\sample-045432.mp3,1
males\sample-045436.mp3,1
males\sample-045441.mp3,1
males\sample-045449.mp3,1
males\sample-045451.mp3,1
males\sample-045452.mp3,1
males\sample-045455.mp3,1
males\sample-045464.mp3,1
males\sample-045465.mp3,1
males\sample-045467.mp3,1
males\sample-045468.mp3,1
males\sample-045469.mp3,1
males\sample-045471.mp3,1
males\sample-045476.mp3,1
males\sample-045478.mp3,1
males\sample-045479.mp3,1
males\sample-045482.mp3,1
males\sample-045483.mp3,1
males\sample-045485.mp3,1
males\sample-045491.mp3,1
males\sample-045492.mp3,1
males\sample-045493.mp3,1
males\sample-045496.mp3,1
males\sample-045500.mp3,1
males\sample-045502.mp3,1
males\sample-045505.mp3,1
males\sample-045512.mp3,1
males\sample-045513.mp3,1
males\sample-045514.mp3,1
males\sample-045515.mp3,1
males\sample-045517.mp3,1
males\sample-045518.mp3,1
males\sample-045523.mp3,1
males\sample-045525.mp3,1
males\sample-045526.mp3,1
males\sample-045529.mp3,1
males\sample-045535.mp3,1
males\sample-045539.mp3,1
males\sample-045543.mp3,1
males\sample-045545.mp3,1
males\sample-045548.mp3,1
males\sample-045556.mp3,1
males\sample-045557.mp3,1
males\sample-045560.mp3,1
males\sample-045563.mp3,1
males\sample-045564.mp3,1
males\sample-045565.mp3,1
males\sample-045566.mp3,1
males\sample-045567.mp3,1
males\sample-045572.mp3,1
males\sample-045574.mp3,1
males\sample-045578.mp3,1
males\sample-045583.mp3,1
males\sample-045584.mp3,1
males\sample-045589.mp3,1
males\sample-045591.mp3,1
males\sample-045600.mp3,1
males\sample-045602.mp3,1
males\sample-045605.mp3,1
males\sample-045612.mp3,1
males\sample-045613.mp3,1
males\sample-045614.mp3,1
males\sample-045621.mp3,1
males\sample-045625.mp3,1
males\sample-045631.mp3,1
males\sample-045633.mp3,1
males\sample-045634.mp3,1
males\sample-045638.mp3,1
males\sample-045639.mp3,1
males\sample-045643.mp3,1
males\sample-045646.mp3,1
males\sample-045649.mp3,1
males\sample-045650.mp3,1
males\sample-045661.mp3,1
males\sample-045672.mp3,1
males\sample-045674.mp3,1
males\sample-045675.mp3,1
males\sample-045680.mp3,1
males\sample-045682.mp3,1
males\sample-045684.mp3,1
males\sample-045689.mp3,1
males\sample-045691.mp3,1
males\sample-045692.mp3,1
males\sample-045693.mp3,1
males\sample-045696.mp3,1
males\sample-045700.mp3,1
males\sample-045705.mp3,1
males\sample-045706.mp3,1
males\sample-045708.mp3,1
males\sample-045709.mp3,1
males\sample-045712.mp3,1
males\sample-045717.mp3,1
males\sample-045721.mp3,1
males\sample-045722.mp3,1
males\sample-045725.mp3,1
males\sample-045728.mp3,1
males\sample-045729.mp3,1
males\sample-045737.mp3,1
males\sample-045739.mp3,1
males\sample-045742.mp3,1
males\sample-045744.mp3,1
males\sample-045746.mp3,1
males\sample-045749.mp3,1
males\sample-045751.mp3,1
males\sample-045753.mp3,1
males\sample-045769.mp3,1
males\sample-045779.mp3,1
males\sample-045781.mp3,1
males\sample-045782.mp3,1
males\sample-045783.mp3,1
males\sample-045784.mp3,1
males\sample-045788.mp3,1
males\sample-045790.mp3,1
males\sample-045796.mp3,1
males\sample-045798.mp3,1
males\sample-045801.mp3,1
males\sample-045807.mp3,1
males\sample-045810.mp3,1
males\sample-045811.mp3,1
males\sample-045814.mp3,1
males\sample-045815.mp3,1
males\sample-045822.mp3,1
males\sample-045823.mp3,1
males\sample-045824.mp3,1
males\sample-045826.mp3,1
males\sample-045827.mp3,1
males\sample-045828.mp3,1
males\sample-045829.mp3,1
males\sample-045831.mp3,1
males\sample-045833.mp3,1
males\sample-045839.mp3,1
males\sample-045841.mp3,1
males\sample-045843.mp3,1
males\sample-045850.mp3,1
males\sample-045854.mp3,1
males\sample-045873.mp3,1
males\sample-045875.mp3,1
males\sample-045876.mp3,1
males\sample-045877.mp3,1
males\sample-045883.mp3,1
males\sample-045886.mp3,1
males\sample-045887.mp3,1
males\sample-045890.mp3,1
males\sample-045891.mp3,1
males\sample-045892.mp3,1
males\sample-045895.mp3,1
males\sample-045908.mp3,1
males\sample-045909.mp3,1
males\sample-045910.mp3,1
males\sample-045912.mp3,1
males\sample-045914.mp3,1
males\sample-045915.mp3,1
males\sample-045921.mp3,1
males\sample-045926.mp3,1
males\sample-045927.mp3,1
males\sample-045928.mp3,1
males\sample-045931.mp3,1
males\sample-045932.mp3,1
males\sample-045935.mp3,1
males\sample-045956.mp3,1
males\sample-045960.mp3,1
males\sample-045961.mp3,1
males\sample-045970.mp3,1
males\sample-045972.mp3,1
males\sample-045976.mp3,1
males\sample-045977.mp3,1
males\sample-045980.mp3,1
males\sample-045981.mp3,1
males\sample-045982.mp3,1
males\sample-045985.mp3,1
males\sample-045986.mp3,1
males\sample-045991.mp3,1
males\sample-045992.mp3,1
males\sample-045994.mp3,1
males\sample-046001.mp3,1
males\sample-046005.mp3,1
males\sample-046009.mp3,1
males\sample-046012.mp3,1
males\sample-046019.mp3,1
males\sample-046020.mp3,1
males\sample-046021.mp3,1
males\sample-046023.mp3,1
males\sample-046027.mp3,1
males\sample-046034.mp3,1
males\sample-046038.mp3,1
males\sample-046040.mp3,1
males\sample-046043.mp3,1
males\sample-046046.mp3,1
males\sample-046047.mp3,1
males\sample-046048.mp3,1
males\sample-046052.mp3,1
males\sample-046053.mp3,1
males\sample-046058.mp3,1
males\sample-046061.mp3,1
males\sample-046068.mp3,1
males\sample-046070.mp3,1
males\sample-046072.mp3,1
males\sample-046075.mp3,1
males\sample-046081.mp3,1
males\sample-046082.mp3,1
males\sample-046085.mp3,1
males\sample-046092.mp3,1
males\sample-046093.mp3,1
males\sample-046095.mp3,1
males\sample-046099.mp3,1
males\sample-046101.mp3,1
males\sample-046107.mp3,1
males\sample-046110.mp3,1
males\sample-046111.mp3,1
males\sample-046118.mp3,1
males\sample-046122.mp3,1
males\sample-046125.mp3,1
males\sample-046126.mp3,1
males\sample-046127.mp3,1
males\sample-046128.mp3,1
males\sample-046129.mp3,1
males\sample-046130.mp3,1
males\sample-046131.mp3,1
males\sample-046134.mp3,1
males\sample-046136.mp3,1
males\sample-046138.mp3,1
males\sample-046141.mp3,1
males\sample-046144.mp3,1
males\sample-046145.mp3,1
males\sample-046147.mp3,1
males\sample-046149.mp3,1
males\sample-046152.mp3,1
males\sample-046154.mp3,1
males\sample-046156.mp3,1
males\sample-046157.mp3,1
males\sample-046159.mp3,1
males\sample-046160.mp3,1
males\sample-046161.mp3,1
males\sample-046162.mp3,1
males\sample-046166.mp3,1
males\sample-046174.mp3,1
males\sample-046176.mp3,1
males\sample-046178.mp3,1
males\sample-046181.mp3,1
males\sample-046183.mp3,1
males\sample-046187.mp3,1
males\sample-046190.mp3,1
males\sample-046192.mp3,1
males\sample-046194.mp3,1
males\sample-046196.mp3,1
males\sample-046198.mp3,1
males\sample-046205.mp3,1
males\sample-046207.mp3,1
males\sample-046208.mp3,1
males\sample-046214.mp3,1
males\sample-046216.mp3,1
males\sample-046227.mp3,1
males\sample-046230.mp3,1
males\sample-046232.mp3,1
males\sample-046235.mp3,1
males\sample-046236.mp3,1
males\sample-046239.mp3,1
males\sample-046242.mp3,1
males\sample-046245.mp3,1
males\sample-046254.mp3,1
males\sample-046256.mp3,1
males\sample-046258.mp3,1
males\sample-046260.mp3,1
males\sample-046261.mp3,1
males\sample-046263.mp3,1
males\sample-046264.mp3,1
males\sample-046280.mp3,1
males\sample-046281.mp3,1
males\sample-046286.mp3,1
males\sample-046289.mp3,1
males\sample-046290.mp3,1
males\sample-046291.mp3,1
males\sample-046292.mp3,1
males\sample-046294.mp3,1
males\sample-046298.mp3,1
males\sample-046299.mp3,1
males\sample-046300.mp3,1
males\sample-046302.mp3,1
males\sample-046304.mp3,1
males\sample-046305.mp3,1
males\sample-046307.mp3,1
males\sample-046313.mp3,1
males\sample-046314.mp3,1
males\sample-046318.mp3,1
males\sample-046319.mp3,1
males\sample-046331.mp3,1
males\sample-046334.mp3,1
males\sample-046335.mp3,1
males\sample-046336.mp3,1
males\sample-046337.mp3,1
males\sample-046341.mp3,1
males\sample-046345.mp3,1
males\sample-046349.mp3,1
males\sample-046350.mp3,1
males\sample-046353.mp3,1
males\sample-046355.mp3,1
males\sample-046359.mp3,1
males\sample-046365.mp3,1
males\sample-046368.mp3,1
males\sample-046370.mp3,1
males\sample-046371.mp3,1
males\sample-046373.mp3,1
males\sample-046378.mp3,1
males\sample-046380.mp3,1
males\sample-046382.mp3,1
males\sample-046388.mp3,1
males\sample-046389.mp3,1
males\sample-046390.mp3,1
males\sample-046391.mp3,1
males\sample-046395.mp3,1
males\sample-046402.mp3,1
males\sample-046404.mp3,1
males\sample-046406.mp3,1
males\sample-046407.mp3,1
males\sample-046408.mp3,1
males\sample-046409.mp3,1
males\sample-046410.mp3,1
males\sample-046411.mp3,1
males\sample-046412.mp3,1
males\sample-046417.mp3,1
males\sample-046420.mp3,1
males\sample-046422.mp3,1
males\sample-046423.mp3,1
males\sample-046424.mp3,1
males\sample-046430.mp3,1
males\sample-046433.mp3,1
males\sample-046434.mp3,1
males\sample-046436.mp3,1
males\sample-046437.mp3,1
males\sample-046439.mp3,1
males\sample-046440.mp3,1
males\sample-046445.mp3,1
males\sample-046449.mp3,1
males\sample-046450.mp3,1
males\sample-046451.mp3,1
males\sample-046452.mp3,1
males\sample-046453.mp3,1
males\sample-046456.mp3,1
males\sample-046458.mp3,1
males\sample-046459.mp3,1
males\sample-046460.mp3,1
males\sample-046463.mp3,1
males\sample-046469.mp3,1
males\sample-046471.mp3,1
males\sample-046475.mp3,1
males\sample-046477.mp3,1
males\sample-046485.mp3,1
males\sample-046486.mp3,1
males\sample-046488.mp3,1
males\sample-046492.mp3,1
males\sample-046493.mp3,1
males\sample-046498.mp3,1
males\sample-046502.mp3,1
males\sample-046505.mp3,1
males\sample-046508.mp3,1
males\sample-046511.mp3,1
males\sample-046518.mp3,1
males\sample-046525.mp3,1
males\sample-046526.mp3,1
males\sample-046530.mp3,1
males\sample-046534.mp3,1
males\sample-046536.mp3,1
males\sample-046541.mp3,1
males\sample-046543.mp3,1
males\sample-046544.mp3,1
males\sample-046547.mp3,1
males\sample-046548.mp3,1
males\sample-046549.mp3,1
males\sample-046555.mp3,1
males\sample-046558.mp3,1
males\sample-046559.mp3,1
males\sample-046561.mp3,1
males\sample-046565.mp3,1
males\sample-046572.mp3,1
males\sample-046573.mp3,1
males\sample-046579.mp3,1
males\sample-046583.mp3,1
males\sample-046586.mp3,1
males\sample-046588.mp3,1
males\sample-046589.mp3,1
males\sample-046590.mp3,1
males\sample-046591.mp3,1
males\sample-046593.mp3,1
males\sample-046603.mp3,1
males\sample-046604.mp3,1
males\sample-046608.mp3,1
males\sample-046611.mp3,1
males\sample-046614.mp3,1
males\sample-046619.mp3,1
males\sample-046620.mp3,1
males\sample-046621.mp3,1
males\sample-046627.mp3,1
males\sample-046628.mp3,1
males\sample-046633.mp3,1
males\sample-046638.mp3,1
males\sample-046640.mp3,1
males\sample-046645.mp3,1
males\sample-046646.mp3,1
males\sample-046647.mp3,1
males\sample-046651.mp3,1
males\sample-046654.mp3,1
males\sample-046657.mp3,1
males\sample-046666.mp3,1
males\sample-046671.mp3,1
males\sample-046672.mp3,1
males\sample-046674.mp3,1
males\sample-046677.mp3,1
males\sample-046678.mp3,1
males\sample-046680.mp3,1
males\sample-046681.mp3,1
males\sample-046683.mp3,1
males\sample-046686.mp3,1
males\sample-046689.mp3,1
males\sample-046690.mp3,1
males\sample-046693.mp3,1
males\sample-046698.mp3,1
males\sample-046699.mp3,1
males\sample-046702.mp3,1
males\sample-046703.mp3,1
males\sample-046704.mp3,1
males\sample-046705.mp3,1
males\sample-046706.mp3,1
males\sample-046709.mp3,1
males\sample-046710.mp3,1
males\sample-046711.mp3,1
males\sample-046714.mp3,1
males\sample-046716.mp3,1
males\sample-046719.mp3,1
males\sample-046721.mp3,1
males\sample-046722.mp3,1
males\sample-046723.mp3,1
males\sample-046735.mp3,1
males\sample-046737.mp3,1
males\sample-046739.mp3,1
males\sample-046740.mp3,1
males\sample-046742.mp3,1
males\sample-046747.mp3,1
males\sample-046748.mp3,1
males\sample-046751.mp3,1
males\sample-046752.mp3,1
males\sample-046755.mp3,1
males\sample-046762.mp3,1
males\sample-046769.mp3,1
males\sample-046771.mp3,1
males\sample-046774.mp3,1
males\sample-046781.mp3,1
males\sample-046784.mp3,1
males\sample-046789.mp3,1
males\sample-046791.mp3,1
males\sample-046795.mp3,1
males\sample-046797.mp3,1
males\sample-046798.mp3,1
males\sample-046807.mp3,1
males\sample-046810.mp3,1
males\sample-046812.mp3,1
males\sample-046813.mp3,1
males\sample-046816.mp3,1
males\sample-046818.mp3,1
males\sample-046819.mp3,1
males\sample-046824.mp3,1
males\sample-046827.mp3,1
males\sample-046828.mp3,1
males\sample-046830.mp3,1
males\sample-046845.mp3,1
males\sample-046847.mp3,1
males\sample-046850.mp3,1
males\sample-046851.mp3,1
males\sample-046853.mp3,1
males\sample-046854.mp3,1
males\sample-046855.mp3,1
males\sample-046856.mp3,1
males\sample-046858.mp3,1
males\sample-046862.mp3,1
males\sample-046864.mp3,1
males\sample-046865.mp3,1
males\sample-046867.mp3,1
males\sample-046868.mp3,1
males\sample-046869.mp3,1
males\sample-046870.mp3,1
males\sample-046874.mp3,1
males\sample-046881.mp3,1
males\sample-046886.mp3,1
males\sample-046890.mp3,1
males\sample-046891.mp3,1
males\sample-046894.mp3,1
males\sample-046901.mp3,1
males\sample-046904.mp3,1
males\sample-046905.mp3,1
males\sample-046907.mp3,1
males\sample-046908.mp3,1
males\sample-046909.mp3,1
males\sample-046912.mp3,1
males\sample-046919.mp3,1
males\sample-046925.mp3,1
males\sample-046926.mp3,1
males\sample-046935.mp3,1
males\sample-046946.mp3,1
males\sample-046948.mp3,1
males\sample-046951.mp3,1
males\sample-046953.mp3,1
males\sample-046955.mp3,1
males\sample-046956.mp3,1
males\sample-046957.mp3,1
males\sample-046959.mp3,1
males\sample-046961.mp3,1
males\sample-046967.mp3,1
males\sample-046968.mp3,1
males\sample-046969.mp3,1
males\sample-046971.mp3,1
males\sample-046972.mp3,1
males\sample-046994.mp3,1
males\sample-046995.mp3,1
males\sample-046996.mp3,1
males\sample-047000.mp3,1
males\sample-047001.mp3,1
males\sample-047002.mp3,1
males\sample-047003.mp3,1
males\sample-047006.mp3,1
males\sample-047007.mp3,1
males\sample-047008.mp3,1
males\sample-047015.mp3,1
males\sample-047017.mp3,1
males\sample-047018.mp3,1
males\sample-047029.mp3,1
males\sample-047032.mp3,1
males\sample-047033.mp3,1
males\sample-047036.mp3,1
males\sample-047043.mp3,1
males\sample-047044.mp3,1
males\sample-047045.mp3,1
males\sample-047046.mp3,1
males\sample-047047.mp3,1
males\sample-047048.mp3,1
males\sample-047055.mp3,1
males\sample-047058.mp3,1
males\sample-047060.mp3,1
males\sample-047061.mp3,1
males\sample-047062.mp3,1
males\sample-047065.mp3,1
males\sample-047068.mp3,1
males\sample-047078.mp3,1
males\sample-047079.mp3,1
males\sample-047081.mp3,1
males\sample-047084.mp3,1
males\sample-047089.mp3,1
males\sample-047092.mp3,1
males\sample-047093.mp3,1
males\sample-047098.mp3,1
males\sample-047102.mp3,1
males\sample-047107.mp3,1
males\sample-047112.mp3,1
males\sample-047115.mp3,1
males\sample-047122.mp3,1
males\sample-047126.mp3,1
males\sample-047127.mp3,1
males\sample-047129.mp3,1
males\sample-047134.mp3,1
males\sample-047137.mp3,1
males\sample-047139.mp3,1
males\sample-047143.mp3,1
males\sample-047144.mp3,1
males\sample-047149.mp3,1
males\sample-047151.mp3,1
males\sample-047152.mp3,1
males\sample-047153.mp3,1
males\sample-047155.mp3,1
males\sample-047158.mp3,1
males\sample-047160.mp3,1
males\sample-047164.mp3,1
males\sample-047165.mp3,1
males\sample-047171.mp3,1
males\sample-047172.mp3,1
males\sample-047174.mp3,1
males\sample-047178.mp3,1
males\sample-047179.mp3,1
males\sample-047180.mp3,1
males\sample-047190.mp3,1
males\sample-047191.mp3,1
males\sample-047193.mp3,1
males\sample-047197.mp3,1
males\sample-047200.mp3,1
males\sample-047203.mp3,1
males\sample-047207.mp3,1
males\sample-047212.mp3,1
males\sample-047214.mp3,1
males\sample-047216.mp3,1
males\sample-047221.mp3,1
males\sample-047225.mp3,1
males\sample-047227.mp3,1
males\sample-047228.mp3,1
males\sample-047231.mp3,1
males\sample-047235.mp3,1
males\sample-047236.mp3,1
males\sample-047238.mp3,1
males\sample-047239.mp3,1
males\sample-047241.mp3,1
males\sample-047245.mp3,1
males\sample-047247.mp3,1
males\sample-047248.mp3,1
males\sample-047253.mp3,1
males\sample-047259.mp3,1
males\sample-047264.mp3,1
males\sample-047265.mp3,1
males\sample-047268.mp3,1
males\sample-047273.mp3,1
males\sample-047275.mp3,1
males\sample-047279.mp3,1
males\sample-047280.mp3,1
males\sample-047283.mp3,1
males\sample-047284.mp3,1
males\sample-047286.mp3,1
males\sample-047287.mp3,1
males\sample-047290.mp3,1
males\sample-047291.mp3,1
males\sample-047293.mp3,1
males\sample-047294.mp3,1
males\sample-047295.mp3,1
males\sample-047298.mp3,1
males\sample-047300.mp3,1
males\sample-047302.mp3,1
males\sample-047308.mp3,1
males\sample-047315.mp3,1
males\sample-047316.mp3,1
males\sample-047317.mp3,1
males\sample-047324.mp3,1
males\sample-047326.mp3,1
males\sample-047327.mp3,1
males\sample-047328.mp3,1
males\sample-047334.mp3,1
males\sample-047338.mp3,1
males\sample-047342.mp3,1
males\sample-047345.mp3,1
males\sample-047348.mp3,1
males\sample-047349.mp3,1
males\sample-047350.mp3,1
males\sample-047353.mp3,1
males\sample-047355.mp3,1
males\sample-047357.mp3,1
males\sample-047362.mp3,1
males\sample-047364.mp3,1
males\sample-047366.mp3,1
males\sample-047367.mp3,1
males\sample-047368.mp3,1
males\sample-047373.mp3,1
males\sample-047376.mp3,1
males\sample-047382.mp3,1
males\sample-047388.mp3,1
males\sample-047394.mp3,1
males\sample-047395.mp3,1
males\sample-047399.mp3,1
males\sample-047403.mp3,1
males\sample-047406.mp3,1
males\sample-047407.mp3,1
males\sample-047411.mp3,1
males\sample-047413.mp3,1
males\sample-047418.mp3,1
males\sample-047419.mp3,1
males\sample-047422.mp3,1
males\sample-047424.mp3,1
males\sample-047425.mp3,1
males\sample-047430.mp3,1
males\sample-047432.mp3,1
males\sample-047436.mp3,1
males\sample-047442.mp3,1
males\sample-047444.mp3,1
males\sample-047447.mp3,1
males\sample-047449.mp3,1
males\sample-047453.mp3,1
males\sample-047454.mp3,1
males\sample-047457.mp3,1
males\sample-047459.mp3,1
males\sample-047462.mp3,1
males\sample-047463.mp3,1
males\sample-047468.mp3,1
males\sample-047469.mp3,1
males\sample-047471.mp3,1
males\sample-047474.mp3,1
males\sample-047476.mp3,1
males\sample-047479.mp3,1
males\sample-047480.mp3,1
males\sample-047481.mp3,1
males\sample-047483.mp3,1
males\sample-047485.mp3,1
males\sample-047487.mp3,1
males\sample-047488.mp3,1
males\sample-047494.mp3,1
males\sample-047496.mp3,1
males\sample-047497.mp3,1
males\sample-047502.mp3,1
males\sample-047503.mp3,1
males\sample-047504.mp3,1
males\sample-047509.mp3,1
males\sample-047510.mp3,1
males\sample-047512.mp3,1
males\sample-047518.mp3,1
males\sample-047523.mp3,1
males\sample-047524.mp3,1
males\sample-047534.mp3,1
males\sample-047536.mp3,1
males\sample-047539.mp3,1
males\sample-047541.mp3,1
males\sample-047543.mp3,1
males\sample-047546.mp3,1
males\sample-047548.mp3,1
males\sample-047550.mp3,1
males\sample-047552.mp3,1
males\sample-047555.mp3,1
males\sample-047556.mp3,1
males\sample-047558.mp3,1
males\sample-047560.mp3,1
males\sample-047568.mp3,1
males\sample-047574.mp3,1
males\sample-047578.mp3,1
males\sample-047581.mp3,1
males\sample-047582.mp3,1
males\sample-047586.mp3,1
males\sample-047590.mp3,1
males\sample-047591.mp3,1
males\sample-047599.mp3,1
males\sample-047600.mp3,1
males\sample-047608.mp3,1
males\sample-047610.mp3,1
males\sample-047614.mp3,1
males\sample-047615.mp3,1
males\sample-047618.mp3,1
males\sample-047620.mp3,1
males\sample-047622.mp3,1
males\sample-047623.mp3,1
males\sample-047626.mp3,1
males\sample-047631.mp3,1
males\sample-047632.mp3,1
males\sample-047637.mp3,1
males\sample-047642.mp3,1
males\sample-047646.mp3,1
males\sample-047647.mp3,1
males\sample-047655.mp3,1
males\sample-047658.mp3,1
males\sample-047662.mp3,1
males\sample-047664.mp3,1
males\sample-047665.mp3,1
males\sample-047667.mp3,1
males\sample-047671.mp3,1
males\sample-047672.mp3,1
males\sample-047673.mp3,1
males\sample-047675.mp3,1
males\sample-047682.mp3,1
males\sample-047687.mp3,1
males\sample-047688.mp3,1
males\sample-047689.mp3,1
males\sample-047691.mp3,1
males\sample-047695.mp3,1
males\sample-047696.mp3,1
males\sample-047698.mp3,1
males\sample-047701.mp3,1
males\sample-047702.mp3,1
males\sample-047706.mp3,1
males\sample-047711.mp3,1
males\sample-047714.mp3,1
males\sample-047715.mp3,1
males\sample-047719.mp3,1
males\sample-047720.mp3,1
males\sample-047724.mp3,1
males\sample-047726.mp3,1
males\sample-047734.mp3,1
males\sample-047737.mp3,1
males\sample-047738.mp3,1
males\sample-047741.mp3,1
males\sample-047743.mp3,1
males\sample-047746.mp3,1
males\sample-047751.mp3,1
males\sample-047759.mp3,1
males\sample-047760.mp3,1
males\sample-047764.mp3,1
males\sample-047768.mp3,1
males\sample-047770.mp3,1
males\sample-047771.mp3,1
males\sample-047775.mp3,1
males\sample-047778.mp3,1
males\sample-047779.mp3,1
males\sample-047781.mp3,1
males\sample-047783.mp3,1
males\sample-047784.mp3,1
males\sample-047785.mp3,1
males\sample-047794.mp3,1
males\sample-047796.mp3,1
males\sample-047797.mp3,1
males\sample-047798.mp3,1
males\sample-047802.mp3,1
males\sample-047804.mp3,1
males\sample-047808.mp3,1
males\sample-047810.mp3,1
males\sample-047812.mp3,1
males\sample-047814.mp3,1
males\sample-047819.mp3,1
males\sample-047825.mp3,1
males\sample-047829.mp3,1
males\sample-047834.mp3,1
males\sample-047838.mp3,1
males\sample-047839.mp3,1
males\sample-047840.mp3,1
males\sample-047841.mp3,1
males\sample-047842.mp3,1
males\sample-047847.mp3,1
males\sample-047852.mp3,1
males\sample-047855.mp3,1
males\sample-047857.mp3,1
males\sample-047858.mp3,1
males\sample-047865.mp3,1
males\sample-047866.mp3,1
males\sample-047869.mp3,1
males\sample-047871.mp3,1
males\sample-047873.mp3,1
males\sample-047875.mp3,1
males\sample-047880.mp3,1
males\sample-047881.mp3,1
males\sample-047882.mp3,1
males\sample-047885.mp3,1
males\sample-047887.mp3,1
males\sample-047889.mp3,1
males\sample-047890.mp3,1
males\sample-047891.mp3,1
males\sample-047897.mp3,1
males\sample-047898.mp3,1
males\sample-047900.mp3,1
males\sample-047903.mp3,1
males\sample-047905.mp3,1
males\sample-047908.mp3,1
males\sample-047909.mp3,1
males\sample-047917.mp3,1
males\sample-047922.mp3,1
males\sample-047933.mp3,1
males\sample-047936.mp3,1
males\sample-047938.mp3,1
males\sample-047940.mp3,1
males\sample-047941.mp3,1
males\sample-047946.mp3,1
males\sample-047950.mp3,1
males\sample-047951.mp3,1
males\sample-047952.mp3,1
males\sample-047954.mp3,1
males\sample-047955.mp3,1
males\sample-047956.mp3,1
males\sample-047957.mp3,1
males\sample-047958.mp3,1
males\sample-047964.mp3,1
males\sample-047971.mp3,1
males\sample-047982.mp3,1
males\sample-047984.mp3,1
males\sample-047985.mp3,1
males\sample-047986.mp3,1
males\sample-047995.mp3,1
males\sample-048000.mp3,1
males\sample-048007.mp3,1
males\sample-048008.mp3,1
males\sample-048009.mp3,1
males\sample-048012.mp3,1
males\sample-048017.mp3,1
males\sample-048019.mp3,1
males\sample-048035.mp3,1
males\sample-048037.mp3,1
males\sample-048040.mp3,1
males\sample-048046.mp3,1
males\sample-048047.mp3,1
males\sample-048049.mp3,1
males\sample-048051.mp3,1
males\sample-048060.mp3,1
males\sample-048064.mp3,1
males\sample-048065.mp3,1
males\sample-048066.mp3,1
males\sample-048068.mp3,1
males\sample-048070.mp3,1
males\sample-048076.mp3,1
males\sample-048082.mp3,1
males\sample-048084.mp3,1
males\sample-048085.mp3,1
males\sample-048092.mp3,1
males\sample-048094.mp3,1
males\sample-048095.mp3,1
males\sample-048098.mp3,1
males\sample-048101.mp3,1
males\sample-048103.mp3,1
males\sample-048112.mp3,1
males\sample-048114.mp3,1
males\sample-048116.mp3,1
males\sample-048130.mp3,1
males\sample-048131.mp3,1
males\sample-048132.mp3,1
males\sample-048133.mp3,1
males\sample-048135.mp3,1
males\sample-048138.mp3,1
males\sample-048141.mp3,1
males\sample-048144.mp3,1
males\sample-048145.mp3,1
males\sample-048148.mp3,1
males\sample-048152.mp3,1
males\sample-048153.mp3,1
males\sample-048157.mp3,1
males\sample-048158.mp3,1
males\sample-048160.mp3,1
males\sample-048164.mp3,1
males\sample-048165.mp3,1
males\sample-048167.mp3,1
males\sample-048170.mp3,1
males\sample-048171.mp3,1
males\sample-048172.mp3,1
males\sample-048174.mp3,1
males\sample-048179.mp3,1
males\sample-048180.mp3,1
males\sample-048181.mp3,1
males\sample-048183.mp3,1
males\sample-048186.mp3,1
males\sample-048188.mp3,1
males\sample-048192.mp3,1
males\sample-048195.mp3,1
males\sample-048200.mp3,1
males\sample-048201.mp3,1
males\sample-048203.mp3,1
males\sample-048204.mp3,1
males\sample-048205.mp3,1
males\sample-048213.mp3,1
males\sample-048220.mp3,1
males\sample-048221.mp3,1
males\sample-048224.mp3,1
males\sample-048227.mp3,1
males\sample-048229.mp3,1
males\sample-048232.mp3,1
males\sample-048235.mp3,1
males\sample-048236.mp3,1
males\sample-048237.mp3,1
males\sample-048241.mp3,1
males\sample-048244.mp3,1
males\sample-048251.mp3,1
males\sample-048253.mp3,1
males\sample-048255.mp3,1
males\sample-048257.mp3,1
males\sample-048259.mp3,1
males\sample-048263.mp3,1
males\sample-048266.mp3,1
males\sample-048268.mp3,1
males\sample-048274.mp3,1
males\sample-048275.mp3,1
males\sample-048284.mp3,1
males\sample-048286.mp3,1
males\sample-048288.mp3,1
males\sample-048290.mp3,1
males\sample-048291.mp3,1
males\sample-048294.mp3,1
males\sample-048300.mp3,1
males\sample-048301.mp3,1
males\sample-048305.mp3,1
males\sample-048309.mp3,1
males\sample-048313.mp3,1
males\sample-048314.mp3,1
males\sample-048320.mp3,1
males\sample-048321.mp3,1
males\sample-048328.mp3,1
males\sample-048331.mp3,1
males\sample-048332.mp3,1
males\sample-048334.mp3,1
males\sample-048337.mp3,1
males\sample-048340.mp3,1
males\sample-048344.mp3,1
males\sample-048350.mp3,1
males\sample-048351.mp3,1
males\sample-048352.mp3,1
males\sample-048353.mp3,1
males\sample-048355.mp3,1
males\sample-048356.mp3,1
males\sample-048358.mp3,1
males\sample-048360.mp3,1
males\sample-048365.mp3,1
males\sample-048366.mp3,1
males\sample-048369.mp3,1
males\sample-048370.mp3,1
males\sample-048378.mp3,1
males\sample-048379.mp3,1
males\sample-048381.mp3,1
males\sample-048382.mp3,1
males\sample-048383.mp3,1
males\sample-048386.mp3,1
males\sample-048387.mp3,1
males\sample-048390.mp3,1
males\sample-048391.mp3,1
males\sample-048393.mp3,1
males\sample-048399.mp3,1
males\sample-048403.mp3,1
males\sample-048406.mp3,1
males\sample-048407.mp3,1
males\sample-048411.mp3,1
males\sample-048412.mp3,1
males\sample-048413.mp3,1
males\sample-048414.mp3,1
males\sample-048421.mp3,1
males\sample-048423.mp3,1
males\sample-048425.mp3,1
males\sample-048426.mp3,1
males\sample-048427.mp3,1
males\sample-048438.mp3,1
males\sample-048440.mp3,1
males\sample-048441.mp3,1
males\sample-048447.mp3,1
males\sample-048454.mp3,1
males\sample-048455.mp3,1
males\sample-048459.mp3,1
males\sample-048460.mp3,1
males\sample-048461.mp3,1
males\sample-048463.mp3,1
males\sample-048467.mp3,1
males\sample-048470.mp3,1
males\sample-048472.mp3,1
males\sample-048474.mp3,1
males\sample-048475.mp3,1
males\sample-048479.mp3,1
males\sample-048480.mp3,1
males\sample-048482.mp3,1
males\sample-048483.mp3,1
males\sample-048485.mp3,1
males\sample-048486.mp3,1
males\sample-048490.mp3,1
males\sample-048491.mp3,1
males\sample-048492.mp3,1
males\sample-048494.mp3,1
males\sample-048497.mp3,1
males\sample-048498.mp3,1
males\sample-048500.mp3,1
males\sample-048504.mp3,1
males\sample-048512.mp3,1
males\sample-048518.mp3,1
males\sample-048522.mp3,1
males\sample-048524.mp3,1
males\sample-048531.mp3,1
males\sample-048534.mp3,1
males\sample-048540.mp3,1
males\sample-048541.mp3,1
males\sample-048542.mp3,1
males\sample-048545.mp3,1
males\sample-048547.mp3,1
males\sample-048550.mp3,1
males\sample-048551.mp3,1
males\sample-048554.mp3,1
males\sample-048559.mp3,1
males\sample-048562.mp3,1
males\sample-048563.mp3,1
males\sample-048569.mp3,1
males\sample-048570.mp3,1
males\sample-048571.mp3,1
males\sample-048574.mp3,1
males\sample-048575.mp3,1
males\sample-048582.mp3,1
males\sample-048583.mp3,1
males\sample-048586.mp3,1
males\sample-048588.mp3,1
males\sample-048594.mp3,1
males\sample-048599.mp3,1
males\sample-048609.mp3,1
males\sample-048613.mp3,1
males\sample-048614.mp3,1
males\sample-048615.mp3,1
males\sample-048621.mp3,1
males\sample-048628.mp3,1
males\sample-048630.mp3,1
males\sample-048633.mp3,1
males\sample-048636.mp3,1
males\sample-048641.mp3,1
males\sample-048644.mp3,1
males\sample-048648.mp3,1
males\sample-048650.mp3,1
males\sample-048654.mp3,1
males\sample-048662.mp3,1
males\sample-048670.mp3,1
males\sample-048672.mp3,1
males\sample-048674.mp3,1
males\sample-048678.mp3,1
males\sample-048683.mp3,1
males\sample-048684.mp3,1
males\sample-048685.mp3,1
males\sample-048688.mp3,1
males\sample-048696.mp3,1
males\sample-048698.mp3,1
males\sample-048701.mp3,1
males\sample-048702.mp3,1
males\sample-048703.mp3,1
males\sample-048704.mp3,1
males\sample-048706.mp3,1
males\sample-048708.mp3,1
males\sample-048710.mp3,1
males\sample-048712.mp3,1
males\sample-048714.mp3,1
males\sample-048717.mp3,1
males\sample-048721.mp3,1
males\sample-048723.mp3,1
males\sample-048724.mp3,1
males\sample-048726.mp3,1
males\sample-048727.mp3,1
males\sample-048729.mp3,1
males\sample-048731.mp3,1
males\sample-048734.mp3,1
males\sample-048736.mp3,1
males\sample-048738.mp3,1
males\sample-048740.mp3,1
males\sample-048743.mp3,1
males\sample-048744.mp3,1
males\sample-048746.mp3,1
males\sample-048747.mp3,1
males\sample-048748.mp3,1
males\sample-048749.mp3,1
males\sample-048750.mp3,1
males\sample-048751.mp3,1
males\sample-048752.mp3,1
males\sample-048760.mp3,1
males\sample-048764.mp3,1
males\sample-048765.mp3,1
males\sample-048767.mp3,1
males\sample-048772.mp3,1
males\sample-048776.mp3,1
males\sample-048778.mp3,1
males\sample-048781.mp3,1
males\sample-048784.mp3,1
males\sample-048787.mp3,1
males\sample-048789.mp3,1
males\sample-048791.mp3,1
males\sample-048794.mp3,1
males\sample-048795.mp3,1
males\sample-048797.mp3,1
males\sample-048802.mp3,1
males\sample-048804.mp3,1
males\sample-048808.mp3,1
males\sample-048815.mp3,1
males\sample-048817.mp3,1
males\sample-048822.mp3,1
males\sample-048824.mp3,1
males\sample-048826.mp3,1
males\sample-048827.mp3,1
males\sample-048828.mp3,1
males\sample-048829.mp3,1
males\sample-048830.mp3,1
males\sample-048832.mp3,1
males\sample-048833.mp3,1
males\sample-048836.mp3,1
males\sample-048837.mp3,1
males\sample-048847.mp3,1
males\sample-048848.mp3,1
males\sample-048849.mp3,1
males\sample-048865.mp3,1
males\sample-048877.mp3,1
males\sample-048879.mp3,1
males\sample-048880.mp3,1
males\sample-048881.mp3,1
males\sample-048883.mp3,1
males\sample-048885.mp3,1
males\sample-048887.mp3,1
males\sample-048898.mp3,1
males\sample-048899.mp3,1
males\sample-048900.mp3,1
males\sample-048903.mp3,1
males\sample-048904.mp3,1
males\sample-048905.mp3,1
males\sample-048906.mp3,1
males\sample-048908.mp3,1
males\sample-048911.mp3,1
males\sample-048914.mp3,1
males\sample-048920.mp3,1
males\sample-048930.mp3,1
males\sample-048932.mp3,1
males\sample-048934.mp3,1
males\sample-048937.mp3,1
males\sample-048940.mp3,1
males\sample-048941.mp3,1
males\sample-048944.mp3,1
males\sample-048945.mp3,1
males\sample-048947.mp3,1
males\sample-048948.mp3,1
males\sample-048954.mp3,1
males\sample-048962.mp3,1
males\sample-048963.mp3,1
males\sample-048964.mp3,1
males\sample-048969.mp3,1
males\sample-048972.mp3,1
males\sample-048973.mp3,1
males\sample-048974.mp3,1
males\sample-048975.mp3,1
males\sample-048984.mp3,1
males\sample-048988.mp3,1
males\sample-048989.mp3,1
males\sample-048991.mp3,1
males\sample-048994.mp3,1
males\sample-048998.mp3,1
males\sample-049000.mp3,1
males\sample-049001.mp3,1
males\sample-049003.mp3,1
males\sample-049005.mp3,1
males\sample-049007.mp3,1
males\sample-049010.mp3,1
males\sample-049016.mp3,1
males\sample-049021.mp3,1
males\sample-049023.mp3,1
males\sample-049025.mp3,1
males\sample-049032.mp3,1
males\sample-049034.mp3,1
males\sample-049035.mp3,1
males\sample-049036.mp3,1
males\sample-049038.mp3,1
males\sample-049040.mp3,1
males\sample-049041.mp3,1
males\sample-049042.mp3,1
males\sample-049044.mp3,1
males\sample-049046.mp3,1
males\sample-049050.mp3,1
males\sample-049051.mp3,1
males\sample-049053.mp3,1
males\sample-049054.mp3,1
males\sample-049056.mp3,1
males\sample-049061.mp3,1
males\sample-049062.mp3,1
males\sample-049066.mp3,1
males\sample-049067.mp3,1
males\sample-049071.mp3,1
males\sample-049073.mp3,1
males\sample-049076.mp3,1
males\sample-049087.mp3,1
males\sample-049090.mp3,1
males\sample-049092.mp3,1
males\sample-049093.mp3,1
males\sample-049094.mp3,1
males\sample-049096.mp3,1
males\sample-049097.mp3,1
males\sample-049098.mp3,1
males\sample-049099.mp3,1
males\sample-049100.mp3,1
males\sample-049102.mp3,1
males\sample-049103.mp3,1
males\sample-049107.mp3,1
males\sample-049109.mp3,1
males\sample-049112.mp3,1
males\sample-049113.mp3,1
males\sample-049121.mp3,1
males\sample-049125.mp3,1
males\sample-049129.mp3,1
males\sample-049132.mp3,1
males\sample-049139.mp3,1
males\sample-049145.mp3,1
males\sample-049148.mp3,1
males\sample-049149.mp3,1
males\sample-049150.mp3,1
males\sample-049156.mp3,1
males\sample-049157.mp3,1
males\sample-049160.mp3,1
males\sample-049163.mp3,1
males\sample-049164.mp3,1
males\sample-049169.mp3,1
males\sample-049172.mp3,1
males\sample-049174.mp3,1
males\sample-049177.mp3,1
males\sample-049178.mp3,1
males\sample-049180.mp3,1
males\sample-049181.mp3,1
males\sample-049182.mp3,1
males\sample-049185.mp3,1
males\sample-049186.mp3,1
males\sample-049187.mp3,1
males\sample-049188.mp3,1
males\sample-049189.mp3,1
males\sample-049191.mp3,1
males\sample-049193.mp3,1
males\sample-049198.mp3,1
males\sample-049199.mp3,1
males\sample-049204.mp3,1
males\sample-049206.mp3,1
males\sample-049207.mp3,1
males\sample-049210.mp3,1
males\sample-049211.mp3,1
males\sample-049212.mp3,1
males\sample-049213.mp3,1
males\sample-049216.mp3,1
males\sample-049218.mp3,1
males\sample-049219.mp3,1
males\sample-049220.mp3,1
males\sample-049227.mp3,1
males\sample-049228.mp3,1
males\sample-049230.mp3,1
males\sample-049233.mp3,1
males\sample-049234.mp3,1
males\sample-049236.mp3,1
males\sample-049237.mp3,1
males\sample-049240.mp3,1
males\sample-049246.mp3,1
males\sample-049247.mp3,1
males\sample-049249.mp3,1
males\sample-049254.mp3,1
males\sample-049255.mp3,1
males\sample-049257.mp3,1
males\sample-049260.mp3,1
males\sample-049261.mp3,1
males\sample-049262.mp3,1
males\sample-049263.mp3,1
males\sample-049267.mp3,1
males\sample-049274.mp3,1
males\sample-049276.mp3,1
males\sample-049281.mp3,1
males\sample-049285.mp3,1
males\sample-049286.mp3,1
males\sample-049287.mp3,1
males\sample-049288.mp3,1
males\sample-049291.mp3,1
males\sample-049295.mp3,1
males\sample-049296.mp3,1
males\sample-049297.mp3,1
males\sample-049304.mp3,1
males\sample-049308.mp3,1
males\sample-049313.mp3,1
males\sample-049319.mp3,1
males\sample-049326.mp3,1
males\sample-049328.mp3,1
males\sample-049334.mp3,1
males\sample-049335.mp3,1
males\sample-049337.mp3,1
males\sample-049338.mp3,1
males\sample-049341.mp3,1
males\sample-049343.mp3,1
males\sample-049348.mp3,1
males\sample-049356.mp3,1
males\sample-049357.mp3,1
males\sample-049358.mp3,1
males\sample-049367.mp3,1
males\sample-049371.mp3,1
males\sample-049372.mp3,1
males\sample-049373.mp3,1
males\sample-049374.mp3,1
males\sample-049376.mp3,1
males\sample-049379.mp3,1
males\sample-049382.mp3,1
males\sample-049383.mp3,1
males\sample-049384.mp3,1
males\sample-049390.mp3,1
males\sample-049392.mp3,1
males\sample-049393.mp3,1
males\sample-049396.mp3,1
males\sample-049401.mp3,1
males\sample-049402.mp3,1
males\sample-049404.mp3,1
males\sample-049405.mp3,1
males\sample-049410.mp3,1
males\sample-049416.mp3,1
males\sample-049418.mp3,1
males\sample-049420.mp3,1
males\sample-049421.mp3,1
males\sample-049422.mp3,1
males\sample-049423.mp3,1
males\sample-049429.mp3,1
males\sample-049432.mp3,1
males\sample-049437.mp3,1
males\sample-049438.mp3,1
males\sample-049441.mp3,1
males\sample-049448.mp3,1
males\sample-049451.mp3,1
males\sample-049453.mp3,1
males\sample-049459.mp3,1
males\sample-049463.mp3,1
males\sample-049467.mp3,1
males\sample-049473.mp3,1
males\sample-049475.mp3,1
males\sample-049476.mp3,1
males\sample-049478.mp3,1
males\sample-049482.mp3,1
males\sample-049484.mp3,1
males\sample-049487.mp3,1
males\sample-049493.mp3,1
males\sample-049508.mp3,1
males\sample-049509.mp3,1
males\sample-049512.mp3,1
males\sample-049516.mp3,1
males\sample-049517.mp3,1
males\sample-049519.mp3,1
males\sample-049524.mp3,1
males\sample-049527.mp3,1
males\sample-049529.mp3,1
males\sample-049534.mp3,1
males\sample-049535.mp3,1
males\sample-049541.mp3,1
males\sample-049543.mp3,1
males\sample-049545.mp3,1
males\sample-049549.mp3,1
males\sample-049559.mp3,1
males\sample-049561.mp3,1
males\sample-049564.mp3,1
males\sample-049565.mp3,1
males\sample-049567.mp3,1
males\sample-049569.mp3,1
males\sample-049578.mp3,1
males\sample-049579.mp3,1
males\sample-049585.mp3,1
males\sample-049591.mp3,1
males\sample-049593.mp3,1
males\sample-049594.mp3,1
males\sample-049595.mp3,1
males\sample-049596.mp3,1
males\sample-049597.mp3,1
males\sample-049599.mp3,1
males\sample-049601.mp3,1
males\sample-049603.mp3,1
males\sample-049604.mp3,1
males\sample-049613.mp3,1
males\sample-049624.mp3,1
males\sample-049628.mp3,1
males\sample-049629.mp3,1
males\sample-049631.mp3,1
males\sample-049633.mp3,1
males\sample-049634.mp3,1
males\sample-049637.mp3,1
males\sample-049638.mp3,1
males\sample-049640.mp3,1
males\sample-049642.mp3,1
males\sample-049646.mp3,1
males\sample-049651.mp3,1
males\sample-049657.mp3,1
males\sample-049660.mp3,1
males\sample-049663.mp3,1
males\sample-049664.mp3,1
males\sample-049668.mp3,1
males\sample-049670.mp3,1
males\sample-049677.mp3,1
males\sample-049678.mp3,1
males\sample-049680.mp3,1
males\sample-049681.mp3,1
males\sample-049682.mp3,1
males\sample-049684.mp3,1
males\sample-049686.mp3,1
males\sample-049687.mp3,1
males\sample-049691.mp3,1
males\sample-049699.mp3,1
males\sample-049702.mp3,1
males\sample-049703.mp3,1
males\sample-049707.mp3,1
males\sample-049708.mp3,1
males\sample-049713.mp3,1
males\sample-049714.mp3,1
males\sample-049715.mp3,1
males\sample-049722.mp3,1
males\sample-049725.mp3,1
males\sample-049726.mp3,1
males\sample-049730.mp3,1
males\sample-049734.mp3,1
males\sample-049738.mp3,1
males\sample-049739.mp3,1
males\sample-049743.mp3,1
males\sample-049744.mp3,1
males\sample-049751.mp3,1
males\sample-049754.mp3,1
males\sample-049755.mp3,1
males\sample-049756.mp3,1
males\sample-049762.mp3,1
males\sample-049768.mp3,1
males\sample-049769.mp3,1
males\sample-049771.mp3,1
males\sample-049772.mp3,1
males\sample-049773.mp3,1
males\sample-049774.mp3,1
males\sample-049779.mp3,1
males\sample-049780.mp3,1
males\sample-049781.mp3,1
males\sample-049782.mp3,1
males\sample-049786.mp3,1
males\sample-049787.mp3,1
males\sample-049788.mp3,1
males\sample-049794.mp3,1
males\sample-049799.mp3,1
males\sample-049804.mp3,1
males\sample-049807.mp3,1
males\sample-049814.mp3,1
males\sample-049816.mp3,1
males\sample-049817.mp3,1
males\sample-049819.mp3,1
males\sample-049820.mp3,1
males\sample-049821.mp3,1
males\sample-049822.mp3,1
males\sample-049825.mp3,1
males\sample-049827.mp3,1
males\sample-049832.mp3,1
males\sample-049835.mp3,1
males\sample-049838.mp3,1
males\sample-049839.mp3,1
males\sample-049842.mp3,1
males\sample-049847.mp3,1
males\sample-049850.mp3,1
males\sample-049852.mp3,1
males\sample-049853.mp3,1
males\sample-049854.mp3,1
males\sample-049859.mp3,1
males\sample-049860.mp3,1
males\sample-049865.mp3,1
males\sample-049866.mp3,1
males\sample-049868.mp3,1
males\sample-049871.mp3,1
males\sample-049872.mp3,1
males\sample-049873.mp3,1
males\sample-049877.mp3,1
males\sample-049880.mp3,1
males\sample-049881.mp3,1
males\sample-049883.mp3,1
males\sample-049889.mp3,1
males\sample-049890.mp3,1
males\sample-049891.mp3,1
males\sample-049893.mp3,1
males\sample-049894.mp3,1
males\sample-049902.mp3,1
males\sample-049903.mp3,1
males\sample-049906.mp3,1
males\sample-049909.mp3,1
males\sample-049910.mp3,1
males\sample-049912.mp3,1
males\sample-049916.mp3,1
males\sample-049918.mp3,1
males\sample-049920.mp3,1
males\sample-049928.mp3,1
males\sample-049930.mp3,1
males\sample-049934.mp3,1
males\sample-049939.mp3,1
males\sample-049943.mp3,1
males\sample-049944.mp3,1
males\sample-049945.mp3,1
males\sample-049947.mp3,1
males\sample-049951.mp3,1
males\sample-049958.mp3,1
males\sample-049961.mp3,1
males\sample-049966.mp3,1
males\sample-049971.mp3,1
males\sample-049974.mp3,1
males\sample-049978.mp3,1
males\sample-049979.mp3,1
males\sample-049980.mp3,1
males\sample-049987.mp3,1
males\sample-049988.mp3,1
males\sample-049989.mp3,1
males\sample-049990.mp3,1
males\sample-049991.mp3,1
males\sample-049995.mp3,1
males\sample-049996.mp3,1
males\sample-049997.mp3,1
males\sample-049998.mp3,1
males\sample-050001.mp3,1
males\sample-050003.mp3,1
males\sample-050004.mp3,1
males\sample-050006.mp3,1
males\sample-050009.mp3,1
males\sample-050030.mp3,1
males\sample-050033.mp3,1
males\sample-050040.mp3,1
males\sample-050042.mp3,1
males\sample-050049.mp3,1
males\sample-050051.mp3,1
males\sample-050056.mp3,1
males\sample-050058.mp3,1
males\sample-050061.mp3,1
males\sample-050062.mp3,1
males\sample-050064.mp3,1
males\sample-050069.mp3,1
males\sample-050073.mp3,1
males\sample-050075.mp3,1
males\sample-050079.mp3,1
males\sample-050084.mp3,1
males\sample-050085.mp3,1
males\sample-050088.mp3,1
males\sample-050092.mp3,1
males\sample-050093.mp3,1
males\sample-050101.mp3,1
males\sample-050102.mp3,1
males\sample-050105.mp3,1
males\sample-050106.mp3,1
males\sample-050107.mp3,1
males\sample-050111.mp3,1
males\sample-050112.mp3,1
males\sample-050113.mp3,1
males\sample-050116.mp3,1
males\sample-050119.mp3,1
males\sample-050121.mp3,1
males\sample-050122.mp3,1
males\sample-050124.mp3,1
males\sample-050129.mp3,1
males\sample-050130.mp3,1
males\sample-050131.mp3,1
males\sample-050132.mp3,1
males\sample-050134.mp3,1
males\sample-050136.mp3,1
males\sample-050137.mp3,1
males\sample-050142.mp3,1
males\sample-050143.mp3,1
males\sample-050144.mp3,1
males\sample-050145.mp3,1
males\sample-050149.mp3,1
males\sample-050150.mp3,1
males\sample-050154.mp3,1
males\sample-050155.mp3,1
males\sample-050159.mp3,1
males\sample-050161.mp3,1
males\sample-050162.mp3,1
males\sample-050164.mp3,1
males\sample-050165.mp3,1
males\sample-050169.mp3,1
males\sample-050170.mp3,1
males\sample-050172.mp3,1
males\sample-050173.mp3,1
males\sample-050177.mp3,1
males\sample-050183.mp3,1
males\sample-050188.mp3,1
males\sample-050191.mp3,1
males\sample-050194.mp3,1
males\sample-050195.mp3,1
males\sample-050196.mp3,1
males\sample-050197.mp3,1
males\sample-050198.mp3,1
males\sample-050199.mp3,1
males\sample-050202.mp3,1
males\sample-050203.mp3,1
males\sample-050204.mp3,1
males\sample-050205.mp3,1
males\sample-050212.mp3,1
males\sample-050213.mp3,1
males\sample-050214.mp3,1
males\sample-050218.mp3,1
males\sample-050219.mp3,1
males\sample-050228.mp3,1
males\sample-050230.mp3,1
males\sample-050231.mp3,1
males\sample-050232.mp3,1
males\sample-050234.mp3,1
males\sample-050241.mp3,1
males\sample-050244.mp3,1
males\sample-050245.mp3,1
males\sample-050246.mp3,1
males\sample-050249.mp3,1
males\sample-050259.mp3,1
males\sample-050262.mp3,1
males\sample-050263.mp3,1
males\sample-050268.mp3,1
males\sample-050269.mp3,1
males\sample-050270.mp3,1
males\sample-050272.mp3,1
males\sample-050275.mp3,1
males\sample-050281.mp3,1
males\sample-050283.mp3,1
males\sample-050288.mp3,1
males\sample-050291.mp3,1
males\sample-050292.mp3,1
males\sample-050300.mp3,1
males\sample-050302.mp3,1
males\sample-050303.mp3,1
males\sample-050304.mp3,1
males\sample-050305.mp3,1
males\sample-050309.mp3,1
males\sample-050311.mp3,1
males\sample-050316.mp3,1
males\sample-050318.mp3,1
males\sample-050320.mp3,1
males\sample-050325.mp3,1
males\sample-050329.mp3,1
males\sample-050334.mp3,1
males\sample-050335.mp3,1
males\sample-050336.mp3,1
males\sample-050337.mp3,1
males\sample-050338.mp3,1
males\sample-050346.mp3,1
males\sample-050348.mp3,1
males\sample-050351.mp3,1
males\sample-050354.mp3,1
males\sample-050355.mp3,1
males\sample-050360.mp3,1
males\sample-050362.mp3,1
males\sample-050367.mp3,1
males\sample-050375.mp3,1
males\sample-050377.mp3,1
males\sample-050378.mp3,1
males\sample-050380.mp3,1
males\sample-050381.mp3,1
males\sample-050382.mp3,1
males\sample-050383.mp3,1
males\sample-050384.mp3,1
males\sample-050385.mp3,1
males\sample-050388.mp3,1
males\sample-050390.mp3,1
males\sample-050392.mp3,1
males\sample-050399.mp3,1
males\sample-050404.mp3,1
males\sample-050405.mp3,1
males\sample-050407.mp3,1
males\sample-050412.mp3,1
males\sample-050415.mp3,1
males\sample-050417.mp3,1
males\sample-050418.mp3,1
males\sample-050419.mp3,1
males\sample-050420.mp3,1
males\sample-050422.mp3,1
males\sample-050428.mp3,1
males\sample-050430.mp3,1
males\sample-050431.mp3,1
males\sample-050433.mp3,1
males\sample-050434.mp3,1
males\sample-050436.mp3,1
males\sample-050438.mp3,1
males\sample-050443.mp3,1
males\sample-050449.mp3,1
males\sample-050459.mp3,1
males\sample-050466.mp3,1
males\sample-050470.mp3,1
males\sample-050473.mp3,1
males\sample-050474.mp3,1
males\sample-050475.mp3,1
males\sample-050476.mp3,1
males\sample-050478.mp3,1
males\sample-050481.mp3,1
males\sample-050483.mp3,1
males\sample-050485.mp3,1
males\sample-050486.mp3,1
males\sample-050488.mp3,1
males\sample-050490.mp3,1
males\sample-050491.mp3,1
males\sample-050493.mp3,1
males\sample-050495.mp3,1
males\sample-050500.mp3,1
males\sample-050504.mp3,1
males\sample-050506.mp3,1
males\sample-050508.mp3,1
males\sample-050511.mp3,1
males\sample-050513.mp3,1
males\sample-050515.mp3,1
males\sample-050521.mp3,1
males\sample-050525.mp3,1
males\sample-050531.mp3,1
males\sample-050543.mp3,1
males\sample-050545.mp3,1
males\sample-050546.mp3,1
males\sample-050550.mp3,1
males\sample-050552.mp3,1
males\sample-050553.mp3,1
males\sample-050557.mp3,1
males\sample-050559.mp3,1
males\sample-050561.mp3,1
males\sample-050565.mp3,1
males\sample-050567.mp3,1
males\sample-050569.mp3,1
males\sample-050576.mp3,1
males\sample-050577.mp3,1
males\sample-050578.mp3,1
males\sample-050580.mp3,1
males\sample-050583.mp3,1
males\sample-050585.mp3,1
males\sample-050587.mp3,1
males\sample-050588.mp3,1
males\sample-050589.mp3,1
males\sample-050590.mp3,1
males\sample-050591.mp3,1
males\sample-050603.mp3,1
males\sample-050608.mp3,1
males\sample-050620.mp3,1
males\sample-050621.mp3,1
males\sample-050623.mp3,1
males\sample-050627.mp3,1
males\sample-050628.mp3,1
males\sample-050632.mp3,1
males\sample-050633.mp3,1
males\sample-050634.mp3,1
males\sample-050635.mp3,1
males\sample-050638.mp3,1
males\sample-050639.mp3,1
males\sample-050640.mp3,1
males\sample-050644.mp3,1
males\sample-050648.mp3,1
males\sample-050649.mp3,1
males\sample-050650.mp3,1
males\sample-050651.mp3,1
males\sample-050655.mp3,1
males\sample-050663.mp3,1
males\sample-050667.mp3,1
males\sample-050668.mp3,1
males\sample-050672.mp3,1
males\sample-050673.mp3,1
males\sample-050674.mp3,1
males\sample-050678.mp3,1
males\sample-050686.mp3,1
males\sample-050688.mp3,1
males\sample-050689.mp3,1
males\sample-050692.mp3,1
males\sample-050694.mp3,1
males\sample-050700.mp3,1
males\sample-050702.mp3,1
males\sample-050703.mp3,1
males\sample-050706.mp3,1
males\sample-050708.mp3,1
males\sample-050709.mp3,1
males\sample-050710.mp3,1
males\sample-050717.mp3,1
males\sample-050719.mp3,1
males\sample-050721.mp3,1
males\sample-050722.mp3,1
males\sample-050723.mp3,1
males\sample-050725.mp3,1
males\sample-050727.mp3,1
males\sample-050735.mp3,1
males\sample-050738.mp3,1
males\sample-050744.mp3,1
males\sample-050746.mp3,1
males\sample-050748.mp3,1
males\sample-050758.mp3,1
males\sample-050759.mp3,1
males\sample-050760.mp3,1
males\sample-050762.mp3,1
males\sample-050768.mp3,1
males\sample-050769.mp3,1
males\sample-050771.mp3,1
males\sample-050775.mp3,1
males\sample-050778.mp3,1
males\sample-050782.mp3,1
males\sample-050783.mp3,1
males\sample-050785.mp3,1
males\sample-050788.mp3,1
males\sample-050794.mp3,1
males\sample-050805.mp3,1
males\sample-050806.mp3,1
males\sample-050807.mp3,1
males\sample-050808.mp3,1
males\sample-050809.mp3,1
males\sample-050810.mp3,1
males\sample-050811.mp3,1
males\sample-050813.mp3,1
males\sample-050815.mp3,1
males\sample-050820.mp3,1
males\sample-050825.mp3,1
males\sample-050827.mp3,1
males\sample-050830.mp3,1
males\sample-050835.mp3,1
males\sample-050836.mp3,1
males\sample-050838.mp3,1
males\sample-050839.mp3,1
males\sample-050840.mp3,1
males\sample-050841.mp3,1
males\sample-050845.mp3,1
males\sample-050851.mp3,1
males\sample-050852.mp3,1
males\sample-050854.mp3,1
males\sample-050856.mp3,1
males\sample-050864.mp3,1
males\sample-050868.mp3,1
males\sample-050869.mp3,1
males\sample-050871.mp3,1
males\sample-050874.mp3,1
males\sample-050882.mp3,1
males\sample-050893.mp3,1
males\sample-050895.mp3,1
males\sample-050899.mp3,1
males\sample-050905.mp3,1
males\sample-050909.mp3,1
males\sample-050916.mp3,1
males\sample-050917.mp3,1
males\sample-050930.mp3,1
males\sample-050933.mp3,1
males\sample-050936.mp3,1
males\sample-050937.mp3,1
males\sample-050939.mp3,1
males\sample-050940.mp3,1
males\sample-050942.mp3,1
males\sample-050943.mp3,1
males\sample-050950.mp3,1
males\sample-050951.mp3,1
males\sample-050963.mp3,1
males\sample-050966.mp3,1
males\sample-050969.mp3,1
males\sample-050973.mp3,1
males\sample-050974.mp3,1
males\sample-050975.mp3,1
males\sample-050976.mp3,1
males\sample-050980.mp3,1
males\sample-050983.mp3,1
males\sample-050995.mp3,1
males\sample-050999.mp3,1
males\sample-051000.mp3,1
males\sample-051003.mp3,1
males\sample-051004.mp3,1
males\sample-051007.mp3,1
males\sample-051012.mp3,1
males\sample-051018.mp3,1
males\sample-051020.mp3,1
males\sample-051021.mp3,1
males\sample-051025.mp3,1
males\sample-051028.mp3,1
males\sample-051034.mp3,1
males\sample-051036.mp3,1
males\sample-051038.mp3,1
males\sample-051040.mp3,1
males\sample-051041.mp3,1
males\sample-051053.mp3,1
males\sample-051054.mp3,1
males\sample-051057.mp3,1
males\sample-051058.mp3,1
males\sample-051061.mp3,1
males\sample-051065.mp3,1
males\sample-051067.mp3,1
males\sample-051072.mp3,1
males\sample-051077.mp3,1
males\sample-051078.mp3,1
males\sample-051080.mp3,1
males\sample-051083.mp3,1
males\sample-051085.mp3,1
males\sample-051090.mp3,1
males\sample-051091.mp3,1
males\sample-051092.mp3,1
males\sample-051096.mp3,1
males\sample-051099.mp3,1
males\sample-051101.mp3,1
males\sample-051102.mp3,1
males\sample-051106.mp3,1
males\sample-051111.mp3,1
males\sample-051112.mp3,1
males\sample-051113.mp3,1
males\sample-051115.mp3,1
males\sample-051116.mp3,1
males\sample-051119.mp3,1
males\sample-051120.mp3,1
males\sample-051123.mp3,1
males\sample-051127.mp3,1
males\sample-051129.mp3,1
males\sample-051132.mp3,1
males\sample-051134.mp3,1
males\sample-051145.mp3,1
males\sample-051163.mp3,1
males\sample-051165.mp3,1
males\sample-051167.mp3,1
males\sample-051168.mp3,1
males\sample-051169.mp3,1
males\sample-051173.mp3,1
males\sample-051174.mp3,1
males\sample-051180.mp3,1
males\sample-051184.mp3,1
males\sample-051187.mp3,1
males\sample-051188.mp3,1
males\sample-051189.mp3,1
males\sample-051190.mp3,1
males\sample-051193.mp3,1
males\sample-051205.mp3,1
males\sample-051207.mp3,1
males\sample-051211.mp3,1
males\sample-051214.mp3,1
males\sample-051215.mp3,1
males\sample-051216.mp3,1
males\sample-051222.mp3,1
males\sample-051223.mp3,1
males\sample-051224.mp3,1
males\sample-051226.mp3,1
males\sample-051227.mp3,1
males\sample-051229.mp3,1
males\sample-051232.mp3,1
males\sample-051233.mp3,1
males\sample-051236.mp3,1
males\sample-051239.mp3,1
males\sample-051240.mp3,1
males\sample-051241.mp3,1
males\sample-051242.mp3,1
males\sample-051245.mp3,1
males\sample-051251.mp3,1
males\sample-051256.mp3,1
males\sample-051259.mp3,1
males\sample-051261.mp3,1
males\sample-051271.mp3,1
males\sample-051273.mp3,1
males\sample-051275.mp3,1
males\sample-051277.mp3,1
males\sample-051278.mp3,1
males\sample-051288.mp3,1
males\sample-051290.mp3,1
males\sample-051292.mp3,1
males\sample-051293.mp3,1
males\sample-051298.mp3,1
males\sample-051299.mp3,1
males\sample-051308.mp3,1
males\sample-051312.mp3,1
males\sample-051315.mp3,1
males\sample-051316.mp3,1
males\sample-051317.mp3,1
males\sample-051319.mp3,1
males\sample-051320.mp3,1
males\sample-051321.mp3,1
males\sample-051322.mp3,1
males\sample-051325.mp3,1
males\sample-051332.mp3,1
males\sample-051333.mp3,1
males\sample-051334.mp3,1
males\sample-051344.mp3,1
males\sample-051345.mp3,1
males\sample-051352.mp3,1
males\sample-051355.mp3,1
males\sample-051360.mp3,1
males\sample-051361.mp3,1
males\sample-051362.mp3,1
males\sample-051365.mp3,1
males\sample-051368.mp3,1
males\sample-051374.mp3,1
males\sample-051375.mp3,1
males\sample-051377.mp3,1
males\sample-051378.mp3,1
males\sample-051383.mp3,1
males\sample-051384.mp3,1
males\sample-051386.mp3,1
males\sample-051392.mp3,1
males\sample-051393.mp3,1
males\sample-051394.mp3,1
males\sample-051396.mp3,1
males\sample-051399.mp3,1
males\sample-051400.mp3,1
males\sample-051401.mp3,1
males\sample-051402.mp3,1
males\sample-051406.mp3,1
males\sample-051408.mp3,1
males\sample-051411.mp3,1
males\sample-051417.mp3,1
males\sample-051418.mp3,1
males\sample-051420.mp3,1
males\sample-051421.mp3,1
males\sample-051424.mp3,1
males\sample-051428.mp3,1
males\sample-051429.mp3,1
males\sample-051431.mp3,1
males\sample-051435.mp3,1
males\sample-051436.mp3,1
males\sample-051437.mp3,1
males\sample-051441.mp3,1
males\sample-051442.mp3,1
males\sample-051447.mp3,1
males\sample-051448.mp3,1
males\sample-051449.mp3,1
males\sample-051450.mp3,1
males\sample-051451.mp3,1
males\sample-051452.mp3,1
males\sample-051454.mp3,1
males\sample-051458.mp3,1
males\sample-051459.mp3,1
males\sample-051462.mp3,1
males\sample-051463.mp3,1
males\sample-051464.mp3,1
males\sample-051465.mp3,1
males\sample-051467.mp3,1
males\sample-051474.mp3,1
males\sample-051482.mp3,1
males\sample-051483.mp3,1
males\sample-051484.mp3,1
males\sample-051485.mp3,1
males\sample-051486.mp3,1
males\sample-051487.mp3,1
males\sample-051489.mp3,1
males\sample-051493.mp3,1
males\sample-051496.mp3,1
males\sample-051497.mp3,1
males\sample-051499.mp3,1
males\sample-051500.mp3,1
males\sample-051504.mp3,1
males\sample-051505.mp3,1
males\sample-051507.mp3,1
males\sample-051510.mp3,1
males\sample-051511.mp3,1
males\sample-051514.mp3,1
males\sample-051516.mp3,1
males\sample-051517.mp3,1
males\sample-051518.mp3,1
males\sample-051519.mp3,1
males\sample-051520.mp3,1
males\sample-051522.mp3,1
males\sample-051523.mp3,1
males\sample-051525.mp3,1
males\sample-051527.mp3,1
males\sample-051528.mp3,1
males\sample-051533.mp3,1
males\sample-051534.mp3,1
males\sample-051535.mp3,1
males\sample-051538.mp3,1
males\sample-051539.mp3,1
males\sample-051545.mp3,1
males\sample-051548.mp3,1
males\sample-051552.mp3,1
males\sample-051553.mp3,1
males\sample-051557.mp3,1
males\sample-051558.mp3,1
males\sample-051569.mp3,1
males\sample-051571.mp3,1
males\sample-051574.mp3,1
males\sample-051575.mp3,1
males\sample-051577.mp3,1
males\sample-051578.mp3,1
males\sample-051579.mp3,1
males\sample-051583.mp3,1
males\sample-051585.mp3,1
males\sample-051589.mp3,1
males\sample-051590.mp3,1
males\sample-051591.mp3,1
males\sample-051595.mp3,1
males\sample-051596.mp3,1
males\sample-051599.mp3,1
males\sample-051600.mp3,1
males\sample-051602.mp3,1
males\sample-051604.mp3,1
males\sample-051607.mp3,1
males\sample-051608.mp3,1
males\sample-051612.mp3,1
males\sample-051615.mp3,1
males\sample-051616.mp3,1
males\sample-051619.mp3,1
males\sample-051620.mp3,1
males\sample-051622.mp3,1
males\sample-051623.mp3,1
males\sample-051625.mp3,1
males\sample-051626.mp3,1
males\sample-051627.mp3,1
males\sample-051629.mp3,1
males\sample-051630.mp3,1
males\sample-051643.mp3,1
males\sample-051645.mp3,1
males\sample-051646.mp3,1
males\sample-051651.mp3,1
males\sample-051657.mp3,1
males\sample-051661.mp3,1
males\sample-051666.mp3,1
males\sample-051668.mp3,1
males\sample-051669.mp3,1
males\sample-051670.mp3,1
males\sample-051672.mp3,1
males\sample-051679.mp3,1
males\sample-051682.mp3,1
males\sample-051685.mp3,1
males\sample-051686.mp3,1
males\sample-051687.mp3,1
males\sample-051689.mp3,1
males\sample-051691.mp3,1
males\sample-051692.mp3,1
males\sample-051697.mp3,1
males\sample-051699.mp3,1
males\sample-051704.mp3,1
males\sample-051706.mp3,1
males\sample-051710.mp3,1
males\sample-051712.mp3,1
males\sample-051714.mp3,1
males\sample-051716.mp3,1
males\sample-051723.mp3,1
males\sample-051725.mp3,1
males\sample-051726.mp3,1
males\sample-051729.mp3,1
males\sample-051731.mp3,1
males\sample-051742.mp3,1
males\sample-051744.mp3,1
males\sample-051746.mp3,1
males\sample-051749.mp3,1
males\sample-051750.mp3,1
males\sample-051756.mp3,1
males\sample-051757.mp3,1
males\sample-051760.mp3,1
males\sample-051763.mp3,1
males\sample-051773.mp3,1
males\sample-051776.mp3,1
males\sample-051777.mp3,1
males\sample-051779.mp3,1
males\sample-051781.mp3,1
males\sample-051784.mp3,1
males\sample-051785.mp3,1
males\sample-051786.mp3,1
males\sample-051787.mp3,1
males\sample-051790.mp3,1
males\sample-051798.mp3,1
males\sample-051799.mp3,1
males\sample-051803.mp3,1
males\sample-051811.mp3,1
males\sample-051812.mp3,1
males\sample-051815.mp3,1
males\sample-051825.mp3,1
males\sample-051831.mp3,1
males\sample-051833.mp3,1
males\sample-051835.mp3,1
males\sample-051838.mp3,1
males\sample-051839.mp3,1
males\sample-051841.mp3,1
males\sample-051844.mp3,1
males\sample-051847.mp3,1
males\sample-051848.mp3,1
males\sample-051851.mp3,1
males\sample-051854.mp3,1
males\sample-051857.mp3,1
males\sample-051859.mp3,1
males\sample-051863.mp3,1
males\sample-051864.mp3,1
males\sample-051866.mp3,1
males\sample-051867.mp3,1
males\sample-051870.mp3,1
males\sample-051873.mp3,1
males\sample-051874.mp3,1
males\sample-051875.mp3,1
males\sample-051877.mp3,1
males\sample-051878.mp3,1
males\sample-051881.mp3,1
males\sample-051883.mp3,1
males\sample-051886.mp3,1
males\sample-051888.mp3,1
males\sample-051890.mp3,1
males\sample-051891.mp3,1
males\sample-051893.mp3,1
males\sample-051896.mp3,1
males\sample-051897.mp3,1
males\sample-051901.mp3,1
males\sample-051904.mp3,1
males\sample-051910.mp3,1
males\sample-051914.mp3,1
males\sample-051916.mp3,1
males\sample-051918.mp3,1
males\sample-051921.mp3,1
males\sample-051922.mp3,1
males\sample-051924.mp3,1
males\sample-051930.mp3,1
males\sample-051932.mp3,1
males\sample-051934.mp3,1
males\sample-051937.mp3,1
males\sample-051938.mp3,1
males\sample-051941.mp3,1
males\sample-051942.mp3,1
males\sample-051946.mp3,1
males\sample-051947.mp3,1
males\sample-051948.mp3,1
males\sample-051949.mp3,1
males\sample-051950.mp3,1
males\sample-051958.mp3,1
males\sample-051960.mp3,1
males\sample-051962.mp3,1
males\sample-051968.mp3,1
males\sample-051971.mp3,1
males\sample-051972.mp3,1
males\sample-051975.mp3,1
males\sample-051977.mp3,1
males\sample-051983.mp3,1
males\sample-051986.mp3,1
males\sample-051992.mp3,1
males\sample-052000.mp3,1
males\sample-052002.mp3,1
males\sample-052006.mp3,1
males\sample-052007.mp3,1
males\sample-052014.mp3,1
males\sample-052016.mp3,1
males\sample-052017.mp3,1
males\sample-052018.mp3,1
males\sample-052021.mp3,1
males\sample-052022.mp3,1
males\sample-052027.mp3,1
males\sample-052032.mp3,1
males\sample-052033.mp3,1
males\sample-052037.mp3,1
males\sample-052038.mp3,1
males\sample-052040.mp3,1
males\sample-052043.mp3,1
males\sample-052050.mp3,1
males\sample-052055.mp3,1
males\sample-052062.mp3,1
males\sample-052063.mp3,1
males\sample-052069.mp3,1
males\sample-052073.mp3,1
males\sample-052074.mp3,1
males\sample-052076.mp3,1
males\sample-052080.mp3,1
males\sample-052081.mp3,1
males\sample-052084.mp3,1
males\sample-052085.mp3,1
males\sample-052087.mp3,1
males\sample-052089.mp3,1
males\sample-052095.mp3,1
males\sample-052100.mp3,1
males\sample-052104.mp3,1
males\sample-052105.mp3,1
males\sample-052107.mp3,1
males\sample-052112.mp3,1
males\sample-052118.mp3,1
males\sample-052119.mp3,1
males\sample-052126.mp3,1
males\sample-052128.mp3,1
males\sample-052133.mp3,1
males\sample-052134.mp3,1
males\sample-052137.mp3,1
males\sample-052138.mp3,1
males\sample-052139.mp3,1
males\sample-052140.mp3,1
males\sample-052143.mp3,1
males\sample-052145.mp3,1
males\sample-052147.mp3,1
males\sample-052151.mp3,1
males\sample-052152.mp3,1
males\sample-052158.mp3,1
males\sample-052162.mp3,1
males\sample-052173.mp3,1
males\sample-052178.mp3,1
males\sample-052179.mp3,1
males\sample-052182.mp3,1
males\sample-052184.mp3,1
males\sample-052187.mp3,1
males\sample-052190.mp3,1
males\sample-052192.mp3,1
males\sample-052195.mp3,1
males\sample-052197.mp3,1
males\sample-052199.mp3,1
males\sample-052200.mp3,1
males\sample-052201.mp3,1
males\sample-052202.mp3,1
males\sample-052206.mp3,1
males\sample-052209.mp3,1
males\sample-052213.mp3,1
males\sample-052217.mp3,1
males\sample-052222.mp3,1
males\sample-052223.mp3,1
males\sample-052228.mp3,1
males\sample-052231.mp3,1
males\sample-052237.mp3,1
males\sample-052244.mp3,1
males\sample-052246.mp3,1
males\sample-052249.mp3,1
males\sample-052251.mp3,1
males\sample-052253.mp3,1
males\sample-052254.mp3,1
males\sample-052258.mp3,1
males\sample-052259.mp3,1
males\sample-052261.mp3,1
males\sample-052266.mp3,1
males\sample-052274.mp3,1
males\sample-052276.mp3,1
males\sample-052277.mp3,1
males\sample-052278.mp3,1
males\sample-052281.mp3,1
males\sample-052286.mp3,1
males\sample-052287.mp3,1
males\sample-052289.mp3,1
males\sample-052294.mp3,1
males\sample-052296.mp3,1
males\sample-052298.mp3,1
males\sample-052303.mp3,1
males\sample-052311.mp3,1
males\sample-052312.mp3,1
males\sample-052315.mp3,1
males\sample-052316.mp3,1
males\sample-052324.mp3,1
males\sample-052326.mp3,1
males\sample-052328.mp3,1
males\sample-052331.mp3,1
males\sample-052332.mp3,1
males\sample-052333.mp3,1
males\sample-052336.mp3,1
males\sample-052338.mp3,1
males\sample-052339.mp3,1
males\sample-052341.mp3,1
males\sample-052342.mp3,1
males\sample-052346.mp3,1
males\sample-052349.mp3,1
males\sample-052363.mp3,1
males\sample-052365.mp3,1
males\sample-052372.mp3,1
males\sample-052373.mp3,1
males\sample-052375.mp3,1
males\sample-052376.mp3,1
males\sample-052379.mp3,1
males\sample-052380.mp3,1
males\sample-052381.mp3,1
males\sample-052382.mp3,1
males\sample-052384.mp3,1
males\sample-052386.mp3,1
males\sample-052387.mp3,1
males\sample-052396.mp3,1
males\sample-052402.mp3,1
males\sample-052406.mp3,1
males\sample-052409.mp3,1
males\sample-052410.mp3,1
males\sample-052411.mp3,1
males\sample-052414.mp3,1
males\sample-052415.mp3,1
males\sample-052416.mp3,1
males\sample-052428.mp3,1
males\sample-052431.mp3,1
males\sample-052432.mp3,1
males\sample-052436.mp3,1
males\sample-052441.mp3,1
males\sample-052453.mp3,1
males\sample-052454.mp3,1
males\sample-052455.mp3,1
males\sample-052457.mp3,1
males\sample-052459.mp3,1
males\sample-052461.mp3,1
males\sample-052467.mp3,1
males\sample-052468.mp3,1
males\sample-052471.mp3,1
males\sample-052476.mp3,1
males\sample-052480.mp3,1
males\sample-052485.mp3,1
males\sample-052487.mp3,1
males\sample-052489.mp3,1
males\sample-052492.mp3,1
males\sample-052499.mp3,1
males\sample-052506.mp3,1
males\sample-052507.mp3,1
males\sample-052510.mp3,1
males\sample-052515.mp3,1
males\sample-052518.mp3,1
males\sample-052519.mp3,1
males\sample-052520.mp3,1
males\sample-052523.mp3,1
males\sample-052531.mp3,1
males\sample-052545.mp3,1
males\sample-052546.mp3,1
males\sample-052551.mp3,1
males\sample-052555.mp3,1
males\sample-052557.mp3,1
males\sample-052560.mp3,1
males\sample-052568.mp3,1
males\sample-052569.mp3,1
males\sample-052570.mp3,1
males\sample-052571.mp3,1
males\sample-052574.mp3,1
males\sample-052576.mp3,1
males\sample-052577.mp3,1
males\sample-052579.mp3,1
males\sample-052583.mp3,1
males\sample-052587.mp3,1
males\sample-052588.mp3,1
males\sample-052591.mp3,1
males\sample-052594.mp3,1
males\sample-052596.mp3,1
males\sample-052598.mp3,1
males\sample-052599.mp3,1
males\sample-052600.mp3,1
males\sample-052601.mp3,1
males\sample-052610.mp3,1
males\sample-052611.mp3,1
males\sample-052614.mp3,1
males\sample-052615.mp3,1
males\sample-052619.mp3,1
males\sample-052625.mp3,1
males\sample-052626.mp3,1
males\sample-052627.mp3,1
males\sample-052631.mp3,1
males\sample-052639.mp3,1
males\sample-052645.mp3,1
males\sample-052646.mp3,1
males\sample-052649.mp3,1
males\sample-052655.mp3,1
males\sample-052664.mp3,1
males\sample-052671.mp3,1
males\sample-052672.mp3,1
males\sample-052676.mp3,1
males\sample-052679.mp3,1
males\sample-052681.mp3,1
males\sample-052684.mp3,1
males\sample-052685.mp3,1
males\sample-052691.mp3,1
males\sample-052693.mp3,1
males\sample-052701.mp3,1
males\sample-052705.mp3,1
males\sample-052706.mp3,1
males\sample-052713.mp3,1
males\sample-052714.mp3,1
males\sample-052719.mp3,1
males\sample-052721.mp3,1
males\sample-052723.mp3,1
males\sample-052725.mp3,1
males\sample-052729.mp3,1
males\sample-052730.mp3,1
males\sample-052731.mp3,1
males\sample-052733.mp3,1
males\sample-052734.mp3,1
males\sample-052740.mp3,1
males\sample-052743.mp3,1
males\sample-052744.mp3,1
males\sample-052746.mp3,1
males\sample-052752.mp3,1
males\sample-052753.mp3,1
males\sample-052754.mp3,1
males\sample-052755.mp3,1
males\sample-052759.mp3,1
males\sample-052762.mp3,1
males\sample-052766.mp3,1
males\sample-052767.mp3,1
males\sample-052768.mp3,1
males\sample-052770.mp3,1
males\sample-052774.mp3,1
males\sample-052776.mp3,1
males\sample-052779.mp3,1
males\sample-052780.mp3,1
males\sample-052789.mp3,1
males\sample-052793.mp3,1
males\sample-052796.mp3,1
males\sample-052797.mp3,1
males\sample-052799.mp3,1
males\sample-052801.mp3,1
males\sample-052803.mp3,1
males\sample-052804.mp3,1
males\sample-052805.mp3,1
males\sample-052807.mp3,1
males\sample-052808.mp3,1
males\sample-052809.mp3,1
males\sample-052810.mp3,1
males\sample-052812.mp3,1
males\sample-052817.mp3,1
males\sample-052818.mp3,1
males\sample-052819.mp3,1
males\sample-052820.mp3,1
males\sample-052822.mp3,1
males\sample-052823.mp3,1
males\sample-052824.mp3,1
males\sample-052829.mp3,1
males\sample-052833.mp3,1
males\sample-052834.mp3,1
males\sample-052837.mp3,1
males\sample-052839.mp3,1
males\sample-052840.mp3,1
males\sample-052841.mp3,1
males\sample-052843.mp3,1
males\sample-052845.mp3,1
males\sample-052847.mp3,1
males\sample-052850.mp3,1
males\sample-052851.mp3,1
males\sample-052853.mp3,1
males\sample-052856.mp3,1
males\sample-052857.mp3,1
males\sample-052861.mp3,1
males\sample-052863.mp3,1
males\sample-052865.mp3,1
males\sample-052869.mp3,1
males\sample-052871.mp3,1
males\sample-052875.mp3,1
males\sample-052876.mp3,1
males\sample-052878.mp3,1
males\sample-052879.mp3,1
males\sample-052880.mp3,1
males\sample-052885.mp3,1
males\sample-052886.mp3,1
males\sample-052887.mp3,1
males\sample-052896.mp3,1
males\sample-052897.mp3,1
males\sample-052902.mp3,1
males\sample-052905.mp3,1
males\sample-052910.mp3,1
males\sample-052912.mp3,1
males\sample-052913.mp3,1
males\sample-052914.mp3,1
males\sample-052928.mp3,1
males\sample-052932.mp3,1
males\sample-052933.mp3,1
males\sample-052935.mp3,1
males\sample-052936.mp3,1
males\sample-052942.mp3,1
males\sample-052943.mp3,1
males\sample-052946.mp3,1
males\sample-052948.mp3,1
males\sample-052954.mp3,1
males\sample-052955.mp3,1
males\sample-052956.mp3,1
males\sample-052959.mp3,1
males\sample-052962.mp3,1
males\sample-052965.mp3,1
males\sample-052968.mp3,1
males\sample-052971.mp3,1
males\sample-052974.mp3,1
males\sample-052975.mp3,1
males\sample-052977.mp3,1
males\sample-052979.mp3,1
males\sample-052982.mp3,1
males\sample-052985.mp3,1
males\sample-052987.mp3,1
males\sample-052989.mp3,1
males\sample-052990.mp3,1
males\sample-052992.mp3,1
males\sample-052998.mp3,1
males\sample-053000.mp3,1
males\sample-053002.mp3,1
males\sample-053010.mp3,1
males\sample-053013.mp3,1
males\sample-053014.mp3,1
males\sample-053016.mp3,1
males\sample-053018.mp3,1
males\sample-053019.mp3,1
males\sample-053025.mp3,1
males\sample-053026.mp3,1
males\sample-053027.mp3,1
males\sample-053034.mp3,1
males\sample-053037.mp3,1
males\sample-053041.mp3,1
males\sample-053042.mp3,1
males\sample-053043.mp3,1
males\sample-053045.mp3,1
males\sample-053046.mp3,1
males\sample-053047.mp3,1
males\sample-053051.mp3,1
males\sample-053053.mp3,1
males\sample-053054.mp3,1
males\sample-053060.mp3,1
males\sample-053061.mp3,1
males\sample-053064.mp3,1
males\sample-053068.mp3,1
males\sample-053074.mp3,1
males\sample-053075.mp3,1
males\sample-053077.mp3,1
males\sample-053078.mp3,1
males\sample-053079.mp3,1
males\sample-053080.mp3,1
males\sample-053083.mp3,1
males\sample-053084.mp3,1
males\sample-053087.mp3,1
males\sample-053088.mp3,1
males\sample-053089.mp3,1
males\sample-053090.mp3,1
males\sample-053092.mp3,1
males\sample-053097.mp3,1
males\sample-053098.mp3,1
males\sample-053099.mp3,1
males\sample-053100.mp3,1
males\sample-053104.mp3,1
males\sample-053106.mp3,1
males\sample-053107.mp3,1
males\sample-053110.mp3,1
males\sample-053111.mp3,1
males\sample-053117.mp3,1
males\sample-053118.mp3,1
males\sample-053123.mp3,1
males\sample-053129.mp3,1
males\sample-053130.mp3,1
males\sample-053131.mp3,1
males\sample-053134.mp3,1
males\sample-053138.mp3,1
males\sample-053139.mp3,1
males\sample-053141.mp3,1
males\sample-053143.mp3,1
males\sample-053145.mp3,1
males\sample-053148.mp3,1
males\sample-053150.mp3,1
males\sample-053154.mp3,1
males\sample-053158.mp3,1
males\sample-053159.mp3,1
males\sample-053164.mp3,1
males\sample-053165.mp3,1
males\sample-053166.mp3,1
males\sample-053172.mp3,1
males\sample-053174.mp3,1
males\sample-053180.mp3,1
males\sample-053185.mp3,1
males\sample-053187.mp3,1
males\sample-053189.mp3,1
males\sample-053190.mp3,1
males\sample-053193.mp3,1
males\sample-053195.mp3,1
males\sample-053200.mp3,1
males\sample-053202.mp3,1
males\sample-053203.mp3,1
males\sample-053205.mp3,1
males\sample-053206.mp3,1
males\sample-053214.mp3,1
males\sample-053215.mp3,1
males\sample-053216.mp3,1
males\sample-053218.mp3,1
males\sample-053223.mp3,1
males\sample-053224.mp3,1
males\sample-053231.mp3,1
males\sample-053234.mp3,1
males\sample-053236.mp3,1
males\sample-053238.mp3,1
males\sample-053241.mp3,1
males\sample-053243.mp3,1
males\sample-053244.mp3,1
males\sample-053245.mp3,1
males\sample-053255.mp3,1
males\sample-053256.mp3,1
males\sample-053258.mp3,1
males\sample-053260.mp3,1
males\sample-053262.mp3,1
males\sample-053266.mp3,1
males\sample-053267.mp3,1
males\sample-053268.mp3,1
males\sample-053269.mp3,1
males\sample-053270.mp3,1
males\sample-053271.mp3,1
males\sample-053279.mp3,1
males\sample-053281.mp3,1
males\sample-053282.mp3,1
males\sample-053286.mp3,1
males\sample-053307.mp3,1
males\sample-053308.mp3,1
males\sample-053313.mp3,1
males\sample-053320.mp3,1
males\sample-053324.mp3,1
males\sample-053329.mp3,1
males\sample-053334.mp3,1
males\sample-053340.mp3,1
males\sample-053343.mp3,1
males\sample-053346.mp3,1
males\sample-053347.mp3,1
males\sample-053355.mp3,1
males\sample-053357.mp3,1
males\sample-053360.mp3,1
males\sample-053361.mp3,1
males\sample-053367.mp3,1
males\sample-053373.mp3,1
males\sample-053377.mp3,1
males\sample-053378.mp3,1
males\sample-053380.mp3,1
males\sample-053382.mp3,1
males\sample-053386.mp3,1
males\sample-053388.mp3,1
males\sample-053390.mp3,1
males\sample-053391.mp3,1
males\sample-053395.mp3,1
males\sample-053396.mp3,1
males\sample-053397.mp3,1
males\sample-053399.mp3,1
males\sample-053401.mp3,1
males\sample-053402.mp3,1
males\sample-053405.mp3,1
males\sample-053415.mp3,1
males\sample-053419.mp3,1
males\sample-053420.mp3,1
males\sample-053421.mp3,1
males\sample-053422.mp3,1
males\sample-053423.mp3,1
males\sample-053427.mp3,1
males\sample-053431.mp3,1
males\sample-053438.mp3,1
males\sample-053439.mp3,1
males\sample-053445.mp3,1
males\sample-053451.mp3,1
males\sample-053454.mp3,1
males\sample-053455.mp3,1
males\sample-053459.mp3,1
males\sample-053464.mp3,1
males\sample-053466.mp3,1
males\sample-053467.mp3,1
males\sample-053472.mp3,1
males\sample-053476.mp3,1
males\sample-053478.mp3,1
males\sample-053479.mp3,1
males\sample-053482.mp3,1
males\sample-053487.mp3,1
males\sample-053488.mp3,1
males\sample-053491.mp3,1
males\sample-053494.mp3,1
males\sample-053501.mp3,1
males\sample-053504.mp3,1
males\sample-053505.mp3,1
males\sample-053506.mp3,1
males\sample-053507.mp3,1
males\sample-053510.mp3,1
males\sample-053512.mp3,1
males\sample-053517.mp3,1
males\sample-053520.mp3,1
males\sample-053523.mp3,1
males\sample-053525.mp3,1
males\sample-053531.mp3,1
males\sample-053539.mp3,1
males\sample-053543.mp3,1
males\sample-053549.mp3,1
males\sample-053551.mp3,1
males\sample-053553.mp3,1
males\sample-053563.mp3,1
males\sample-053564.mp3,1
males\sample-053565.mp3,1
males\sample-053569.mp3,1
males\sample-053570.mp3,1
males\sample-053571.mp3,1
males\sample-053574.mp3,1
males\sample-053576.mp3,1
males\sample-053579.mp3,1
males\sample-053581.mp3,1
males\sample-053582.mp3,1
males\sample-053585.mp3,1
males\sample-053588.mp3,1
males\sample-053591.mp3,1
males\sample-053594.mp3,1
males\sample-053597.mp3,1
males\sample-053600.mp3,1
males\sample-053612.mp3,1
males\sample-053618.mp3,1
males\sample-053619.mp3,1
males\sample-053622.mp3,1
males\sample-053623.mp3,1
males\sample-053626.mp3,1
males\sample-053628.mp3,1
males\sample-053629.mp3,1
males\sample-053634.mp3,1
males\sample-053638.mp3,1
males\sample-053639.mp3,1
males\sample-053641.mp3,1
males\sample-053645.mp3,1
males\sample-053647.mp3,1
males\sample-053655.mp3,1
males\sample-053660.mp3,1
males\sample-053661.mp3,1
males\sample-053664.mp3,1
males\sample-053665.mp3,1
males\sample-053666.mp3,1
males\sample-053669.mp3,1
males\sample-053670.mp3,1
males\sample-053677.mp3,1
males\sample-053680.mp3,1
males\sample-053681.mp3,1
males\sample-053683.mp3,1
males\sample-053685.mp3,1
males\sample-053686.mp3,1
males\sample-053688.mp3,1
males\sample-053689.mp3,1
males\sample-053690.mp3,1
males\sample-053691.mp3,1
males\sample-053695.mp3,1
males\sample-053708.mp3,1
males\sample-053709.mp3,1
males\sample-053710.mp3,1
males\sample-053711.mp3,1
males\sample-053724.mp3,1
males\sample-053727.mp3,1
males\sample-053732.mp3,1
males\sample-053736.mp3,1
males\sample-053738.mp3,1
males\sample-053742.mp3,1
males\sample-053749.mp3,1
males\sample-053751.mp3,1
males\sample-053757.mp3,1
males\sample-053760.mp3,1
males\sample-053761.mp3,1
males\sample-053763.mp3,1
males\sample-053767.mp3,1
males\sample-053770.mp3,1
males\sample-053773.mp3,1
males\sample-053776.mp3,1
males\sample-053781.mp3,1
males\sample-053784.mp3,1
males\sample-053785.mp3,1
males\sample-053787.mp3,1
males\sample-053789.mp3,1
males\sample-053790.mp3,1
males\sample-053800.mp3,1
males\sample-053802.mp3,1
males\sample-053803.mp3,1
males\sample-053806.mp3,1
males\sample-053807.mp3,1
males\sample-053809.mp3,1
males\sample-053811.mp3,1
males\sample-053814.mp3,1
males\sample-053816.mp3,1
males\sample-053825.mp3,1
males\sample-053826.mp3,1
males\sample-053830.mp3,1
males\sample-053832.mp3,1
males\sample-053833.mp3,1
males\sample-053837.mp3,1
males\sample-053841.mp3,1
males\sample-053843.mp3,1
males\sample-053846.mp3,1
males\sample-053849.mp3,1
males\sample-053851.mp3,1
males\sample-053852.mp3,1
males\sample-053853.mp3,1
males\sample-053858.mp3,1
males\sample-053863.mp3,1
males\sample-053864.mp3,1
males\sample-053867.mp3,1
males\sample-053869.mp3,1
males\sample-053870.mp3,1
males\sample-053871.mp3,1
males\sample-053878.mp3,1
males\sample-053883.mp3,1
males\sample-053885.mp3,1
males\sample-053891.mp3,1
males\sample-053892.mp3,1
males\sample-053893.mp3,1
males\sample-053894.mp3,1
males\sample-053897.mp3,1
males\sample-053898.mp3,1
males\sample-053900.mp3,1
males\sample-053903.mp3,1
males\sample-053904.mp3,1
males\sample-053905.mp3,1
males\sample-053906.mp3,1
males\sample-053907.mp3,1
males\sample-053908.mp3,1
males\sample-053912.mp3,1
males\sample-053919.mp3,1
males\sample-053921.mp3,1
males\sample-053924.mp3,1
males\sample-053926.mp3,1
males\sample-053927.mp3,1
males\sample-053929.mp3,1
males\sample-053930.mp3,1
males\sample-053931.mp3,1
males\sample-053932.mp3,1
males\sample-053933.mp3,1
males\sample-053941.mp3,1
males\sample-053943.mp3,1
males\sample-053944.mp3,1
males\sample-053945.mp3,1
males\sample-053948.mp3,1
males\sample-053949.mp3,1
males\sample-053950.mp3,1
males\sample-053952.mp3,1
males\sample-053954.mp3,1
males\sample-053957.mp3,1
males\sample-053958.mp3,1
males\sample-053963.mp3,1
males\sample-053966.mp3,1
males\sample-053971.mp3,1
males\sample-053975.mp3,1
males\sample-053977.mp3,1
males\sample-053978.mp3,1
males\sample-053980.mp3,1
males\sample-053986.mp3,1
males\sample-053988.mp3,1
males\sample-053990.mp3,1
males\sample-053991.mp3,1
males\sample-053995.mp3,1
males\sample-053997.mp3,1
males\sample-053998.mp3,1
males\sample-054004.mp3,1
males\sample-054008.mp3,1
males\sample-054009.mp3,1
males\sample-054010.mp3,1
males\sample-054012.mp3,1
males\sample-054013.mp3,1
males\sample-054016.mp3,1
males\sample-054017.mp3,1
males\sample-054020.mp3,1
males\sample-054029.mp3,1
males\sample-054034.mp3,1
males\sample-054037.mp3,1
males\sample-054039.mp3,1
males\sample-054042.mp3,1
males\sample-054047.mp3,1
males\sample-054051.mp3,1
males\sample-054052.mp3,1
males\sample-054053.mp3,1
males\sample-054056.mp3,1
males\sample-054060.mp3,1
males\sample-054061.mp3,1
males\sample-054063.mp3,1
males\sample-054064.mp3,1
males\sample-054065.mp3,1
males\sample-054068.mp3,1
males\sample-054073.mp3,1
males\sample-054077.mp3,1
males\sample-054079.mp3,1
males\sample-054081.mp3,1
males\sample-054084.mp3,1
males\sample-054086.mp3,1
males\sample-054088.mp3,1
males\sample-054089.mp3,1
males\sample-054090.mp3,1
males\sample-054091.mp3,1
males\sample-054092.mp3,1
males\sample-054097.mp3,1
males\sample-054107.mp3,1
males\sample-054108.mp3,1
males\sample-054109.mp3,1
males\sample-054114.mp3,1
males\sample-054121.mp3,1
males\sample-054122.mp3,1
males\sample-054124.mp3,1
males\sample-054128.mp3,1
males\sample-054130.mp3,1
males\sample-054134.mp3,1
males\sample-054137.mp3,1
males\sample-054138.mp3,1
males\sample-054139.mp3,1
males\sample-054143.mp3,1
males\sample-054148.mp3,1
males\sample-054153.mp3,1
males\sample-054156.mp3,1
males\sample-054158.mp3,1
males\sample-054159.mp3,1
males\sample-054165.mp3,1
males\sample-054179.mp3,1
males\sample-054185.mp3,1
males\sample-054187.mp3,1
males\sample-054193.mp3,1
males\sample-054199.mp3,1
males\sample-054200.mp3,1
males\sample-054204.mp3,1
males\sample-054205.mp3,1
males\sample-054208.mp3,1
males\sample-054218.mp3,1
males\sample-054220.mp3,1
males\sample-054221.mp3,1
males\sample-054226.mp3,1
males\sample-054227.mp3,1
males\sample-054234.mp3,1
males\sample-054235.mp3,1
males\sample-054237.mp3,1
males\sample-054239.mp3,1
males\sample-054240.mp3,1
males\sample-054241.mp3,1
males\sample-054246.mp3,1
males\sample-054249.mp3,1
males\sample-054261.mp3,1
males\sample-054263.mp3,1
males\sample-054264.mp3,1
males\sample-054266.mp3,1
males\sample-054267.mp3,1
males\sample-054268.mp3,1
males\sample-054273.mp3,1
males\sample-054277.mp3,1
males\sample-054286.mp3,1
males\sample-054289.mp3,1
males\sample-054290.mp3,1
males\sample-054292.mp3,1
males\sample-054295.mp3,1
males\sample-054298.mp3,1
males\sample-054299.mp3,1
males\sample-054300.mp3,1
males\sample-054301.mp3,1
males\sample-054302.mp3,1
males\sample-054303.mp3,1
males\sample-054304.mp3,1
males\sample-054305.mp3,1
males\sample-054306.mp3,1
males\sample-054307.mp3,1
males\sample-054309.mp3,1
males\sample-054311.mp3,1
males\sample-054312.mp3,1
males\sample-054318.mp3,1
males\sample-054322.mp3,1
males\sample-054323.mp3,1
males\sample-054324.mp3,1
males\sample-054330.mp3,1
males\sample-054331.mp3,1
males\sample-054339.mp3,1
males\sample-054343.mp3,1
males\sample-054344.mp3,1
males\sample-054347.mp3,1
males\sample-054356.mp3,1
males\sample-054361.mp3,1
males\sample-054367.mp3,1
males\sample-054376.mp3,1
males\sample-054380.mp3,1
males\sample-054383.mp3,1
males\sample-054384.mp3,1
males\sample-054389.mp3,1
males\sample-054391.mp3,1
males\sample-054392.mp3,1
males\sample-054395.mp3,1
males\sample-054396.mp3,1
males\sample-054400.mp3,1
males\sample-054401.mp3,1
males\sample-054402.mp3,1
males\sample-054405.mp3,1
males\sample-054410.mp3,1
males\sample-054412.mp3,1
males\sample-054417.mp3,1
males\sample-054422.mp3,1
males\sample-054423.mp3,1
males\sample-054425.mp3,1
males\sample-054426.mp3,1
males\sample-054431.mp3,1
males\sample-054436.mp3,1
males\sample-054443.mp3,1
males\sample-054444.mp3,1
males\sample-054445.mp3,1
males\sample-054449.mp3,1
males\sample-054450.mp3,1
males\sample-054457.mp3,1
males\sample-054459.mp3,1
males\sample-054467.mp3,1
males\sample-054469.mp3,1
males\sample-054471.mp3,1
males\sample-054475.mp3,1
males\sample-054476.mp3,1
males\sample-054478.mp3,1
males\sample-054479.mp3,1
males\sample-054480.mp3,1
males\sample-054484.mp3,1
males\sample-054490.mp3,1
males\sample-054492.mp3,1
males\sample-054498.mp3,1
males\sample-054504.mp3,1
males\sample-054505.mp3,1
males\sample-054506.mp3,1
males\sample-054518.mp3,1
males\sample-054521.mp3,1
males\sample-054524.mp3,1
males\sample-054525.mp3,1
males\sample-054527.mp3,1
males\sample-054533.mp3,1
males\sample-054536.mp3,1
males\sample-054538.mp3,1
males\sample-054541.mp3,1
males\sample-054542.mp3,1
males\sample-054546.mp3,1
males\sample-054551.mp3,1
males\sample-054554.mp3,1
males\sample-054555.mp3,1
males\sample-054558.mp3,1
males\sample-054559.mp3,1
males\sample-054561.mp3,1
males\sample-054567.mp3,1
males\sample-054568.mp3,1
males\sample-054575.mp3,1
males\sample-054576.mp3,1
males\sample-054578.mp3,1
males\sample-054579.mp3,1
males\sample-054589.mp3,1
males\sample-054593.mp3,1
males\sample-054597.mp3,1
males\sample-054602.mp3,1
males\sample-054606.mp3,1
males\sample-054607.mp3,1
males\sample-054609.mp3,1
males\sample-054612.mp3,1
males\sample-054620.mp3,1
males\sample-054622.mp3,1
males\sample-054625.mp3,1
males\sample-054627.mp3,1
males\sample-054635.mp3,1
males\sample-054636.mp3,1
males\sample-054637.mp3,1
males\sample-054643.mp3,1
males\sample-054649.mp3,1
males\sample-054653.mp3,1
males\sample-054654.mp3,1
males\sample-054658.mp3,1
males\sample-054660.mp3,1
males\sample-054665.mp3,1
males\sample-054668.mp3,1
males\sample-054670.mp3,1
males\sample-054675.mp3,1
males\sample-054676.mp3,1
males\sample-054680.mp3,1
males\sample-054682.mp3,1
males\sample-054684.mp3,1
males\sample-054687.mp3,1
males\sample-054690.mp3,1
males\sample-054691.mp3,1
males\sample-054698.mp3,1
males\sample-054702.mp3,1
males\sample-054703.mp3,1
males\sample-054713.mp3,1
males\sample-054716.mp3,1
males\sample-054729.mp3,1
males\sample-054737.mp3,1
males\sample-054738.mp3,1
males\sample-054739.mp3,1
males\sample-054744.mp3,1
males\sample-054747.mp3,1
males\sample-054749.mp3,1
males\sample-054751.mp3,1
males\sample-054753.mp3,1
males\sample-054758.mp3,1
males\sample-054761.mp3,1
males\sample-054767.mp3,1
males\sample-054773.mp3,1
males\sample-054774.mp3,1
males\sample-054776.mp3,1
males\sample-054779.mp3,1
males\sample-054781.mp3,1
males\sample-054782.mp3,1
males\sample-054785.mp3,1
males\sample-054788.mp3,1
males\sample-054793.mp3,1
males\sample-054794.mp3,1
males\sample-054795.mp3,1
males\sample-054797.mp3,1
males\sample-054798.mp3,1
males\sample-054801.mp3,1
males\sample-054805.mp3,1
males\sample-054806.mp3,1
males\sample-054808.mp3,1
males\sample-054815.mp3,1
males\sample-054816.mp3,1
males\sample-054817.mp3,1
males\sample-054823.mp3,1
males\sample-054824.mp3,1
males\sample-054825.mp3,1
males\sample-054831.mp3,1
males\sample-054832.mp3,1
males\sample-054833.mp3,1
males\sample-054835.mp3,1
males\sample-054836.mp3,1
males\sample-054837.mp3,1
males\sample-054838.mp3,1
males\sample-054840.mp3,1
males\sample-054841.mp3,1
males\sample-054846.mp3,1
males\sample-054850.mp3,1
males\sample-054851.mp3,1
males\sample-054854.mp3,1
males\sample-054856.mp3,1
males\sample-054857.mp3,1
males\sample-054860.mp3,1
males\sample-054861.mp3,1
males\sample-054865.mp3,1
males\sample-054871.mp3,1
males\sample-054873.mp3,1
males\sample-054874.mp3,1
males\sample-054875.mp3,1
males\sample-054877.mp3,1
males\sample-054879.mp3,1
males\sample-054882.mp3,1
males\sample-054887.mp3,1
males\sample-054889.mp3,1
males\sample-054893.mp3,1
males\sample-054894.mp3,1
males\sample-054895.mp3,1
males\sample-054896.mp3,1
males\sample-054899.mp3,1
males\sample-054900.mp3,1
males\sample-054906.mp3,1
males\sample-054908.mp3,1
males\sample-054911.mp3,1
males\sample-054913.mp3,1
males\sample-054915.mp3,1
males\sample-054919.mp3,1
males\sample-054920.mp3,1
males\sample-054922.mp3,1
males\sample-054923.mp3,1
males\sample-054925.mp3,1
males\sample-054926.mp3,1
males\sample-054929.mp3,1
males\sample-054930.mp3,1
males\sample-054933.mp3,1
males\sample-054942.mp3,1
males\sample-054944.mp3,1
males\sample-054946.mp3,1
males\sample-054953.mp3,1
males\sample-054955.mp3,1
males\sample-054965.mp3,1
males\sample-054969.mp3,1
males\sample-054972.mp3,1
males\sample-054974.mp3,1
males\sample-054976.mp3,1
males\sample-054982.mp3,1
males\sample-054984.mp3,1
males\sample-054987.mp3,1
males\sample-054989.mp3,1
males\sample-054997.mp3,1
males\sample-054998.mp3,1
males\sample-054999.mp3,1
males\sample-055003.mp3,1
males\sample-055004.mp3,1
males\sample-055006.mp3,1
males\sample-055011.mp3,1
males\sample-055012.mp3,1
males\sample-055018.mp3,1
males\sample-055020.mp3,1
males\sample-055021.mp3,1
males\sample-055024.mp3,1
males\sample-055031.mp3,1
males\sample-055032.mp3,1
males\sample-055035.mp3,1
males\sample-055036.mp3,1
males\sample-055037.mp3,1
males\sample-055038.mp3,1
males\sample-055039.mp3,1
males\sample-055043.mp3,1
males\sample-055046.mp3,1
males\sample-055048.mp3,1
males\sample-055049.mp3,1
males\sample-055050.mp3,1
males\sample-055057.mp3,1
males\sample-055059.mp3,1
males\sample-055060.mp3,1
males\sample-055063.mp3,1
males\sample-055065.mp3,1
males\sample-055067.mp3,1
males\sample-055068.mp3,1
males\sample-055073.mp3,1
males\sample-055079.mp3,1
males\sample-055083.mp3,1
males\sample-055087.mp3,1
males\sample-055090.mp3,1
males\sample-055091.mp3,1
males\sample-055094.mp3,1
males\sample-055095.mp3,1
males\sample-055096.mp3,1
males\sample-055098.mp3,1
males\sample-055099.mp3,1
males\sample-055104.mp3,1
males\sample-055106.mp3,1
males\sample-055110.mp3,1
males\sample-055111.mp3,1
males\sample-055115.mp3,1
males\sample-055116.mp3,1
males\sample-055117.mp3,1
males\sample-055124.mp3,1
males\sample-055129.mp3,1
males\sample-055136.mp3,1
males\sample-055137.mp3,1
males\sample-055139.mp3,1
males\sample-055140.mp3,1
males\sample-055147.mp3,1
males\sample-055151.mp3,1
males\sample-055152.mp3,1
males\sample-055154.mp3,1
males\sample-055155.mp3,1
males\sample-055156.mp3,1
males\sample-055158.mp3,1
males\sample-055161.mp3,1
males\sample-055165.mp3,1
males\sample-055167.mp3,1
males\sample-055169.mp3,1
males\sample-055171.mp3,1
males\sample-055178.mp3,1
males\sample-055179.mp3,1
males\sample-055181.mp3,1
males\sample-055183.mp3,1
males\sample-055184.mp3,1
males\sample-055190.mp3,1
males\sample-055198.mp3,1
males\sample-055202.mp3,1
males\sample-055204.mp3,1
males\sample-055206.mp3,1
males\sample-055208.mp3,1
males\sample-055213.mp3,1
males\sample-055214.mp3,1
males\sample-055217.mp3,1
males\sample-055219.mp3,1
males\sample-055220.mp3,1
males\sample-055222.mp3,1
males\sample-055227.mp3,1
males\sample-055228.mp3,1
males\sample-055229.mp3,1
males\sample-055230.mp3,1
males\sample-055231.mp3,1
males\sample-055233.mp3,1
males\sample-055235.mp3,1
males\sample-055242.mp3,1
males\sample-055245.mp3,1
males\sample-055258.mp3,1
males\sample-055259.mp3,1
males\sample-055264.mp3,1
males\sample-055266.mp3,1
males\sample-055268.mp3,1
males\sample-055271.mp3,1
males\sample-055272.mp3,1
males\sample-055274.mp3,1
males\sample-055282.mp3,1
males\sample-055286.mp3,1
males\sample-055288.mp3,1
males\sample-055293.mp3,1
males\sample-055294.mp3,1
males\sample-055296.mp3,1
males\sample-055300.mp3,1
males\sample-055303.mp3,1
males\sample-055304.mp3,1
males\sample-055305.mp3,1
males\sample-055306.mp3,1
males\sample-055307.mp3,1
males\sample-055310.mp3,1
males\sample-055312.mp3,1
males\sample-055313.mp3,1
males\sample-055314.mp3,1
males\sample-055316.mp3,1
males\sample-055317.mp3,1
males\sample-055318.mp3,1
males\sample-055320.mp3,1
males\sample-055321.mp3,1
males\sample-055322.mp3,1
males\sample-055323.mp3,1
males\sample-055331.mp3,1
males\sample-055335.mp3,1
males\sample-055348.mp3,1
males\sample-055352.mp3,1
males\sample-055355.mp3,1
males\sample-055361.mp3,1
males\sample-055365.mp3,1
males\sample-055371.mp3,1
males\sample-055372.mp3,1
males\sample-055377.mp3,1
males\sample-055381.mp3,1
males\sample-055385.mp3,1
males\sample-055389.mp3,1
males\sample-055395.mp3,1
males\sample-055396.mp3,1
males\sample-055400.mp3,1
males\sample-055402.mp3,1
males\sample-055403.mp3,1
males\sample-055404.mp3,1
males\sample-055405.mp3,1
males\sample-055406.mp3,1
males\sample-055407.mp3,1
males\sample-055410.mp3,1
males\sample-055414.mp3,1
males\sample-055415.mp3,1
males\sample-055419.mp3,1
males\sample-055421.mp3,1
males\sample-055422.mp3,1
males\sample-055424.mp3,1
males\sample-055425.mp3,1
males\sample-055427.mp3,1
males\sample-055428.mp3,1
males\sample-055429.mp3,1
males\sample-055431.mp3,1
males\sample-055437.mp3,1
males\sample-055440.mp3,1
males\sample-055447.mp3,1
males\sample-055449.mp3,1
males\sample-055451.mp3,1
males\sample-055455.mp3,1
males\sample-055458.mp3,1
males\sample-055465.mp3,1
males\sample-055466.mp3,1
males\sample-055468.mp3,1
males\sample-055473.mp3,1
males\sample-055476.mp3,1
males\sample-055477.mp3,1
males\sample-055481.mp3,1
males\sample-055483.mp3,1
males\sample-055488.mp3,1
males\sample-055491.mp3,1
males\sample-055497.mp3,1
males\sample-055500.mp3,1
males\sample-055502.mp3,1
males\sample-055516.mp3,1
males\sample-055518.mp3,1
males\sample-055519.mp3,1
males\sample-055525.mp3,1
males\sample-055526.mp3,1
males\sample-055527.mp3,1
males\sample-055540.mp3,1
males\sample-055541.mp3,1
males\sample-055544.mp3,1
males\sample-055552.mp3,1
males\sample-055556.mp3,1
males\sample-055562.mp3,1
males\sample-055565.mp3,1
males\sample-055568.mp3,1
males\sample-055569.mp3,1
males\sample-055570.mp3,1
males\sample-055571.mp3,1
males\sample-055573.mp3,1
males\sample-055577.mp3,1
males\sample-055580.mp3,1
males\sample-055582.mp3,1
males\sample-055584.mp3,1
males\sample-055589.mp3,1
males\sample-055591.mp3,1
males\sample-055592.mp3,1
males\sample-055599.mp3,1
males\sample-055601.mp3,1
males\sample-055604.mp3,1
males\sample-055613.mp3,1
males\sample-055614.mp3,1
males\sample-055616.mp3,1
males\sample-055621.mp3,1
males\sample-055629.mp3,1
males\sample-055632.mp3,1
males\sample-055634.mp3,1
males\sample-055635.mp3,1
males\sample-055636.mp3,1
males\sample-055637.mp3,1
males\sample-055639.mp3,1
males\sample-055642.mp3,1
males\sample-055648.mp3,1
males\sample-055650.mp3,1
males\sample-055652.mp3,1
males\sample-055656.mp3,1
males\sample-055657.mp3,1
males\sample-055662.mp3,1
males\sample-055663.mp3,1
males\sample-055665.mp3,1
males\sample-055668.mp3,1
males\sample-055669.mp3,1
males\sample-055670.mp3,1
males\sample-055673.mp3,1
males\sample-055679.mp3,1
males\sample-055683.mp3,1
males\sample-055684.mp3,1
males\sample-055687.mp3,1
males\sample-055689.mp3,1
males\sample-055692.mp3,1
males\sample-055694.mp3,1
males\sample-055696.mp3,1
males\sample-055697.mp3,1
males\sample-055699.mp3,1
males\sample-055705.mp3,1
males\sample-055707.mp3,1
males\sample-055708.mp3,1
males\sample-055709.mp3,1
males\sample-055710.mp3,1
males\sample-055711.mp3,1
males\sample-055712.mp3,1
males\sample-055719.mp3,1
males\sample-055721.mp3,1
males\sample-055722.mp3,1
males\sample-055723.mp3,1
males\sample-055734.mp3,1
males\sample-055738.mp3,1
males\sample-055739.mp3,1
males\sample-055740.mp3,1
males\sample-055748.mp3,1
males\sample-055753.mp3,1
males\sample-055755.mp3,1
males\sample-055756.mp3,1
males\sample-055758.mp3,1
males\sample-055761.mp3,1
males\sample-055762.mp3,1
males\sample-055763.mp3,1
males\sample-055769.mp3,1
males\sample-055773.mp3,1
males\sample-055776.mp3,1
males\sample-055777.mp3,1
males\sample-055785.mp3,1
males\sample-055786.mp3,1
males\sample-055793.mp3,1
males\sample-055794.mp3,1
males\sample-055796.mp3,1
males\sample-055803.mp3,1
males\sample-055804.mp3,1
males\sample-055811.mp3,1
males\sample-055812.mp3,1
males\sample-055817.mp3,1
males\sample-055824.mp3,1
males\sample-055826.mp3,1
males\sample-055827.mp3,1
males\sample-055830.mp3,1
males\sample-055833.mp3,1
males\sample-055835.mp3,1
males\sample-055839.mp3,1
males\sample-055843.mp3,1
males\sample-055846.mp3,1
males\sample-055847.mp3,1
males\sample-055851.mp3,1
males\sample-055852.mp3,1
males\sample-055862.mp3,1
males\sample-055863.mp3,1
males\sample-055865.mp3,1
males\sample-055869.mp3,1
males\sample-055870.mp3,1
males\sample-055873.mp3,1
males\sample-055875.mp3,1
males\sample-055876.mp3,1
males\sample-055878.mp3,1
males\sample-055879.mp3,1
males\sample-055888.mp3,1
males\sample-055891.mp3,1
males\sample-055892.mp3,1
males\sample-055893.mp3,1
males\sample-055894.mp3,1
males\sample-055899.mp3,1
males\sample-055900.mp3,1
males\sample-055901.mp3,1
males\sample-055902.mp3,1
males\sample-055903.mp3,1
males\sample-055907.mp3,1
males\sample-055912.mp3,1
males\sample-055913.mp3,1
males\sample-055915.mp3,1
males\sample-055916.mp3,1
males\sample-055917.mp3,1
males\sample-055924.mp3,1
males\sample-055927.mp3,1
males\sample-055930.mp3,1
males\sample-055938.mp3,1
males\sample-055940.mp3,1
males\sample-055941.mp3,1
males\sample-055944.mp3,1
males\sample-055945.mp3,1
males\sample-055947.mp3,1
males\sample-055949.mp3,1
males\sample-055950.mp3,1
males\sample-055951.mp3,1
males\sample-055952.mp3,1
males\sample-055954.mp3,1
males\sample-055958.mp3,1
males\sample-055960.mp3,1
males\sample-055975.mp3,1
males\sample-055979.mp3,1
males\sample-055993.mp3,1
males\sample-055994.mp3,1
males\sample-055995.mp3,1
males\sample-056001.mp3,1
males\sample-056003.mp3,1
males\sample-056004.mp3,1
males\sample-056008.mp3,1
males\sample-056012.mp3,1
males\sample-056014.mp3,1
males\sample-056016.mp3,1
males\sample-056017.mp3,1
males\sample-056020.mp3,1
males\sample-056021.mp3,1
males\sample-056022.mp3,1
males\sample-056028.mp3,1
males\sample-056031.mp3,1
males\sample-056036.mp3,1
males\sample-056037.mp3,1
males\sample-056041.mp3,1
males\sample-056042.mp3,1
males\sample-056044.mp3,1
males\sample-056049.mp3,1
males\sample-056053.mp3,1
males\sample-056058.mp3,1
males\sample-056068.mp3,1
males\sample-056069.mp3,1
males\sample-056073.mp3,1
males\sample-056074.mp3,1
males\sample-056079.mp3,1
males\sample-056080.mp3,1
males\sample-056085.mp3,1
males\sample-056087.mp3,1
males\sample-056088.mp3,1
males\sample-056095.mp3,1
males\sample-056100.mp3,1
males\sample-056101.mp3,1
males\sample-056108.mp3,1
males\sample-056109.mp3,1
males\sample-056111.mp3,1
males\sample-056113.mp3,1
males\sample-056116.mp3,1
males\sample-056117.mp3,1
males\sample-056119.mp3,1
males\sample-056120.mp3,1
males\sample-056125.mp3,1
males\sample-056127.mp3,1
males\sample-056129.mp3,1
males\sample-056134.mp3,1
males\sample-056136.mp3,1
males\sample-056138.mp3,1
males\sample-056140.mp3,1
males\sample-056143.mp3,1
males\sample-056144.mp3,1
males\sample-056146.mp3,1
males\sample-056152.mp3,1
males\sample-056153.mp3,1
males\sample-056154.mp3,1
males\sample-056156.mp3,1
males\sample-056160.mp3,1
males\sample-056161.mp3,1
males\sample-056163.mp3,1
males\sample-056174.mp3,1
males\sample-056178.mp3,1
males\sample-056180.mp3,1
males\sample-056181.mp3,1
males\sample-056185.mp3,1
males\sample-056186.mp3,1
males\sample-056193.mp3,1
males\sample-056195.mp3,1
males\sample-056196.mp3,1
males\sample-056198.mp3,1
males\sample-056202.mp3,1
males\sample-056204.mp3,1
males\sample-056206.mp3,1
males\sample-056207.mp3,1
males\sample-056214.mp3,1
males\sample-056216.mp3,1
males\sample-056220.mp3,1
males\sample-056222.mp3,1
males\sample-056228.mp3,1
males\sample-056229.mp3,1
males\sample-056231.mp3,1
males\sample-056239.mp3,1
males\sample-056240.mp3,1
males\sample-056241.mp3,1
males\sample-056243.mp3,1
males\sample-056246.mp3,1
males\sample-056247.mp3,1
males\sample-056251.mp3,1
males\sample-056252.mp3,1
males\sample-056253.mp3,1
males\sample-056261.mp3,1
males\sample-056267.mp3,1
males\sample-056268.mp3,1
males\sample-056269.mp3,1
males\sample-056277.mp3,1
males\sample-056278.mp3,1
males\sample-056282.mp3,1
males\sample-056290.mp3,1
males\sample-056293.mp3,1
males\sample-056294.mp3,1
males\sample-056297.mp3,1
males\sample-056300.mp3,1
males\sample-056303.mp3,1
males\sample-056311.mp3,1
males\sample-056314.mp3,1
males\sample-056320.mp3,1
males\sample-056322.mp3,1
males\sample-056323.mp3,1
males\sample-056328.mp3,1
males\sample-056329.mp3,1
males\sample-056330.mp3,1
males\sample-056331.mp3,1
males\sample-056332.mp3,1
males\sample-056341.mp3,1
males\sample-056342.mp3,1
males\sample-056345.mp3,1
males\sample-056347.mp3,1
males\sample-056348.mp3,1
males\sample-056349.mp3,1
males\sample-056358.mp3,1
males\sample-056359.mp3,1
males\sample-056361.mp3,1
males\sample-056363.mp3,1
males\sample-056366.mp3,1
males\sample-056371.mp3,1
males\sample-056372.mp3,1
males\sample-056377.mp3,1
